"ردیف","واژه یا عبارت (اسپانیایی)","ترجمه‌های فارسی","دسته‌بندی","توضیحات و یادداشت","شناسه واژه"
"1","hola","سلام","مکالمه روزمره","واژهٔ نمونهٔ اولیه FlashLearn","411923f7-38a2-47ea-bbeb-aa101e76a086"
"2","Cabello","مو","بدن و پزشکی","","ccb4332a-d714-4a0d-a3b2-e691e8e23be7"
"3","Cabeza","سر","بدن و پزشکی","","c01da3c2-64d0-49b1-bf16-9d8da5178f99"
"4","Dedo","انگشت","بدن و پزشکی","","921e3fba-ad9d-4c29-8d5d-f1348e1677db"
"5","Dorso","پشت دست ، پشت بدن","بدن و پزشکی","","230a8611-fd29-4a84-9631-af917a270267"
"6","Encía","لثه","بدن و پزشکی","","8da1d1b7-8002-4c5f-a8a6-4bd30e230179"
"7","Esqueleto","اسکلت ، استخوان‌بندی","بدن و پزشکی","","0e24a507-bc9e-4801-b79f-4a4394bf23d1"
"8","Fosa nasal","سوراخ بینی ، حفره بینی","بدن و پزشکی","","efa780a9-808a-4891-95a4-e143cb7feedf"
"9","Lengua","زبان","بدن و پزشکی","","2942df5a-7a96-4227-b5cb-1063250e7883"
"10","Mano","دست","بدن و پزشکی","","ae015ba3-54bf-4953-af96-bff3672ed6e5"
"11","Muela","دندان آسیاب","بدن و پزشکی","","44c0828b-9474-46e9-9088-0175b23fd7b8"
"12","Muslo","ران","بدن و پزشکی","","fedbef9b-4406-4e1e-8776-c9eea97b5fc4"
"13","Nudillo","مفصل انگشت ، قوزک انگشت","بدن و پزشکی","","7b6ebb04-2534-4093-aefb-7412dad5613c"
"14","Pabellón auricular","لاله گوش","بدن و پزشکی","","e3a905cd-750f-40ed-8e78-7f124ea96a5f"
"15","Palma","کف دست","بدن و پزشکی","","e4d56974-6bc8-43cb-b56e-1759653f4ec2"
"16","Pantorrilla","ساق پا ، ماهیچه پشت پا","بدن و پزشکی","","94d697c3-e282-498d-aeae-bbcd9afbb0a3"
"17","Pantorrillas","ساق‌های پا","بدن و پزشکی","","43ddff0a-1894-42e1-a6d1-27d353c4ee0c"
"18","Pelo","مو","بدن و پزشکی","","ae73a733-d36b-4300-96a4-b62683b29d49"
"19","Párpado","پلک","بدن و پزشکی","","b9a5d0a5-21fa-4383-8600-c5d5b0f2c97b"
"20","Sangre","خون","بدن و پزشکی","","571f18a0-8acb-4540-8339-f4495f4980b6"
"21","Torso","تنه ، بالاتنه","بدن و پزشکی","","51331e39-e652-41db-8d0a-3c26da85e0fc"
"22","Uña","ناخن","بدن و پزشکی","","f1a28f91-de51-4681-9320-8ae00836ab2b"
"23","Vena","رگ ، سیاهرگ","بدن و پزشکی","","0ee455b6-90f3-4e05-b638-71c42be7d24e"
"24","Barba","ریش ، چانه","بدن و پزشکی","","8da9aace-bed8-41fa-a193-81c0a49a2037"
"25","Barriga","شکم","بدن و پزشکی","","f0c4b01c-d3d3-4c03-b980-d67165a0e20f"
"26","Bronquio","ناژک ، برنش","بدن و پزشکی","","535efc51-77c8-4347-a732-b28f385227d7"
"27","Calavera","جمجمه","بدن و پزشکی","","4b433b14-4f8b-404b-984f-0055eea43897"
"28","Canas","موهای سفید ، موهای خاکستری","بدن و پزشکی","","2d23d6d0-2209-45d8-81ca-9861621a056a"
"29","Corazón","قلب","بدن و پزشکی","","c9211b7d-0be8-4761-b33c-7c36a80d48ae"
"30","Cuádriceps","عضله چهارسر ران","بدن و پزشکی","","f4928019-4406-46bf-b665-573f03368c9b"
"31","Deltoides","عضله دلتوئید ، عضله سرشانه","بدن و پزشکی","","b60ca544-e3d4-43cb-9bd0-4eb6d6c925ab"
"32","Disco intervertebral","دیسک بین مهره‌ای","بدن و پزشکی","","af64dd93-5eb9-4acf-9268-d0b7b8b42f7f"
"33","Flequillo","چتری مو","بدن و پزشکی","","aa3171d3-efcc-45bc-809e-a3dc4f77cb0a"
"34","Frenillo","بند زبان ، بند لب","بدن و پزشکی","","f870eecd-c78b-4a9e-8de0-67a2f70cd551"
"35","Glóbulo rojo","گلبول قرمز","بدن و پزشکی","","a24c56c5-c4b7-4c14-9feb-c4067290ad83"
"36","Juanete","انحراف شست پا ، بنیون","بدن و پزشکی","","6fd707f2-264f-4763-b87b-4292aeeb9d7d"
"37","Ligamento cruzado","رباط صلیبی","بدن و پزشکی","","0dec9297-2c6b-4ff6-8c62-348c86ebd1e1"
"38","Lóbulo","لاله گوش ، لوب","بدن و پزشکی","","9cd18f51-5261-4f8e-b2ee-e79e771f8b5e"
"39","Masa muscular","توده عضلانی","بدن و پزشکی","","ffd035dc-9a4d-459f-bc65-7dc6ce8a650f"
"40","Meñique","انگشت کوچک","بدن و پزشکی","","219d4298-baca-4945-b6e1-13e76092f358"
"41","Moflete","گونه تپل ، لپ","بدن و پزشکی","","1d43c95c-ad3b-483c-aab9-7543097f45ec"
"42","Moño","موهای گوجه‌ای ، گل سر","بدن و پزشکی","","f2f5b521-61e7-40fd-b17d-ca62ce0ac8f3"
"43","Neurona","سلول عصبی ، نورون","بدن و پزشکی","","94ebe3bc-8115-42e6-a9e4-20a8947fefb4"
"44","Paladar","سقف دهان ، کام","بدن و پزشکی","","6db8fd7d-604c-4c03-b0bd-64d79de24a0b"
"45","Pecas","کک و مک","بدن و پزشکی","","1a0d4627-3381-418f-8b07-e0f1eceaa30f"
"46","Pelirrojo","مو قرمز","بدن و پزشکی","","2327806d-de0a-4d25-af6e-6c71ad4fed77"
"47","Pelo lacio","موی صاف ، موی لخت","بدن و پزشکی","","cf04cf73-b401-4c61-b43e-3854cec9be15"
"48","Pelo rizado","موی فر ، موی مجعد","بدن و پزشکی","","909ba33d-b0b7-42bb-8641-f124708379b4"
"49","Rótula","کشکک زانو","بدن و پزشکی","","65f8c46b-726f-4f78-8c1b-ffcc43204c7e"
"50","Tabique","تیغه بینی","بدن و پزشکی","","eb9f3981-90d8-43a9-96c1-9bc958a9b350"
"51","Tímpano","پرده گوش","بدن و پزشکی","","e59067ef-f126-475f-a6fe-ca8f54ea90f9"
"52","Vesícula biliar","کیسه صفرا","بدن و پزشکی","","dceeb99c-4d6e-429e-9653-f4bd41247662"
"53","Análisis","آزمایش ، تحلیل","بدن و پزشکی","","53221a54-7340-445b-88d9-475f06982e24"
"54","Antibiótico","آنتی‌بیوتیک ، پادزیست","بدن و پزشکی","","47dbfda8-ff20-43db-b9f8-95a1ce4b5362"
"55","Antihistamínico","آنتی‌هیستامین ، ضد حساسیت","بدن و پزشکی","","6bb0f644-5d78-4129-a6de-4546f1a7dd29"
"56","Antiséptico","ضدعفونی‌کننده","بدن و پزشکی","","a6ffbc63-8dca-4987-af86-88a18e3705e7"
"57","Antiácido","ضد اسید معده","بدن و پزشکی","","5b922005-1577-4a2c-9a81-4d47238c4bc8"
"58","Cesárea","سزارین","بدن و پزشکی","","dc2c13f5-7b39-4fc6-810e-306b9de5e43e"
"59","Cirrosis","سیروز کبدی","بدن و پزشکی","","c352a33a-f99b-440a-9818-fcc978145c35"
"60","Clínica","درمانگاه ، کلینیک","بدن و پزشکی","","bd9fe19b-15ae-4216-95a6-d6212d94ba02"
"61","Debe guardar reposo","باید استراحت کنید ، باید استراحت مطلق داشته باشید","بدن و پزشکی","","7545853d-d5d2-4181-b573-c7650c20ed6b"
"62","Diagnóstico","تشخیص پزشکی","بدن و پزشکی","","6deeb186-b942-4de5-9043-5fab89b4fa5e"
"63","Donar sangre","اهدا کردن خون ، اهدای خون","بدن و پزشکی","","aef915bc-8e71-4ec6-b610-5d2b66e151d9"
"64","Embarazo","بارداری ، باردار بودن","بدن و پزشکی","","290272f6-b7ec-486b-bf4a-7c3372ccda27"
"65","Emergencias","اورژانس ، فوریت‌های پزشکی","بدن و پزشکی","","0bb19d78-fbe3-4ce9-bacf-91ea36dc38cf"
"66","Esguince","پیچ‌خوردگی ، رگ‌به‌رگ شدگی","بدن و پزشکی","","f3f141bb-f43f-496f-b5ee-abd27623339d"
"67","Faringitis","التهاب گلو ، فارنژیت","بدن و پزشکی","","668ba754-a7a5-43a0-b658-226ff1aa5d77"
"68","Gastritis","ورم معده ، گاستریت","بدن و پزشکی","","04e4a5c9-b0aa-4e2c-8e9d-2185e2b2768b"
"69","Hepatitis","هپاتیت ، التهاب کبد","بدن و پزشکی","","35234f1e-d6fc-4980-b228-6c80641744cf"
"70","Hospital","بیمارستان","بدن و پزشکی","","82c0f93c-3847-4c74-b0a0-165a29c0c34a"
"71","Infección","عفونت","بدن و پزشکی","","daf7fac4-7535-4afe-b7df-32a2de509c29"
"72","Inyección","تزریق ، آمپول ، سیستم انژکتور","بدن و پزشکی","","cea439e2-0376-4c3a-b5d1-a2c1336deecf"
"73","Liposucción","لیپوساکشن ، چربی‌کشی","بدن و پزشکی","","c5a15a99-8332-4e41-819b-3088aa375908"
"74","Marcapasos","باتری قلب ، ضربان‌ساز","بدن و پزشکی","","093b3e9c-9516-4e1b-8d5d-876027267ac4"
"75","Osteoporosis","پوکی استخوان","بدن و پزشکی","","6fd216ae-910e-4fb6-8ccc-357a0033277b"
"76","Paciente","بیمار ، مریض","بدن و پزشکی","","fc4a9424-1996-45e5-ba35-d57d5bd108c6"
"77","Pastilla","قرص","بدن و پزشکی","","588e1de5-0333-4441-8328-f1022a29fcb9"
"78","Prótesis","پروتز ، عضو مصنوعی","بدن و پزشکی","","9d221b0f-5fd4-47b1-b508-f05afc136ad3"
"79","Quirófano","اتاق عمل","بدن و پزشکی","","2633268a-d8d7-47f6-938b-0560a26f75cd"
"80","Receta","نسخه پزشکی","بدن و پزشکی","","541bc901-5502-46dd-94cf-764cbdfb33aa"
"81","Salud","سلامتی ، تندرستی","بدن و پزشکی","","cc63ac4f-2923-4704-a39e-6912aa2f5c37"
"82","Sangre nasal","خون‌دماغ ، خونریزی بینی","بدن و پزشکی","","2a509bad-94b6-4093-9660-3a3bf7bb5951"
"83","Tengo alergia","حساسیت دارم ، آلرژی دارم","بدن و پزشکی","","c14767e7-0219-4ef7-b9e4-cb08c054aa9f"
"84","Tengo congestión nasal","کیپ بودن بینی دارم ، احتقان بینی دارم","بدن و پزشکی","","7786c1e9-72d4-4416-86ee-9a0bb23cba5d"
"85","Tengo gripe","آنفولانزا دارم","بدن و پزشکی","","f6be5e99-faf4-43c1-a899-9d60d580179b"
"86","Tengo tos","سرفه می‌کنم ، سرفه دارم","بدن و پزشکی","","178687ef-5f36-47a0-b45e-a6f534a5b13a"
"87","Tengo tos seca","سرفه خشک دارم","بدن و پزشکی","","c9b1f829-6709-4269-a748-cb5b9e765f7a"
"88","Tengo vómitos","استفراغ دارم ، حالت تهوع و استفراغ دارم","بدن و پزشکی","","da90dda4-214e-4051-b5d8-5cde9213f933"
"89","Úlcera","زخم ، زخم معده","بدن و پزشکی","","ccd1588c-41a3-4880-8689-58c06c3d98c7"
"90","Uña encarnada","ناخن فرو رفته در گوشت","بدن و پزشکی","","25991e8e-9e36-411d-a56b-3b825435a4a6"
"91","Me duele la cabeza","سرم درد می‌کند","بدن و پزشکی","","ec18249c-01b0-4d6d-9909-b0430a28cdf8"
"92","Tengo dolor de cabeza","سردرد دارم","بدن و پزشکی","","47ab1e6d-02e1-4ab3-b959-36b2ee059eb8"
"93","Me duele la garganta","گلوم درد می‌کند","بدن و پزشکی","","f41dcbb0-4c92-4e99-aa1e-484ac8d80f9b"
"94","Me duele la espalda","پشتم درد می‌کند ، کمرم درد می‌کند","بدن و پزشکی","","ec546960-5c17-47f3-af08-c35a4f875078"
"95","Tengo dolor de espalda","کمردرد دارم","بدن و پزشکی","","650bd46c-3997-423f-8347-fe82cdc3e499"
"96","Me duele la mano","دستم درد می‌کند","بدن و پزشکی","","8de9f3ae-d138-4320-8855-f1b06583155f"
"97","Me duele la rodilla","زانوم درد می‌کند","بدن و پزشکی","","82c86ac6-05ca-4345-94d0-04a77ecb64b7"
"98","Me duelen las piernas","پاهایم درد می‌کنند","بدن و پزشکی","","e9e2c1d9-c315-41c2-8f1e-aa0ebc6e1a78"
"99","Me duelen los músculos","عضلاتم درد می‌کنند ، ماهیچه‌هایم درد می‌کنند","بدن و پزشکی","","f9524144-c9e5-4e6e-b0ca-6cc4f55ad38d"
"100","Me duelen los pies.","پاهایم (از مچ به پایین) درد می‌کنند","بدن و پزشکی","","a13fcf2c-e461-459f-8be5-6785b6c96001"
"101","me duele el brazo","بازویم درد می‌کند ، دستم درد می‌کند","بدن و پزشکی","","2d3a45a3-35d8-44e5-bce8-fc5159e9df90"
"102","me duele el estómago","معده‌ام درد می‌کند ، شکمم درد می‌کند","بدن و پزشکی","","cfe6fc80-da46-43ce-8ffe-2dc779658d93"
"103","Tengo dolor de estómago","معده‌درد دارم ، دل‌درد دارم","بدن و پزشکی","","cac622ff-135d-4027-8dd0-d078e8eb57d4"
"104","Me duele el pecho","سینه‌ام درد می‌کند","بدن و پزشکی","","d4eb1241-b266-43c4-bea7-26adc9e18d5f"
"105","Me duelen los oídos","گوش‌هایم درد می‌کنند","بدن و پزشکی","","f4cea01c-0088-4031-8174-704610eea4ba"
"106","Me duele aquí.","اینجا درد می‌کند ، اینجام درد می‌کند","بدن و پزشکی","","54fa2fe1-4ea9-48ac-bd79-b71df48ea3ca"
"107","Me duele mucho","خیلی درد می‌کند","بدن و پزشکی","","7d9382a2-926f-4120-8966-bb6352cadf82"
"108","Me duele todo.","همه جای بدنم درد می‌کند","بدن و پزشکی","","0309f432-d929-48b4-8862-c1357c44fb36"
"109","Me cuesta respirar.","تنفس برایم سخت است ، نفس کشیدن برایم دشوار است","بدن و پزشکی","","52575e8f-228b-4cf4-9192-19c88d7fc8e2"
"110","No puedo respirar bien","نمی‌توانم خوب نفس بکشم","بدن و پزشکی","","5757225d-2e1e-443b-9c31-a36abd362ae4"
"111","Tengo tos con flemas","سرفه خلط‌دار دارم","بدن و پزشکی","","2e38aab4-479c-46b3-9bc8-a9537c29fc15"
"112","Estoy resfriado","سرما خورده‌ام (مرد)","بدن و پزشکی","","a0e8b732-7695-477e-aa21-a682b7f6f934"
"113","Estoy resfriada.","سرما خورده‌ام (زن)","بدن و پزشکی","","38a1b38e-d58e-4b06-9ff4-e55d470f3558"
"114","He cogido un resfriado","سرما خورده‌ام","بدن و پزشکی","","eb2ecc8e-a905-4324-87e3-005bbda7b93f"
"115","He cogido frío","چایدم ، سرما خورده‌ام","بدن و پزشکی","","11b7b3fb-8cb1-44a1-bb7a-e4cab9ccf29b"
"116","Estoy mareado","سرگیجه دارم (مرد) ، حالم به هم می‌خورد","بدن و پزشکی","","d274e0b1-9348-454f-995d-9fb6f0591d3d"
"117","es que me mareo","آخه سرگیجه می‌گیرم ، حالم بد می‌شود","بدن و پزشکی","","f89a0512-d68a-4f98-b2c0-e5bb265dcfc3"
"118","Me pica la piel.","پوستم خارش دارد ، پوستم می‌خارد","بدن و پزشکی","","3b7e4b48-9822-4fc0-9501-5d5bf3d0ec68"
"119","Tengo una erupción.","ضایعه پوستی دارم ، جوش پوستی زده‌ام","بدن و پزشکی","","123395ec-acb1-4736-af2e-056fe76fe5b2"
"120","las agujetas","کوفتگی عضلانی (بعد از ورزش) ، عضلات‌سوزی","بدن و پزشکی","","40353bb0-37c8-4e17-bdcd-8b869c892672"
"121","tengo muchas agujetas","عضلاتم خیلی گرفته است ، کوفتگی شدید عضلانی دارم","بدن و پزشکی","","d9cbe24a-6c31-4cbc-97ea-8ee63630ad5e"
"122","Tengo diarrea","اسهال دارم","بدن و پزشکی","","64327bec-184c-4699-bc9d-1e1a4955d8fb"
"123","Tengo escalofríos","تب و لرز دارم ، لرز دارم","بدن و پزشکی","","feee117c-9f6a-42c1-a1ac-9b3e501d77a5"
"124","Tengo insomnio.","بی‌خوابی دارم","بدن و پزشکی","","fa3bcb4e-73e4-439a-9f4f-6a25cfd28dc7"
"125","No puedo dormir.","نمی‌توانم بخوابم","بدن و پزشکی","","0e6a2ba6-3d71-43e6-8eab-8e9324b17fba"
"126","No duermo bien.","خوب نمی‌خوابم","بدن و پزشکی","","38765cd5-b73e-41bd-875b-56ab941965ca"
"127","Tengo malestar estomacal","ناراحتی معده دارم ، معده‌ام به هم ریخته است","بدن و پزشکی","","31fd6a6e-3e3f-40a7-9a73-34c8c1045c0f"
"128","Tengo mocos.","آبریزش بینی دارم ، مخاط بینی دارم","بدن و پزشکی","","883eed34-4e85-409d-8001-ce91ac748790"
"129","Tengo moqueo","آبریزش بینی دارم","بدن و پزشکی","","a0ca8732-6e51-4ca8-8bd8-b3e84deaced7"
"130","Tengo náuseas","حالت تهوع دارم","بدن و پزشکی","","b98a1e9d-0197-4d88-8ccd-a992a1ec92d1"
"131","la ansiedad","اضطراب ، استرس","بدن و پزشکی","","6f910c37-ddc8-4e1f-8ed6-796719a7b72a"
"132","la depresión","افسردگی","بدن و پزشکی","","a817c920-a6d4-4273-8963-42eb63152d5b"
"133","estoy deprimido","افسرده هستم","بدن و پزشکی","","b01e67f5-7b8d-404e-abb8-b82652f9b8d5"
"134","Me encuentro fatal.","حالم بسیار بد است ، احساس افتضاحی دارم","بدن و پزشکی","","2312cfdc-d589-4341-9259-7c7597326e87"
"135","Me siento fatal.","احساس خیلی بدی دارم ، حالم افتضاح است","بدن و پزشکی","","6aa54386-4320-46fc-ade1-6ad4d421dfe8"
"136","Me siento mal.","حالم بد است","بدن و پزشکی","","a1c5e6f5-4976-4ad0-869d-a4ce5d0a4d68"
"137","No me encuentro bien","حالم خوب نیست","بدن و پزشکی","","bed36233-a6a6-4a9b-baf6-e9d92235fe9a"
"138","No me siento bien","احساس خوبی ندارم ، حالم خوب نیست","بدن و پزشکی","","c28b78b3-105a-45be-9902-78b55a0f94cf"
"139","Llevo unos días fatal","چند روز است که حالم خیلی بد است ، چند روزی است که حالم بسیار بد است","بدن و پزشکی","","1af2fa03-f4cf-427f-84ed-fb1dd790f66c"
"140","Estoy fatal","حالم خیلی بد است","بدن و پزشکی","","e3642d9b-f1b2-4ab5-8ba1-ef7a76e3445f"
"141","!No respira!","نفس نمی‌کشد!","بدن و پزشکی","","4c181d03-2dc7-4b39-870f-550e91c27423"
"142","Tengo cita a las","در ساعت... وقت ملاقات ، وقت دکتر دارم ، ساعت ... وقت دارم","بدن و پزشکی","","a8f0195c-5e1b-41f6-9021-58856f7994c1"
"143","Buenos días. ¿Su nombre?","روز بخیر. نام شما چیست؟","بدن و پزشکی","","394599a0-4c9f-4f05-96e7-1c99e498be46"
"144","Voy a medirle","می‌خواهم اندازه‌گیری کنم (قد ، وزن ، فشار خون شما را)","بدن و پزشکی","","ebe19ca8-6845-4d86-8f50-e360b668a823"
"145","Respire profundamente, por favor","لطفاً نفس عمیق بکشید","بدن و پزشکی","","84e3e2ef-3c42-4c78-bbec-dfcde483197b"
"146","túmbese en la camilla","روی تخت تختخواب ، برانکارد دراز بکشید","بدن و پزشکی","","73e00ac1-3ee4-432b-9fc1-3c9c350203b5"
"147","hace efecto","تأثیر می‌گذارد ، اثر می‌کند","بدن و پزشکی","","d551ac29-c7b7-4e24-96c5-ddf003d013a7"
"148","Necesito esta receta","به این نسخه نیاز دارم","بدن و پزشکی","","81deff93-9ef7-4b2f-a2f6-c3c82eb74467"
"149","Quisiera una segunda opinión","نظر دوم یک پزشک دیگر را می‌خواهم","بدن و پزشکی","","0901f921-195e-41ca-a814-1b66b8edf9fc"
"150","Necesito una baja.","به مرخصی استعلاجی نیاز دارم ، به مرخصی استعلاجی نیاز دارم.","بدن و پزشکی","","99393cfa-ff11-42ef-a569-fc385c32d477"
"151","Un reconocimiento médico general","معاینه کلی پزشکی","بدن و پزشکی","","f405cc9e-d8d0-414f-8230-23c1c28b2343"
"152","Hacerse un chequeo médico","چکاپ پزشکی انجام دادن","بدن و پزشکی","","e88a30b1-e2cf-4af9-b2ac-448433859af3"
"153","Chequeo anual","چکاپ سالانه","بدن و پزشکی","","abe502ca-d968-41d3-a1b9-ded2796eb745"
"154","Una revisión médica","معاینه پزشکی ، چکاپ پزشکی","بدن و پزشکی","","7af9245c-be74-4605-93c0-b74205d5ae0c"
"155","Gracias, doctor","ممنون، آقای دکتر","بدن و پزشکی","","5d5c84a2-2ad6-44bc-816d-198960106acf"
"156","Adiós, doctor.","خداحافظ، آقای دکتر","بدن و پزشکی","","8dcf71a8-4248-4b84-b548-d61ae58e0fbb"
"157","Voy a una farmacia","به داروخانه می‌روم","بدن و پزشکی","","68c3f816-2235-457b-bc95-590238fb63fa"
"158","Soy alérgico al polen","من به گرده گیاهان حساسیت دارم","بدن و پزشکی","","bb6dd532-211f-462b-9e44-d1d17f0ef2f0"
"159","a al polen","به گرده","بدن و پزشکی","","f415676d-5031-44e7-97a7-f5d3d9eaeee2"
"160","ser alérgico","حساسیت داشتن ، آلرژیک بودن","بدن و پزشکی","","cd4430bf-5103-4f42-a097-6041400bf561"
"161","el sistema de salud","سیستم بهداشت و درمان","بدن و پزشکی","","2f45944d-3728-45ef-af78-f3cb3442a139"
"162","el paciente; la paciente","بیمار (مرد) ، بیمار (زن)","بدن و پزشکی","","d1ce8d27-6de1-4d52-99d2-10f453fc1662"
"163","la psiquiatra","روان‌پزشک (زن)","بدن و پزشکی","","c1f53de8-cf3b-4ee4-bf50-49e4040c7bcb"
"164","el psiquiatra","روان‌پزشک (مرد) ، روان‌پزشک","بدن و پزشکی","","923ef6a8-9a13-4e14-bc78-73f23741740a"
"165","terapia","درمان ، تراپی","بدن و پزشکی","","64b11c3e-9dbe-40a3-9cdc-be65b23667cf"
"166","voy a terapia","به درمان ، تراپی می‌روم","بدن و پزشکی","","594f3963-cf94-4ddb-8852-5fc5388c3bf8"
"167","el terapeuta","درمانگر ، تراپیست","بدن و پزشکی","","18007dab-b851-4bfe-b6bd-495b51f24df0"
"168","la lesión","آسیب ، جراحت","بدن و پزشکی","","d84d2579-96c7-4ac9-8691-2a80cf8ae24d"
"169","el ataque al corazón","حمله قلبی","بدن و پزشکی","","55967989-a0f1-4822-8c5f-eb2ce5b26b15"
"170","paro cardíaco","ایست قلبی","بدن و پزشکی","","2e729ef6-e3e6-40b7-840e-5006563ea19d"
"171","válvula cardíaca","دریچه قلب","بدن و پزشکی","","a89343d7-9c71-446c-a916-e3d2e3e297fb"
"172","insuficiencia renal","نارسایی کلیه","بدن و پزشکی","","e6d7aee0-986c-42c2-bfd7-85b9ed94577f"
"173","piedra en el riñón","سنگ کلیه","بدن و پزشکی","","562deb04-ea79-43de-a130-c249e69991f0"
"174","grasa en el hígado","کبد چرب","بدن و پزشکی","","1b24195b-f356-4587-8270-a19d7329bbba"
"175","glóbulo blanco","گلبول سفید","بدن و پزشکی","","cbbbfb38-9ea7-416d-a906-b25e54cf5223"
"176","médula ósea","مغز استخوان","بدن و پزشکی","","60dfc67a-3183-48a6-82c4-e567805877d8"
"177","médula espinal","نخاع","بدن و پزشکی","","f87c505c-404a-40ba-abc1-86ae726c1200"
"178","vértigo","سرگیجه ، دوار","بدن و پزشکی","","6fb3850e-1820-4d07-8945-5f80cc182aca"
"179","test de antígenos","تست آنتی‌ژن","بدن و پزشکی","","04b2db75-51b8-4ff1-9b2c-1bb9387e989f"
"180","gel hidroalcohólico","ژل ضدعفونی‌کننده الکلی ، ژل ضدعفونی‌کننده","بدن و پزشکی","","e947e297-e3c6-4356-95d5-0e416fb82d1a"
"181","la tirita","چسب زخم","بدن و پزشکی","","27b3cea1-0316-4fcf-8fad-b2b08756fbd2"
"182","la compresa","پد بهداشتی ، کمپرس","بدن و پزشکی","","f60fede1-aee0-446b-be7e-884309192701"
"183","las compresas","پدهای بهداشتی","بدن و پزشکی","","c180a1a5-a452-43dc-a57f-5ff701ba4cdf"
"184","los tampones","تامپون‌ها","بدن و پزشکی","","6b1c71fb-14e5-4f23-9643-fa802eaaa648"
"185","tengo que comprar tampones","باید تامپون بخرم","بدن و پزشکی","","08ad820c-b9a3-4cdb-8c26-52a275ad8431"
"186","Dedos de la mano","انگشتان دست","بدن و پزشکی","","3eb14763-1123-4018-a41f-bc67b7f7e060"
"187","contar con los dedos","با انگشتان شمردن","بدن و پزشکی","","f62f6d85-5584-422a-a974-51d92c8dc957"
"188","respirar con los pulmones","با ریه‌ها نفس کشیدن","بدن و پزشکی","","9187b4ac-38c1-477b-a9f6-964c90afdbab"
"189","cavidad torácica","حفره قفسه سینه","بدن و پزشکی","","df5af0c5-d7f6-47e6-9b7b-f627701eb624"
"190","cordón umbilical","بند ناف","بدن و پزشکی","","b5395ce4-7f44-41c1-ba07-0b3c8a0e9f5b"
"191","el vientre","شکم ، رحم","بدن و پزشکی","","e1739588-34e5-4dfe-bcb5-335a73e2b980"
"192","tocar el vientre","لمس کردن شکم","بدن و پزشکی","","afc84dfc-9d4b-476a-8f87-3fa330447f36"
"193","la barriga","شکم","بدن و پزشکی","","d59ae036-122e-4ae8-989d-4a250edd2d0f"
"194","articulación de la cadera","مفصل لگن ، مفصل ران","بدن و پزشکی","","a69cf8d7-0359-474c-ab6f-a679f8fc2897"
"195","levantar los talones","بلند کردن پاشنه‌ها","بدن و پزشکی","","4a8382e3-3754-4f6c-93f4-fa9f56134e92"
"196","pisar sobre los talones","قدم زدن روی پاشنه‌ها","بدن و پزشکی","","4ee5f218-9e86-4b11-a269-8aff3f12ef5e"
"197","grietas en el talón","ترک‌های پاشنه پا","بدن و پزشکی","","40efd278-5321-42c2-9c0b-3d4e7828cb19"
"198","fruncir el ceño","اخم کردن","بدن و پزشکی","","211f8f50-8dc2-48c2-a3c8-c8198c088326"
"199","arruga frontal","چین و چروک پیشانی","بدن و پزشکی","","7c878108-7f4d-4c4a-91bd-391fedf8a33e"
"200","fosa mentoniana","گودی چانه","بدن و پزشکی","","16ea94ed-5555-498c-8fde-cc33af711fa5"
"201","orificio lagrimal","مجرا ، مجاری اشکی","بدن و پزشکی","","819e3add-ffed-47d9-8985-317ddb4a768f"
"202","oído interno","گوش داخلی","بدن و پزشکی","","781f1519-5190-4416-9226-c7caa544c41d"
"203","bálsamo labial","بالم لب","بدن و پزشکی","","fb6fa563-6e07-407c-ae81-a15c55ed2493"
"204","cuerdas vocales","تارهای صوتی","بدن و پزشکی","","833651d6-423f-43d5-a257-43485c1be4fd"
"205","mover la lengua","تکان دادن زبان","بدن و پزشکی","","3d8a4f5d-f5cb-4692-b934-0622c68d8dbd"
"206","lengua geográfica","زبان جغرافیایی","بدن و پزشکی","","d88f1031-9c98-418e-94b8-0503a7c9984a"
"207","sentido del gusto","حاسه چشایی","بدن و پزشکی","","e36506f8-e2f0-436d-93f5-854a506b2f74"
"208","papila gustativa","پرز چشایی","بدن و پزشکی","","3d3fb857-ff35-41da-9456-7f7e4e0f5f9b"
"209","dentadura postiza","دندان مصنوعی","بدن و پزشکی","","fd78a589-8af4-44af-90cf-ac21e46db473"
"210","hemisferio cerebral","نیمکره مغز","بدن و پزشکی","","dc951de2-f8c1-416e-968f-f3b0b66394b9"
"211","vello facial","موی صورت","بدن و پزشکی","","dc816581-3217-47ca-b1ad-f51050cb3b44"
"212","vello de las piernas","موی پاها","بدن و پزشکی","","99b98e1d-54f3-4d27-8a9b-e935e9c85138"
"213","Bici","دوچرخه","حمل و نقل","","c0e358e7-811f-4772-9633-8653ffd0a842"
"214","Bicicleta","دوچرخه","حمل و نقل","۸۰.
۵۵.
۵۵.","7695ff0e-c460-448d-870b-ccfaaa18baec"
"215","Camión","کامیون","حمل و نقل","","aeec78a8-db01-4171-b5d6-a386caee9501"
"216","Canoa","کانو ، قایق باریک","حمل و نقل","","b58bf3f9-908e-47d3-b2d9-1cd7b3bbd39a"
"217","Coche","ماشین ، خودرو","حمل و نقل","۴۱.","dd05521b-74d2-448e-b647-9228a20d6222"
"218","Microbús","مینی‌بوس","حمل و نقل","","cda3e941-2eee-4dda-9f12-b9df7f756092"
"219","Moto","موتورسیکلت","حمل و نقل","۴۰.","3aba2c7d-8746-4dbc-8ecd-16a54b138386"
"220","Tranvía","تراموا ، قطار شهری","حمل و نقل","۴۷.
۱۰.","c1b1f3a1-c6f2-406b-9128-d0fd8d5cff7e"
"221","Trolebús","اتوبوس برقی","حمل و نقل","","2e5676a4-752e-4b0e-a13f-2c03d26ab677"
"222","Vagón","واگن","حمل و نقل","","644883a9-1884-4e0a-aa4e-2df1be706415"
"223","Velero","قایق بادبانی","حمل و نقل","","bfa84f46-dc69-4baf-a546-c7a8e780ef4a"
"224","Yate","قایق تفریحی ، یات","حمل و نقل","","e8a21c75-066e-452f-9905-3b915e6a5ad8"
"225","Acelerador","پدال گاز ، گاز","حمل و نقل","","57fae4bb-885d-4cc9-bd5d-8ea962f69a8a"
"226","Aterrizaje","فرود ، نشستن هواپیما","حمل و نقل","","ce73df07-478d-4ff6-8d9c-5afbc5efcea5"
"227","Atasco","راهبندان ، ترافیک ، گرفتاری ترافیک","حمل و نقل","۵۲.
۵۱.
۵۱.","e709cb17-08da-430b-b3fb-85fb8c60cc7d"
"228","Autopista","بزرگراه ، اتوبان ، بزرگراه (با عوارض)","حمل و نقل","با عوارض
۵۶.
با عوارض
۴۴.
با عوارض
۴۴.
با عوارض
۴۵.","7f8e35e7-a848-4967-918e-b7264a7adf48"
"229","Autovía","بزرگراه دوطرفه ، اتوبان رایگان ، بزرگراه (بدون عوارض) ، بزرگراه","حمل و نقل","بدون عوارض
۵۵.
بدون عوارض
۴۴.
بدون عوارض
۴۳.
بدون عوارض
۴۳.
بدون عوارض
۳.","5b3d28d6-9859-4efb-9302-ddb00a12a69c"
"230","Aumentar la velocidad","افزایش سرعت ، سرعت گرفتن ، افزایش دادن سرعت","حمل و نقل","","a07dc561-dca3-48b8-acd7-b52308e86345"
"231","Cambiar de marcha","تعویض دنده ، دنده عوض کردن ، عوض کردن دنده","حمل و نقل","","cbb03079-0a8f-428f-8679-f832d12c0803"
"232","Ceda el paso","حق تقدم با دیگری است ، حق تقدم را رعایت کنید ، حق تقدم را بدهید ، حق تقدم بده","حمل و نقل","۴۱.
۳۷.
۳۶.
۳۶.","af329066-af29-4293-ae49-8112502bfef6"
"233","Claxon","بوق","حمل و نقل","۶۲.
۳۷.","4f99d7f6-c634-4722-9394-faefd6160ac2"
"234","Colisión","تصادف ، برخورد","حمل و نقل","","af4972a2-88f7-4a2a-b4dd-bf6ad7b25313"
"235","Despegue","برخاستن هواپیما ، تیک‌آف","حمل و نقل","","6c4558eb-d884-476d-8df0-bbca5514ef77"
"236","Desvío","تغییر مسیر ، کنارگذر","حمل و نقل","","2733bb81-fb21-43d7-9050-3fbb5d701770"
"237","Espejo retrovisor","آینه وسط ، آینه عقب‌نما ، آینه‌ی عقب","حمل و نقل","","2c7374c9-6cf3-46db-a585-c85591351675"
"238","Hay atasco","ترافیک است ، راهبندان است","حمل و نقل","","6d42262d-13d6-4812-9b27-d10eee612352"
"239","ITV","معاینه فنی خودرو ، معاینه‌ی فنی خودرو","حمل و نقل","۹۴.","6b0a3865-28ad-4da2-8611-0b7c5f2b6ef9"
"240","Límite de velocidad","محدودیت سرعت","حمل و نقل","۴۴.
۱۴.
۱۴.
۱۴.
۵۴.","d3659eeb-16be-4f73-9e68-5b15205bf171"
"241","Línea discontinua","خط‌چین ، خط منقطع خیابان","حمل و نقل","","49f34e05-2229-495a-91cf-2914724d0a11"
"242","Multa","جریمه","حمل و نقل","","9313bbca-f611-4825-90a8-c816d5a285da"
"243","Reposacabezas","پشت‌سری صندلی ، تکیه‌گاه سر (صندلی) ، تکیه‌گاه سر","حمل و نقل","صندلی
۳۰.","15aa2626-9e22-4fe2-b6f8-4859b938c5f8"
"244","Rotonda","میدان ، میدان دوار","حمل و نقل","مترادف
۴۰.
مترادف
۸۲.
مترادف
۸۲.","e60772db-479d-480a-bc2b-0a6efc847103"
"245","Rueda","چرخ ، لاستیک","حمل و نقل","","590264bb-1acc-4e23-aa00-db498f4e9782"
"246","Seguridad vial","ایمنی جاده‌ای ، ایمنی ترافیک","حمل و نقل","","6cde35ae-a882-4756-a3dc-6cfa7409bdd3"
"247","Señal horizontal","علامت‌گذاری روی آسفالت ، خط‌کشی جاده ، علائم روی سطح جاده","حمل و نقل","","9c423d98-e37d-463b-9119-725c0cd29453"
"248","Señal vertical","تابلوی راهنمایی و رانندگی ، تابلوی عمودی","حمل و نقل","","e7071dd6-087d-4046-b874-455dd771fd8d"
"249","Velocidad máxima","حداکثر سرعت","حمل و نقل","۴۵.
۴.","0042df9d-3344-48c4-9ae5-d1cffc11425c"
"250","Velocidad mínima","حداقل سرعت","حمل و نقل","۴۶.
۵.","ae8c5d5a-3a6f-4389-974e-f8b27d3120f2"
"251","Abrelatas","Abrelatas ، دربازکن قوطی","وسایل خانه","","5b4f0053-f11c-4b51-975c-33a0ec095e4e"
"252","Alacena","کابینت ، گنجه آشپزخانه","وسایل خانه","","867021cb-9ca7-494a-9fd1-f75f87ba5db4"
"253","Bandeja","سینی","وسایل خانه","","e1c5f229-b586-4e20-98a3-eb4fecbffcae"
"254","Bandeja plegable","سینی تاشو","وسایل خانه","","a56252bd-2576-4968-849a-f3100bd6c72d"
"255","Batidora","مخلوط‌کن ، همزن","وسایل خانه","","b00b2839-6f03-4f17-801e-15ee2a53bf7e"
"256","Batidora de mano","همزن دستی ، گوشت‌کوب برقی","وسایل خانه","","d2b7da33-47e4-4b1b-bce9-507cbf539120"
"257","Bayeta","دستمال آشپزخانه ، دستمال گردگیری","وسایل خانه","","32864c11-9ba9-44aa-949a-63890182637a"
"258","Bote de especias","جای ادویه ، ظرف ادویه","وسایل خانه","","91a2b808-96b9-4fda-9f84-4d9356023426"
"259","Cacerola","قابلمه","وسایل خانه","","bb20c323-3b28-4a8e-ac90-975fb13de8d9"
"260","Cafetera","قهوه‌ساز ، قهوه‌جوش","وسایل خانه","","8eae8c16-1b22-453d-937c-eaa873f3a976"
"261","Caja de almuerzo","ظرف غذا ، جعبه ناهار","وسایل خانه","","3fa481e9-c5d6-48e6-8d58-a4d45bfacc34"
"262","Cesta","سبد","وسایل خانه","","ff65cb0e-dc89-4816-b310-f7ea3f8e407b"
"263","Copa","جام ، لیوان پایه‌دار","وسایل خانه","","6bf79673-df11-47e8-b2f4-40583e68d1da"
"264","Cuchillero","جاکاردی ، پایه چاقو","وسایل خانه","","65f967cd-7c8e-413c-bfc0-2ca5728fdb2d"
"265","Cuenco","کاسه ، پیاله","وسایل خانه","","33ce5212-45fa-47cd-8be5-114d373f9567"
"266","Desagüe","چاهک ، محل خروج آب","وسایل خانه","","67ce97ad-4108-46dc-bc8c-b0f2b10eb415"
"267","Despensa","انباری آشپزخانه ، پنتری","وسایل خانه","","e46cb853-f8fa-4fca-bf3a-e59d0ddbcc75"
"268","Detergente","شوینده ، ماده شوینده","وسایل خانه","","4b5b7190-6206-4ef0-9961-e14c975c5da0"
"269","Encimera","کانتر آشپزخانه ، صفحه روی کابینت","وسایل خانه","","88f40d6f-d98e-4ffa-a5dd-d55806b18060"
"270","Escurridor","آبکش ، جاظرفی","وسایل خانه","","03d2c4c6-d68d-4164-94c2-063f22320f7c"
"271","Espátula","کفگیر ، لیسک","وسایل خانه","","94102b51-75ab-4587-bd0b-1f01299427da"
"272","Estropajo","اسکاج ، سیم ظرفشویی","وسایل خانه","","fc0e06d8-3c70-4c26-9091-2dbc4892c49c"
"273","Florero","گلدان","وسایل خانه","","d01e61c8-7516-43e6-854f-fc071e4ff796"
"274","Frigorífico","یخچال","وسایل خانه","","4544385d-2882-454c-8f0b-e5f261bd9277"
"275","Guantes de cocina","دستکش آشپزخانه","وسایل خانه","","6c4a16be-c336-45ed-9f58-490e51d374c1"
"276","Jabón de cocina","مایع ظرفشویی ، صابون آشپزخانه","وسایل خانه","","9ab94c96-0154-48f0-ad2a-3e2a94e4361a"
"277","Jarra","پارچ","وسایل خانه","","33b95eb5-a632-4caf-9b0f-1a186e18f4e5"
"278","Machacador","گوشت‌کوب ، له‌کننده","وسایل خانه","","7f3d7ece-3627-4a9e-a7b4-b7b2acff7439"
"279","Molde para hornear","قالب شیرینی‌پزی ، قالب فر","وسایل خانه","","54e08a35-83a6-474a-919a-9260e91d56b1"
"280","Mortero","هاون","وسایل خانه","","605e96b6-04de-443c-aa07-a0c0ab7c3c40"
"281","Mueble de cocina","کابینت آشپزخانه ، مبل ، اثاثیه آشپزخانه","وسایل خانه","","1be81856-126d-454f-a458-9f30cc6a3541"
"282","Organizador de cubiertos","جاقاشقی ، سازمان‌دهنده قاشق و چنگال","وسایل خانه","","7f649dc1-3371-4ed0-91f5-e04afbfa9bb1"
"283","Paño de cocina","دستمال آشپزخانه ، حوله آشپزخانه","وسایل خانه","","572b5f2c-b5cb-427e-8a9c-9ceabc2ad39b"
"284","Papel de aluminio","فویل آلومینیومی","وسایل خانه","","ba04f1c0-8526-497a-af94-b1cd05514d13"
"285","Papel de hornear","کاغذ روغنی نسوز ، کاغذ فر","وسایل خانه","","a9451ba5-a72a-47fb-ab71-b0d1c7f7980f"
"286","Papel film","سلفون","وسایل خانه","","90f3f3d7-55d8-4772-88b7-c3003a4f7923"
"287","Pelador","پوست‌کن","وسایل خانه","","fe9f857d-02e6-4a01-93c4-60ed26720d81"
"288","Pinzas","انبر ، گیره","وسایل خانه","","4cbe176b-a0d3-4964-a106-6666b4e32a3f"
"289","Rallador","رنده","وسایل خانه","","b7814284-509e-4672-b1e8-f5515f6f4a45"
"290","Recipiente hermético","ظرف دربسته محکم ، ظرف ضدهوا","وسایل خانه","","045d4259-f4c7-48f4-8ed5-21dabb8f68ff"
"291","Robot de cocina","غذاساز","وسایل خانه","","46eb6505-51cc-48a8-a2ac-76f96284d02f"
"292","Rodillo","وردنه","وسایل خانه","","eee1d7c9-2a4f-43d4-b50d-ba8564c26ef3"
"293","Sacacorchos","دربازکن بطری ، چوب‌پنبه‌کش","وسایل خانه","","42d10a83-29de-4cd4-887f-863b865fcd02"
"294","Tabla de cortar","تخته گوشت ، تخته برش","وسایل خانه","","03eca0e8-3669-4618-9fc5-91370a11404d"
"295","Taza","فنجان","وسایل خانه","","2d2730ba-698f-487a-996b-34c712a785fd"
"296","Trapos de cocina","دستمال‌های آشپزخانه","وسایل خانه","","6a859552-05ea-4971-885e-cb12962af697"
"297","Vinagrera","ظرف سرکه ، جاسرکه‌ای","وسایل خانه","","870235b8-3103-40dc-b55f-4f351ec7a964"
"298","Báscula de cocina","ترازو آشپزخانه","وسایل خانه","","753b26c8-c67b-49de-b569-bffbea71e239"
"299","Colador","صافی ، آبکش","وسایل خانه","","b74d9a8d-a9f0-4b58-8a5c-144faaa4f42e"
"300","Tazón","کاسه بزرگ ، پیاله بزرگ","وسایل خانه","","99218eb7-a642-4941-afbe-5487eaa30a9f"
"301","Tenedor","چنگال","وسایل خانه","","53d8b157-f2e5-4c39-8bb3-48a107b1a01e"
"302","Táper","ظرف نگهدارنده غذا ، ظرف پلاستیکی دردار","وسایل خانه","","85fc3041-9de3-4b00-a9bb-675ae9a2e42e"
"303","Vajilla","ظروف غذاخوری ، سرویس غذاخوری","وسایل خانه","","cc36216d-12de-410c-ba15-c568eca641e3"
"304","Alfombra","فرش ، قالیچه","وسایل خانه","","d36b148b-5754-4851-bebb-d29b20a97ec9"
"305","Balcón","بالکن ، ایوان","وسایل خانه","","e4038787-c881-4fd8-b061-f567b89718d0"
"306","Butaca","مبل تک‌نفره ، صندلی راحتی","وسایل خانه","","0c6f6de2-d39d-4494-9fb3-597cb99bef14"
"307","Cerradura","قفل","وسایل خانه","","b10ecfb8-af8b-4f72-8c02-053998a9a576"
"308","Dormitorio","اتاق خواب","وسایل خانه","","cf3422fd-888e-400a-ae26-d1dbd2f7dc19"
"309","Edificio","ساختمان ، آپارتمان","وسایل خانه","","747afde0-7b5f-45cc-9fa8-af767793c1cd"
"310","Espejo","آینه","وسایل خانه","","f106e45c-dcab-47c6-9537-9e451f7e2eb1"
"311","Garaje","پارکینگ ، گاراژ","وسایل خانه","","56015461-a8fb-4cb1-8ddb-064309024128"
"312","Lavadero","رخت‌شوی‌خانه ، محل شستشو","وسایل خانه","","bef364b9-ccf8-4910-84f2-db3b40f8a7ca"
"313","Mesita baja","میز جلو مبلی ، میز عسلی","وسایل خانه","","6e061a9b-5739-4a8a-ad14-776d10727e7e"
"314","Pasillo","راهرو","وسایل خانه","","465d6a7d-9f11-4c2b-821f-1c0c1fc2a00c"
"315","Perchero","جالاسی ، چوب‌لباسی","وسایل خانه","","645e3359-e424-419b-8004-9aa112e1bdbe"
"316","Persiana","کرکره","وسایل خانه","","74e0ae33-0676-4e9b-94c4-b6bcebd7e511"
"317","Piso","طبقه ، آپارتمان","وسایل خانه","","0fd4a069-b6dd-45d9-a8a1-be4712da09f3"
"318","Silla","صندلی","وسایل خانه","","d8e15f5a-5415-442b-b3cc-c68eaeae4c4c"
"319","Terraza","تراس ، بهارخواب","وسایل خانه","","4118711f-5cdc-45f6-968f-a07051462a2d"
"320","Timbre","زنگ در","وسایل خانه","","0e6a723e-6d5c-42e0-9d7d-646374561100"
"321","Trona","صندلی غذاخوری کودک","وسایل خانه","","fb260104-60ed-4c85-9188-f6dade8445f6"
"322","Almacén","انبار","وسایل خانه","","01eea477-23e0-41d6-b8c9-823544403a31"
"323","Estante","قفسه ، طبقه","وسایل خانه","","46cc0e85-0c7d-4755-8334-d504e533906f"
"324","Sótano","زیرزمین","وسایل خانه","","931323c8-90c7-43b5-b085-158da3b6e4b2"
"325","Ático","پشت‌بام ، پنت‌هاوس","وسایل خانه","","9de780a5-df6d-4548-a87e-7f844af24d70"
"326","Cómoda","دراور","وسایل خانه","","bc3e788a-156e-450d-95ad-c6a7d0c98f7b"
"327","Sillones","مبل‌های راحتی ، صندلی‌های راحتی","وسایل خانه","","be56e337-2048-413a-ac19-a2e7a1ac300e"
"328","Sillas","صندلی‌ها","وسایل خانه","","434e2e91-cdf8-48c6-9612-cd24acc9b9ed"
"329","Calefacción","سیستم گرمایشی ، شوفاژ","وسایل خانه","","62ffb937-55d7-4872-839d-b1b901b2625f"
"330","Batería","باتری","وسایل خانه","","186a8aa9-0684-4312-9254-94ea9ae6f7da"
"331","Enchufe","پریز برق ، دوشاخه","وسایل خانه","","18f56e46-7ef2-4369-8ff2-562725d03292"
"332","Estufa","بخاری","وسایل خانه","","9a86f8f7-117b-426f-b9e0-1f50efc8c7e6"
"333","Limpiador","تمیزکننده ، پاک‌کننده","وسایل خانه","","66d3f451-72ce-4714-a216-415b485d84d2"
"334","Manta","پتو","وسایل خانه","","7e4bfa55-9a5a-41df-af22-1d84694713c5"
"335","Lámpara","چراغ ، لامپ","وسایل خانه","","94b4afd9-c830-4886-8d34-eb9c2e72faac"
"336","Toalla","حوله","وسایل خانه","","704a4144-37cb-4ea5-9adb-b4e9a90173b5"
"337","Váter","توالت ، دستشویی","وسایل خانه","","dfb4de05-12b3-4ac4-b2e9-a7b768da5d41"
"338","Bautizo","غسل تعمید","خانواده","","3558e2c7-5d99-471d-bfcf-441fa7c113e0"
"339","Anciano","پیرمرد ، سالمند","خانواده","","9312f469-2488-4e70-b09d-6725fe2ce48d"
"340","Apellido de casada","نام خانوادگی پس از ازدواج (نام خانوادگی همسر)","خانواده","","3dc68393-4572-467e-bbbc-1a1870c948f6"
"341","Boda","عروسی","خانواده","","f12fb094-51e6-4b73-8312-cae61f9c943f"
"342","Cónyuge","همسر","خانواده","","b482fe41-df25-4805-9696-fadf10be88cc"
"343","Descendiente","نواده ، فرزند","خانواده","","be90e9ff-094f-40cd-88cf-0fd19245c6a9"
"344","Doble apellido","نام خانوادگی دوگانه","خانواده","","2db0d2bd-18a1-4171-ae38-198c35343893"
"345","Genealogía","نسب‌شناسی ، تبارشناسی","خانواده","","9af974c0-62e0-4092-a25c-405aa75895cb"
"346","Hija","دختر (فرزند)","خانواده","","d6941b75-423f-4871-b5b1-71767944d47b"
"347","Hija adoptiva","دخترخوانده","خانواده","","0fa1ea98-3a02-4222-8a66-e4309b5e1cc1"
"348","Hijo","پسر (فرزند)","خانواده","","6fcf1621-b7de-4cad-96f0-8ac31b279b09"
"349","Hijo adoptivo","پسرخوانده","خانواده","","744817cf-3b34-452d-b09d-cbe82ae8ed5d"
"350","Hijo pródigo","فرزند ناخلف (یا فراری بازگشته)","خانواده","","44b9db10-f05b-48ff-b525-21012fa077f8"
"351","Madrastra","نامادری","خانواده","","4a49fb78-328e-446a-bd96-7e8187d3ffdd"
"352","Marido","شوهر","خانواده","","f8011fe0-a813-4209-b862-f3efd661db6f"
"353","Matriarca","مادرِ خانواده ، سالار خانواده (زن)","خانواده","","2a95c794-c605-4a88-99cd-c893131528e5"
"354","Mellizo no idéntico","دوقلوی ناهمسان","خانواده","","0f975dd0-5bf3-4f76-8e9c-9e06175bf4de"
"355","Mi hija","دختر من","خانواده","","739f808c-93ec-4b0e-a6de-5caa40754d05"
"356","Mi marido dijo","شوهرم گفت","خانواده","","65c7283b-69a0-4e7e-a41b-0f49c391b14b"
"357","Nacimiento","تولد","خانواده","","9f32c515-f90b-4a84-a7ee-235482e92c9b"
"358","Nieta","نوه (دختر)","خانواده","","5e120564-f447-438a-9241-6fd560f79125"
"359","Nieto","نوه (پسر)","خانواده","","4320c4ff-7de3-4e1a-b580-386c920df234"
"360","Niño mimado","کودک نازپرورده ، کودک لوس","خانواده","","524ce748-831b-4742-a096-1534061e0235"
"361","Padrastro","ناپدری","خانواده","","cc11f094-bc05-4b75-99c9-0a68010969e0"
"362","Pareja","پارتنر ، زوج","خانواده","","a272a5f8-01e3-49c5-a266-c61c3d1718ee"
"363","Patriarca","پدرِ خانواده ، بزرگ خاندان","خانواده","","81d9b16a-07bc-474a-a0d4-5805a008b223"
"364","Prima","دخترعمو ، دخترعمه ، دختردایی ، دخترخاله ، حق بیمه","خانواده","","9c318fd9-c80c-4fd4-8fd7-ce46a836eae0"
"365","Primo","پسرعمو ، پسرعمه ، پسردایی ، پسرخاله","خانواده","","ddf5e6e9-c241-4cec-8cab-d1ff4a5c3596"
"366","Primos","پسرعموها ، دخترعموها (عموزاده‌ها ، عمه‌زاده‌ها ، دایی‌زاده‌ها ، خاله‌زاده‌ها)","خانواده","","5925254b-d57c-4169-b500-fdc66fff4062"
"367","Recién nacido","نوزاد تازه متولد شده","خانواده","","3c568040-7e23-4cea-8003-c32c90fa8e98"
"368","Relación de pareja","رابطه عاطفی ، زوجین","خانواده","","522c1ac4-40d9-4b58-9e9c-f3a662b11b89"
"369","Relación tío-sobrino","رابطه عمو ، دایی با برادرزاده ، خواهرزاده","خانواده","","deecbbc9-22c4-4eaf-9f02-fc6f470b5812"
"370","Sobrina","برادرزاده (دختر) ، خواهرزاده (دختر)","خانواده","","bd2f0d5c-c80d-4c45-a8fa-9ce524351c2e"
"371","Sobrino","برادرزاده (پسر) ، خواهرزاده (پسر)","خانواده","","ff684999-fb97-4676-965d-b095445e1413"
"372","Tía","عمه ، خاله","خانواده","","755c2f57-0bf5-4b32-a77e-74b4fd327866"
"373","Tío","عمو ، دایی","خانواده","","755ea71b-4d2d-442a-bca1-693c5c794450"
"374","Viuda","بیوه (زن)","خانواده","","158f25fd-ec94-49c7-9c54-afe8eabeb0a1"
"375","Viudo","بیوه (مرد)","خانواده","","d1abdcb8-b957-440c-8b0b-8647f86caf6f"
"376","Abolengo","اصالت ، تبار و نسب","خانواده","","359f0197-b697-46e9-8bb7-73e6621250e8"
"377","Adopción","فرزندخواندگی ، پذیرش فرزند","خانواده","","970316b9-037c-4d63-aaa4-25cd76d1917a"
"378","Antepasado","نیا ، جد","خانواده","","118fa993-4944-42de-8911-cb7a022e4739"
"379","Consuegros","پدرزن و مادرزن ، پدرشوهر و مادرشوهر نسبت به هم (پدر و مادر زن و شوهر)","خانواده","","690a6898-d319-446a-8b4f-30e3a0be2565"
"380","Gemelos","دوقلوهای همسان","خانواده","","4317c435-b18e-41ea-889b-ba190744cf9f"
"381","Hermanos","برادران ، خواهر و برادرها","خانواده","","4b1a5cb2-9220-4d3d-9e3e-f6ed75ffca95"
"382","Padrinos","والدین تعمیدی (پدر خوانده و مادر خوانده تعمیدی)","خانواده","","2629712c-391e-4911-802a-1ba930b77865"
"383","Sobrino favorito","برادرزاده ، خواهرزاده محبوب","خانواده","","e1a6877e-65eb-4480-83ad-feaee5c55342"
"384","Tío carnal","عمو ، دایی خونی (واقعی)","خانواده","","7e30f162-1612-4bf5-8e54-78b5e16adcf2"
"385","Tío favorito","عمو ، دایی محبوب","خانواده","","dc23831b-7dea-4df2-9f9a-fa2491689dde"
"386","Tío político","شوهرعمه ، شوهرخاله","خانواده","","06d829ff-d1e3-4d99-928c-d13cb691c5e5"
"387","Afectuoso","باپشتکار و با محبت ، مهربان","خانواده","","99c8149e-7404-4b1a-9773-202276216990"
"388","Alegría","شادی ، خوشحالی","خانواده","","bd0f11d0-7045-422c-b45d-6dec4846c80b"
"389","Amargado","تلخ‌کام ، بَدعنق","خانواده","","740969bb-b20c-4d77-88e6-898b83bf6a1d"
"390","Amor","عشق","خانواده","","3579f0bc-e289-4af1-b407-214436d5bb26"
"391","Amigo","دوست","خانواده","","9c42fb68-b382-4f7c-908f-f25d987b78d6"
"392","Amistad","دوستی","خانواده","","c405960f-cb10-4ae2-b769-294dae6b7061"
"393","Amorío","رابطه عاشقانه زودگذر ، عشق کوتاه","خانواده","","89078586-42dd-4912-8cef-176883a7a442"
"394","Aniversario de bodas","سالگرد ازدواج","خانواده","","a8704ee0-66e4-4121-aa25-8a4da7684f30"
"395","Ansioso","مضطرب ، بی‌قرار","خانواده","","e00c3c5c-2d58-49f0-9826-39a46802527f"
"396","Atento","ملاحظه‌کار ، باادب و حواس‌جمع","خانواده","","508cb0db-38b5-4086-9e36-97aadea4f918"
"397","Cariñoso","با‌محبت ، دلسوز","خانواده","","b19c9678-999a-4d09-a632-2053c707b4ab"
"398","Celoso","حسود","خانواده","","88fba68d-2f3f-4cc0-9ca1-62c125edbd34"
"399","Compasivo","با‌دلسوزی ، دلسوز","خانواده","","6f8a4cad-be3e-4138-b2e2-917d16d24fa4"
"400","Comprensivo","بادرک ، فهمیده","خانواده","","9da0fade-c84e-46ad-aa3e-8a7de31ca050"
"401","Confiable","قابل اعتماد","خانواده","","b9bc907e-e6f4-449d-84ac-35ee4741cbb9"
"402","Constante","استوار ، ثابت‌قدم","خانواده","","dde194f7-e8ee-4754-96cb-2b074c35a5c1"
"403","Enamorado","عاشق","خانواده","","3cf5f8a3-39c9-44d4-8b22-031f6510e773"
"404","Envidia","حسادت","خانواده","","93f66ca0-8e4c-4413-b2a9-c76aac473e79"
"405","Fidelidad","وفاداری","خانواده","","00e87fb8-654c-47e1-b224-77b9ced7ff61"
"406","Infidelidad","خیانت ، بی‌وفایی","خانواده","","b62b2bad-c275-414c-bfb4-09fb62ba9fe9"
"407","Leal","وفادار","خانواده","","b257ef79-bb18-417c-9c24-b7463ac541c6"
"408","Reconciliación","آشتی ، سازش","خانواده","","c910e463-62a4-4a94-963e-18ebffa6b149"
"409","Separación","جدایی","خانواده","","51801689-f83e-47b7-b0cd-36a3512d9700"
"410","Soltero","مجرد","خانواده","","4eec4b24-37a5-47e4-84ba-2005f7d6ae46"
"411","Triste","غمگین","خانواده","","35d35962-651d-4fe8-a3ba-91c91467acac"
"412","la familia","خانواده","خانواده","","ac064aab-7ce8-401f-8aa7-3f97fdc33be6"
"413","¿Y la familia?","خانواده چطورند؟","خانواده","","2ff21936-70b3-499e-bb94-250af5562148"
"414","Hablo con mi familia.","با خانواده‌ام صحبت می‌کنم.","خانواده","","d5ac63ff-0ec5-4f28-a4fd-583b1fb32ef6"
"415","háblame de tu familia","از خانواده‌ات برام بگو","خانواده","","945e3bac-5266-457e-8655-48a2052fb78e"
"416","mi familia es muy religiosa","خانواده من بسیار مذهبی است","خانواده","","16018fa4-5e2d-466b-88ff-04455473e503"
"417","Mi familia está en el hotel.","خانواده‌ام در هتل هستند.","خانواده","","bfe86f46-72c7-46cc-8e7b-a27944a6a5f5"
"418","Quiero avisar a mi familia.","می‌خواهم به خانواده‌ام خبر دهم.","خانواده","","84955cf4-867c-48ad-98ab-f898d73e9f3f"
"419","Sopló las cuarenta velas con la ayuda de todos los niños y pidió salud para su familia","او با کمک همه بچه‌ها چهل شمع را فوت کرد و برای خانواده‌اش سلامتی خواست","خانواده","","eac08b8e-33d6-4905-a312-fec95da45aa7"
"420","La familia siempre es el principal apoyo en los momentos difíciles como una enfermedad o una pérdida","خانواده همیشه اصلی‌ترین تکیه‌گاه در لحظات سخت مانند بیماری یا از دست دادن یک عزیز است","خانواده","","b40ea13f-6616-4361-993e-1f88f99ce74f"
"421","amar a su madre","مادر خود را دوست داشتن","خانواده","","39f59aeb-ad48-4e29-9347-7a4fc6f32b2c"
"422","cocinar con su madre","با مادر خود آشپزی کردن","خانواده","","5e776e57-a757-47c5-bd25-93745992d7fe"
"423","cuidar de su madre","از مادر خود مراقبت کردن","خانواده","","7d2f42d0-ddd8-4a34-ae51-c99c5ce27146"
"424","parecerse a su madre","شبیه مادر خود بودن","خانواده","","2ebcfb55-1b2f-41cb-ad52-d1d4be387ce7"
"425","querer a su padre","پدر خود را دوست داشتن","خانواده","","38f7f303-06e3-46cd-bfea-1f0b56d46742"
"426","su mujer está embarazada","همسرش باردار است","خانواده","","b7b50600-1fcc-41c6-93db-11a1e0e5acb2"
"427","amar a su esposo","شوهر خود را دوست داشتن","خانواده","","837ea9b1-eb2c-4a4b-94b7-d912d6647aa8"
"428","el marido","شوهر","خانواده","","325ac44e-4dc4-459f-9374-93c024bbfd27"
"429","usar el de su marido","استفاده از (نام خانوادگی) شوهر خود","خانواده","","2037f644-8d6e-4196-82f7-8b102dd5f548"
"430","En algunas culturas, la esposa opta por usar el apellido de su marido después de la boda","در برخی فرهنگ‌ها، زن پس از ازدواج تصمیم می‌گیرد از نام خانوادگی شوهرش استفاده کند","خانواده","","1691cd41-592d-4311-a480-7570f8ef6a6b"
"431","Mi esposa y yo llevamos quince años de feliz convivencia y tres hijos maravillosos","من و همسرم پانزده سال است که زندگی مشترک خوشبختی داریم و سه فرزند فوق‌العاده داریم","خانواده","","c2b76ced-ae13-4f6c-a8f9-6f6c27ceef97"
"432","Nuestra hija mayor empieza la universidad este otoño y estamos muy orgullosos","دختر بزرگمان پاییز امسال دانشگاه را شروع می‌کند و ما بسیار افتخار می‌کنیم","خانواده","","09806046-162e-4da7-9dc1-c275e1af16a2"
"433","mi hija quiere ser una estrella del pop","دخترم می‌خواهد ستاره پاپ شود ، دخترم می‌خواهد ستاره موسیقی پاپ شود","خانواده","","c79d053d-40fb-4493-93c4-ca43e04b73b5"
"434","mi hija va a la guardería","دخترم به مهدکودک می‌رود","خانواده","","57ffd005-a603-489f-9b32-6978ad06c7b5"
"435","mi hijo se emborrachó mucho anoche","پسرم دیشب خیلی مست کرد","خانواده","","76d9e5e2-9a48-44f3-af76-d92dca7c5d4b"
"436","mis hijos no necesitan otro videojuego","فرزندانم به بازی ویدئویی دیگری نیاز ندارند","خانواده","","2ae842a2-b034-44de-98ae-51de8cd3474b"
"437","criar a los hijos","تربیت کردن ، بزرگ کردن فرزندان","خانواده","","2d3e4eae-4ef1-4f29-a9d4-6898dfe2b469"
"438","Educación de los hijos","تربیت فرزندان","خانواده","","755f4a76-6864-40c7-81e3-ed7573bc34da"
"439","La educación de los hijos se basa en el respeto y la comunicación desde que son pequeños para que crezcan seguros","تربیت فرزندان از زمان کودکی بر پایه احترام و ارتباط است تا با اعتماد به نفس بزرگ شوند","خانواده","","480a5ff8-acff-4dc8-8b1b-ec5088f42b2d"
"440","jugar con los hijos","بازی کردن با فرزندان","خانواده","","d1d9ed2e-b1d6-491d-9c67-8f41698c8b69"
"441","dar la vida por los hijos","جان خود را برای فرزندان دادن","خانواده","","bf6a5dfa-619c-4307-9977-dd88c4ba1517"
"442","Ser madre soltera no es fácil, pero ella saca adelante a sus tres hijos con mucho esfuerzo y amor","مادر مجرد بودن آسان نیست، اما او با تلاش و عشق فراوان سه فرزندش را بزرگ می‌کند","خانواده","","9c61013d-09dc-4718-bf84-9b8a6ddb4c18"
"443","Mi hermano gemelo y yo tenemos los mismos gustos musicales y vestimos igual","من و برادر دوقلویم سلیقه موسیقی یکسانی داریم و مثل هم لباس می‌پوشیم","خانواده","","51b07a51-6334-4c13-8c0c-6974314227a8"
"444","confundir a los gemelos","دوقلوها را با هم اشتباه گرفتن","خانواده","","6d599460-8099-48c9-937b-709f95814c1b"
"445","distinguir a los mellizos","تشخیص دادن دوقلوهای ناهمسان از یکدیگر","خانواده","","b96cb847-a696-4287-af5f-cc064224f7c4"
"446","Tener gemelos es una bendición, pero también el doble de trabajo y de pañales","داشتن دوقلو یک برکت است، اما کار و پوشک دوبرابر هم دارد","خانواده","","59239ddd-af6b-4bff-b7c0-3eda49c294a9"
"447","pelear con el hermano","دعوا کردن با برادر","خانواده","","7f01bb64-1a3c-4966-9f57-04c9617453ff"
"448","mi hermano estudia en la universidad","برادرم در دانشگاه درس می‌خواند","خانواده","","2cca85ac-d8f4-4196-9fa5-dbe3deff37b2"
"449","Mi hermana está embarazada de siete meses y dará a luz en primavera con epidural","خواهرم هفت ماهه باردار است و بهار با بی‌حسی اپیدورال زایمان خواهد کرد","خانواده","","3f4213a8-7c83-4366-8190-98a6287ba7ea"
"450","Mi hermanastra vino a vivir con nosotros después de que mi madre se casó con su padre","خواهرخوانده‌ام بعد از اینکه مادرم با پدرش ازدواج کرد آمد تا با ما زندگی کند","خانواده","","80d2cb9f-7640-46b2-8626-d143203857e8"
"451","adaptarse a la hermanastra","وفق یافتن با خواهرخوانده","خانواده","","17fbfef1-a6a1-4eb1-860f-e1d087a0d86a"
"452","visitar a los abuelos","دیدار با پدربزرگ و مادربزرگ","خانواده","","c479bf3e-419f-4525-a104-2c66b13187f2"
"453","cuidar de los nietos","مراقبت از نوه‌ها","خانواده","","504ae281-2513-4abe-8411-e24761e97eab"
"454","Los ancianos de la familia son los que más saben sobre nuestras raíces y tradiciones antiguas","سالمندان خانواده کسانی هستند که بیشترین اطلاعات را درباره ریشه‌ها و سنت‌های قدیمی ما دارند","خانواده","","d16d42bc-b856-4f65-b86d-7d4198477194"
"455","La nieta mayor es la preferida del abuelo porque se parece mucho a él en el carácter","نوه دختر بزرگتر، محبوب پدربزرگ است چون اخلاقش بسیار شبیه به اوست","خانواده","","dbf3f01d-17b4-4213-8500-d0adf6775716"
"456","Mi abuela paterna cuenta historias de su juventud en el campo cada vez que vamos a verla","مادربزرگ پدری‌ام هر بار که به دیدنش می‌رویم داستان‌هایی از جوانی‌اش در روستا تعریف می‌کند","خانواده","","f8d3924d-c67e-414e-a929-164fb33f4283"
"457","Mi abuelo quedó viudo a los setenta años y vive con nosotros desde me entonces","پدربزرگم در هفتاد سالگی بیوه شد و از آن زمان با ما زندگی می‌کند","خانواده","","552a1b28-bbce-47dd-b9cf-6b6da9227e7b"
"458","mi abuelo siempre iba a correr por la mañana","پدربزرگم همیشه صبح‌ها به دویدن می‌رفت","خانواده","","45a09cd4-ff48-4326-aefb-a6245a099715"
"459","mis abueles fueron a África cuando eran jóvenes","پدربزرگ و مادربزرگم وقتی جوان بودند به آفریقا رفتند","خانواده","","c0f88c62-1abf-4c3e-a208-f2d4114d2ffa"
"460","mis abuelos todavía van a esquiar","پدربزرگ و مادربزرگم هنوز هم به اسکی می‌روند","خانواده","","a90140fb-6cd9-45f8-a061-5987c0de9ff2"
"461","el sobrino; la sobrina","برادرزاده ، خواهرزاده (پسر) ، خواهرزاده (دختر)","خانواده","","21fe3b77-2125-4e7b-a2a4-c5500d06c613"
"462","cuidar a los sobrinos","مراقبت از خواهرزاده‌ها ، برادرزاده‌ها","خانواده","","315ea66b-4cd5-4965-9906-50ce1b3724fa"
"463","jugar con los sobrinos","بازی کردن با خواهرزاده‌ها ، برادرزاده‌ها","خانواده","","254d5547-fd77-4bfb-8674-3d520471bec5"
"464","Mis sobrinos vienen a casa todos los sábados a almorzar y ver películas","برادرزاده‌ها ، خواهرزاده‌هایم هر شنبه برای ناهار و تماشای فیلم به خانه ما می‌آیند","خانواده","","6bc31652-35e4-48e0-84b4-c6bbacd4a063"
"465","relación de tío a sobrino","رابطه عمو ، دایی با برادرزاده ، خواهرزاده","خانواده","","db50c243-fa4f-419c-8055-ff26aab685ed"
"466","ser el tío favorito","عمو ، دایی محبوب بودن","خانواده","","dc4b4e9c-e274-4e98-b83e-4a4c893f2a08"
"467","Mi tío favorito me llevó a mi primer partido de fútbol y desde entonces somos inseparables","عموی محبوبم مرا به اولین مسابقه فوتبال برد و از آن زمان جدانشدنی هستیم","خانواده","","4d1cdf38-83d2-4d1f-9297-67e0e5888a78"
"468","Mi tío carnal nos llevó a pescar durante las vacaciones de verano en el lago","عموی ، دایی خونی‌ام ما را در طول تعطیلات تابستان برای ماهیگیری به دریاچه برد","خانواده","","df1f24b2-255b-4ab1-b9ea-9a6af3315ef3"
"469","confiar en el primo","اعتماد داشتن به پسرعمو ، پسرخاله ، پسرعمه ، پسردایی","خانواده","","9b8c3e32-a3b4-468a-ba32-4fdbd4f858c7"
"470","jugar con los primos","بازی کردن با بچه‌های عمو ، عمه ، دایی ، خاله","خانواده","","d6a6e191-b4f4-4735-b966-27f9209b6624"
"471","Mis primos hermanos y yo organizamos una reunión familiar cada año en la playa","من و پسرعموهای واقعی‌ام (بچه‌های عمو ، عمه ، دایی ، خاله تنهایی) هر ساله یک دورهمی خانوادگی در ساحل برگزار می‌کنیم","خانواده","","67741adf-55c5-4794-b09a-60dcba6d7d0b"
"472","el suegro; la suegra","پدرزن ، پدرشوهر ، مادرزن ، مادرشوهر","خانواده","","68aaf4a6-4e44-43c8-b523-165330a7bc69"
"473","visitar a los suegros","دیدار با والدین همسر","خانواده","","66874a9c-ff9e-4327-8ba8-8a528c0e5456"
"474","integrarse en la familia política","انس گرفتن ، صمیمی شدن با خانواده همسر","خانواده","","1933326b-cb68-4cde-8ca6-30ab1db0ba64"
"475","La familia política vino de visita y pasamos el fin de semana juntos en la montaña","خانواده همسرم به دیدن ما آمدند و آخر هفته را با هم در کوه گذراندیم","خانواده","","be0c87f6-c34b-49f6-8191-479f8a9dee56"
"476","Mi suegra viene a cenar todos los viernes y siempre trae un postre casero de chocolate","مادرشوهرم ، مادرزنم هر جمعه برای شام می‌آید و همیشه یک دسر شکلاتی خانگی می‌آورد","خانواده","","5c9661b0-de65-4837-a600-e45534321c49"
"477","Mi madre adora a su yerno porque siempre ayuda en la cocina y en la limpieza","مادرم دامادش را بسیار دوست دارد چون همیشه در آشپزی و تمیزکاری کمک می‌کند","خانواده","","e35138b1-cbef-4ffe-b3c8-5458395e63df"
"478","dar la bienvenida al yerno","خوش‌آمد گفتن به داماد","خانواده","","4e9b4157-2dc1-4297-8393-52f7931f26e7"
"479","integrar a la nuera","پذیرفتن ، صمیمی کردن عروس در خانواده","خانواده","","0a8db011-4819-4f0f-a453-12ad68953994"
"480","no soporto a mi cuñado","تحمل برادرشوهرم ، برادرزنم ، شوهرخواهرم را ندارم","خانواده","","4f892bb5-c55a-480a-8f7b-53bccc3cc333"
"481","salir con los cuñados","بیرون رفتن با برادرشوهرها ، برادرزن‌ها ، باجناق‌ها ، شوهرخواهرها","خانواده","","cd58b68e-4b4c-4200-9e8a-933ed9a078ea"
"482","Mis cuñados nos invitaron a su casa de la playa este verano para pasar dos semanas","برادرشوهرم ، برادرزنم ما را تابستان امسال به خانه ساحلی‌شان دعوت کردند تا دو هفته بمانیم","خانواده","","f3c92dd1-f3e2-4405-974a-393239d3b82e"
"483","pariente político","فامیل سببی (فامیل همسر)","خانواده","","9c7d088b-01dc-414d-b44d-ae2758fa91df"
"484","visitar a los afines","دیدار با خویشاوندان سببی","خانواده","","26a6f0e2-55a1-43a7-b8c3-2d9d9a2877fa"
"485","linaje conyugal","اصالت ، نسب همسری","خانواده","","bac6b4a3-99ca-4c40-88d3-6d1a3c17078b"
"486","vínculo filial","پیوند فرزندی","خانواده","","37046cec-ac7f-4ffa-939a-5b46a5830618"
"487","háblame de tu relación","از رابطه‌ات برام بگو","خانواده","","aa9ed9ca-41aa-4d02-8613-f0a733b09d39"
"488","no quiero hablar de mi vida amorosa","نمی‌خواهم درباره زندگی عاطفی‌ام صحبت کنم","خانواده","","609bf4b8-2dab-4fdd-92ea-ba036814c515"
"489","fue amor a primera vista","عشق در نگاه اول بود","خانواده","","b76436b5-06bc-4636-b2d3-4bc8211455a5"
"490","creo que te estás enamorando","فکر کنم داری عاشق می‌شی","خانواده","","e39ac71a-196f-4bc1-9b26-df5b5f189f88"
"491","Mi novio me pidió matrimonio en la cima de la montaña durante un atardecer inolvidable","دوست‌پسرم در قله کوه هنگام یک غروب فراموش‌نشدنی از من خواستگاری کرد","خانواده","","70605b69-bf86-424e-941a-50136f8de4d5"
"492","salir con el novio","بیرون رفتن با دوست‌پسر ، نامزد","خانواده","","67e2cec6-0618-467e-8796-9726679f7533"
"493","su novio me cae muy bien","از دوست‌پسرش خیلی خوشم می‌آید","خانواده","","e8fdaed7-a815-4c68-a1d2-6cda6e5da5d2"
"494","¿puedo traer a mi novio?","می‌توانم دوست‌پسرم را بیاورم؟","خانواده","","9444362b-180c-444e-bec3-48ed9c464e45"
"495","¿debería perdonar a mi novio?","آیا باید دوست‌پسرم را ببخشم؟","خانواده","","7852fbb0-da7b-4375-a7b2-c2be1ece7647"
"496","mi novia toca en un grupo","دوست‌دخترم در یک گروه موزیک می‌نوازد","خانواده","","2e01ad6a-a804-4d7f-b911-7fb2577273e0"
"497","fuimos pareja, pero ya no","ما با هم زوج بودیم، اما دیگر نیستیم","خانواده","","5059c190-f9f3-4ec9-849f-98445e4f34bc"
"498","hacéis muy buena pareja","شما زوج خیلی خوبی می‌شوید","خانواده","","f0a76124-42ce-4b40-82b9-944c22a2e630"
"499","¿por qué lo dejasteis?","چرا تمامش کردید؟ ، چرا از هم جدا شدید؟","خانواده","","106b8296-ef94-43a2-8272-e72ee5dd4b74"
"500","todavía se preocupa por su ex","او هنوز نگران پارتنر سابقش است","خانواده","","b8cc2d39-2fb7-4b41-9d78-437e38ffbdd5"
"501","su ex","پارتنر سابق او","خانواده","","9be07ecf-e12a-4560-b199-009552b41d29"
"502","el ex / la ex","پارتنر سابق (مرد) ، پارتنر سابق (زن)","خانواده","","f4ffc8c3-8a1d-4258-adfc-285ab3f322a9"
"503","La infidelidad rompió la confianza en la pareja y decidieron separarse definitivamente","خیانت اعتماد میان زوج را از بین برد و آن‌ها تصمیم گرفتند برای همیشه از هم جدا شوند","خانواده","","3a19679b-ab8c-45d2-b359-321782c630be"
"504","ser infiel","بی‌وفا بودن ، خیانت کردن","خانواده","","50529072-4660-4b60-beda-614ec303205c"
"505","confianza rota","اعتماد از بین‌رفته","خانواده","","30da7de6-e20a-4085-a8c0-1928e6e97319"
"506","El compromiso duró dos años hasta que encontraron el momento perfecto para casarse","نامزدی دو سال طول کشید تا اینکه زمان مناسبی برای ازدواج پیدا کردند","خانواده","","b1bf94bb-8c4a-463c-9c9c-ab34552ae1e9"
"507","se prometieron","با هم نامزد شدند","خانواده","","f6c96000-6d6d-4f2e-b361-faf094e701fa"
"508","se prometieron después de tres semanas","بعد از سه هفته با هم نامزد شدند","خانواده","","7ca858dd-f2fc-4a43-9e80-0762d9b98d9d"
"509","dar el anillo","حلقه دادن","خانواده","","515b1095-500a-4c64-9e83-6ae263f62a1e"
"510","el anillo","حلقه","خانواده","","d0158ce6-5be1-4504-b694-7d889a218e23"
"511","fecha de la boda","تاریخ عروسی","خانواده","","a8bf9019-0131-44cd-99b2-9022b6ae6e92"
"512","bailar en la boda","رقصیدن در عروسی","خانواده","","a754ba78-b159-4035-8f96-fb05baafca85"
"513","La boda fue en una finca rural con un banquete para doscientos invitados y música en vivo","عروسی در یک عمارت روستایی با پذیرایی از دویست مهمان و موسیقی زنده برگزار شد","خانواده","","44ff4059-cf81-45a9-b6c7-d5b9f7bc948d"
"514","Contraerán matrimonio en la iglesia del pueblo el próximo sábado a las doce del mediodía","آن‌ها شنبه آینده ساعت دوازده ظهر در کلیسای روستا ازدواج خواهند کرد","خانواده","","7a788e77-f869-406b-9f69-26c0136ca31a"
"515","cambiar el apellido al casarse","تغییر نام خانوادگی هنگام ازدواج","خانواده","","a0c67b25-9a1e-4ed9-9d69-5a54c7a536b0"
"516","usar el apellido de casada","استفاده از نام خانوادگی پس از ازدواج ، استفاده از نام خانوادگی همسر (پس از ازدواج)","خانواده","","6dcece20-e3e1-4cfa-96d2-0d20423aaa87"
"517","Celebraron sus bodas de plata con un viaje a Venecia para recordar su luna de miel","آن‌ها بیست‌وپنجمن سالگرد ازدواجشان (عروسی نقره‌ای) را با سفری به ونیز برای یادآوری ماه عسل جشن گرفتند","خانواده","","3562c4fa-e46f-4214-9a7e-9ba84372fce1"
"518","celebrar las bodas de plata","جشن گرفتن بیست‌وپنجمن سالگرد ازدواج","خانواده","","520720ff-f381-422b-bf22-ead5a231e438"
"519","Mis padres celebran sus bodas de oro este año con una gran fiesta familiar y un baile de recuerdo","پدر و مادرم امسال پنجاهمین سالگرد ازدواجشان (عروسی طلایی) را با یک مهمانی بزرگ خانوادگی و رقص خاطره‌انگیز جشن می‌گیرند","خانواده","","2ca0394e-6117-4b09-900b-6c0cdc8ac1a4"
"520","damas de honor","ساقدوش‌های عروس","خانواده","","c46785f9-8ddf-43cc-900b-1af90fcce140"
"521","Mis padrinos de boda nos regalaron un viaje a París y nos acompañaron en el altar","ساقدوش‌های اصلی عروسی ما سفری به پاریس به ما هدیه دادند و ما را تا محراب همراهی کردند","خانواده","","5539ff66-9d31-4fa5-9dc2-d87a639c64f2"
"522","elegir padrinos de agua","انتخاب والدین تعمیدی","خانواده","","11935ce4-70b3-4c9c-acc1-0db8d2e800b7"
"523","El padrino de bautizo regaló una medalla de plata al niño para protegerlo","پدر تعمیدی یک مدال نقره به کودک هدیه داد تا از او محافظت کند","خانواده","","1368d9b1-d522-420e-9804-2dc77b3b0790"
"524","ser responsable del ahijado","مسئول بودن در قبال فرزند تعمیدی","خانواده","","47706e70-edf6-4cf3-b41f-b4ed2d4dd563"
"525","Mi ahijada cumple quince años la semana que viene y le prepararé una fiesta sorpresa","فرزند تعمیدی من هفته آینده ۱۵ ساله می‌شود و من برایش یک مهمانی غافلگیرکننده آماده خواهم کرد","خانواده","","7710f86c-0be1-450e-b567-0825f175ed24"
"526","ceremonia de bautizo","مراسم غسل تعمید","خانواده","","c838659a-8f61-4aee-a256-4f867716211c"
"527","pila bautismal","حوضچه غسل تعمید","خانواده","","db49538c-e49d-4980-b81b-da1bc41a04e7"
"528","sostener al niño en la pila","نگه‌داشتن کودک بالای حوضچه غسل تعمید","خانواده","","22ac9d81-138e-412e-8af1-dd75d5bea063"
"529","mis padres están divorciados","پدر و مادرم طلاق گرفته‌اند","خانواده","","45bbf709-285d-4b2a-9ab6-490da1085eb9"
"530","Mis padres se divorciaron cuando yo tenía diez años, pero mantienen una buena relación por nosotros","پدر و مادرم وقتی ۱۰ ساله بودم طلاق گرفتند، اما به خاطر ما رابطه خوبی با هم دارند","خانواده","","f6a395e8-f2e2-4557-a505-01ec0b2eaa36"
"531","La separación de hecho fue amistosa y acordaron que los niños vivirían con ella","جدایی توافقی دوستانه بود و توافق کردند که بچه‌ها با او زندگی کنند","خانواده","","4f6ceb24-2585-498c-ae9d-d2fd0c320f6a"
"532","disolver el vínculo","فسخ پیوند زناشویی","خانواده","","b7c1ab0a-e70e-405f-afa7-595717aa8f62"
"533","unión civil","ازدواج مدنی ، ثبت قانونی زندگی مشترک","خانواده","","6cf8ef63-131b-4486-a4f3-03436e879b54"
"534","bienes gananciales","اموال مشترک زوجین","خانواده","","3920f412-14a3-4ce8-9c0b-57e0f1aa3e69"
"535","régimen de gananciales","قانون اشتراک اموال در ازدواج","خانواده","","09791d82-4880-4a8c-88f1-b319c1ea1daa"
"536","dar a luz","زایمان کردن ، به دنیا آوردن","خانواده","","a9329041-d3fb-4d13-be8f-805c5114e256"
"537","El parto fue rápido y sin complicaciones gracias al equipo médico y la matrona","زایمان به لطف تیم پزشکی و ماما سریع و بدون عارضه بود","خانواده","","29da19ca-4197-41e1-b38f-c556a07c2d13"
"538","acompañar en el parto","همراهی کردن در هنگام زایمان","خانواده","","d39b3ce5-ed20-47cc-ab55-913e0923424a"
"539","embarazo de alto riesgo","بارداری پرخطر","خانواده","","06a55fb8-73dc-45bf-a2f3-0bf73b87c758"
"540","estar embarazada","باردار بودن","خانواده","","21cad473-9799-4909-a4dc-dc4fb056d7a9"
"541","estoy embarazada","من باردار هستم","خانواده","","c3e73aa9-a3ca-4447-962a-8f6cb9d8d47b"
"542","La abuela cuida al bebé mientras los padres trabajan y le da el biberón cada tres horas","مادربزرگ در حالی که والدین کار می‌کنند از نوزاد مراقبت می‌کند و هر سه ساعت به او شیشه شیر می‌دهد","خانواده","","3effbe8d-3685-449b-a66f-41fcdfc94f9e"
"543","dar biberón","شیشه شیر دادن","خانواده","","c01dc81f-7d6e-488c-97d0-896889113e3c"
"544","cambiar pañales","عوض کردن پوشک","خانواده","","f93ecfbe-fd33-4ef6-8ef0-bd38c2f3875b"
"545","El hijo adoptivo encontró a su hermana biológica a través de las redes sociales y la llamó emocionado","پسرخوانده، خواهر زیستی خود را از طریق شبکه‌های اجتماعی پیدا کرد و با هیجان به او زنگ زد","خانواده","","01de647c-c97b-4ba1-8f8c-42b8cf9f0570"
"546","La pareja adoptó una niña de origen colombiano hace dos años y la quieren como a su propia hija","این زوج دو سال پیش دختری با اصالت کلمبیایی را به سرپرستی گرفتند و او را مثل دختر خودشان دوست دارند","خانواده","","424e3b69-b1aa-43bf-b5b8-35b0414236c8"
"547","buscar a sus padres biológicos","به دنبال والدین زیستی خود گشتن","خانواده","","40d31a32-0a24-4de3-9502-9c51b1732e70"
"548","encuentro biológico","دیدار با والدین یا اقارب زیستی","خانواده","","a79a586b-d657-4364-9d98-90a3da15c8a9"
"549","filiación adoptiva","نسبت فرزندخواندگی قانونی","خانواده","","8395bcb3-5be6-4c7d-836a-254fad41ba14"
"550","criar al hijo adoptivo","بزرگ کردن فرزندخوانده","خانواده","","d7bbcc17-6752-4d13-9301-55aea77e8543"
"551","adoptar un niño","کودکی را به سرپرستی گرفتن","خانواده","","58511ba0-0277-4fd3-a0c7-1b8019f1370e"
"552","Los padres adoptivos asistieron a todas las terapias para ayudar a su hijo a adaptarse","والدین‌خوانده در تمام جلسات درمانی شرکت کردند تا به فرزندشان در سازگار شدن کمک کنند","خانواده","","70f3751e-3a95-4c5d-9e30-9049e4873dcd"
"553","El juez otorgó la custodia compartida para que ambos padres pudieran criar al niño por igual","قاضی حضانت مشترک اعطا کرد تا هر دو والد بتوانند کودک را به یک اندازه بزرگ کنند","خانواده","","e666319d-f43d-4258-9cd2-a662f49c6831"
"554","pedir la tutela","تقاضای سرپرستی ، قیمومیت کردن","خانواده","","2ac5255e-368f-4ef5-862e-86c304c2d360"
"555","tutela estatal","سرپرستی دولتی","خانواده","","ed98a19d-f012-4a75-a684-caa6d1d78e33"
"556","Tutoría legal","قیمومیت قانونی","خانواده","","1191684a-86b4-4b81-88e7-a73d2e89f837"
"557","derechos parentales","حقوق والدینی","خانواده","","517529e0-6ecb-456f-bcf0-983b3690d8c5"
"558","régimen de visitas","حق ملاقات فرزند","خانواده","","ab4d0ba5-c7a7-48a7-8431-0a8e998a1e8f"
"559","acordar visitas","توافق بر سر ساعات ملاقات","خانواده","","ca93866e-5a9a-49e3-98ca-a587e3e04046"
"560","visitar al niño","دیدار با کودک","خانواده","","b250f8e1-d070-4d21-b42a-8ebcb9041692"
"561","no cumplir con la manutención","عدم پرداخت نفقه فرزند","خانواده","","3c7b6e5f-b219-4399-bbbc-241d380a72cd"
"562","El matrimonio forzado es una violación de los derechos humanos que todavía ocurre en algunas regiones","ازدواج اجباری نقض حقوق بشر است که هنوز در برخی مناطق رخ می‌دهد","خانواده","","2fc55654-398e-4442-929c-76a28540d9ba"
"563","no quiero estar soltero para siempre","نمی‌خواهم برای همیشه مجرد بمانم","خانواده","","b2966a98-eb02-466f-a47f-60425b902fe1"
"564","nadie quiere salir conmigo","هیچ‌کس نمی‌خواهد با من قرار بگذارد","خانواده","","d09ad870-5153-4007-b607-02e893f92345"
"565","nos conocimos por Tinder","ما از طریق تیندر با هم آشنا شدیم","خانواده","","89158a23-22b4-4331-857e-bf7ba1712a37"
"566","me he desinstalado Tinder","برنامه تیندر را حذف کرده‌ام","خانواده","","519d5e96-b115-4d64-8619-9f5bf05b25d1"
"567","nos presentó un amigo","یکی از دوستان ما را به هم معرفی کرد","خانواده","","ef8525ec-41ed-4123-8c50-3b44eb816eee"
"568","la familia nuclear","خانواده هسته‌ای (پدر، مادر و فرزندان)","خانواده","","0988c1b0-51db-47df-88df-f8da1fef925e"
"569","La familia nuclear se reúne cada domingo para comer y compartir noticias","خانواده هسته‌ای هر یکشنبه برای غذا خوردن و گپ زدن دور هم جمع می‌شوند","خانواده","","40cdbd1f-f709-4566-9ab3-c2997a91f25f"
"570","El clan familiar se reúne cada año en el pueblo para celebrar la fiesta patronal con todos los primos","طایفه خانوادگی هر ساله در روستا جمع می‌شوند تا جشن محلی را با همه پسرعموها و دخترعموها جشن بگیرند","خانواده","","80c17c78-0989-49b1-82c7-605b200a0825"
"571","reunir al clan","جمع کردن طایفه ، فامیل","خانواده","","57917b42-49b2-41cd-9b70-6a3035bdb321"
"572","La reunión familiar de verano reúne a más de cuarenta personas en el jardín de los abuelos","گردهمایی خانوادگی تابستانی بیش از چهل نفر را در حیاط پدربزرگ و مادربزرگ جمع می‌کند","خانواده","","f4e557d1-7730-4d22-bc4e-848be040c78c"
"573","convocar una reunión familiar","فراخوان دادن برای دورهمی خانوادگی","خانواده","","26b90fdc-8507-406a-8b79-c814571b7101"
"574","Las comidas familiares siempre terminan con una larga sobremesa llena de anécdotas y risas","وعده‌های غذایی خانوادگی همیشه با نشستن طولانی سر سفره ، میز، پر از خاطرات و خنده به پایان می‌رسد","خانواده","","4fcfdd8f-6104-4a6e-a90c-46e25fcbbe49"
"575","Las vacaciones familiares en la playa son nuestro plan favorito para el verano porque todos disfrutan","تعطیلات خانوادگی در ساحل، برنامه محبوب ما برای تابستان است چون همه لذت می‌برند","خانواده","","061f8f2a-21d8-4f04-ab50-3c6698d19b65"
"576","La tradición familiar es hacer un belén viviente cada Navidad con todos los primos y vecinos","سنت خانوادگی این است که هر کریسمس با همه دخترعموها، پسرعموها و همسایه‌ها صحنه زنده ولادت عیسی را بازسازی کنیم","خانواده","","83403787-6af3-4ea6-99bc-184e13858872"
"577","celebrar tradiciones","جشن گرفتن سنت‌ها","خانواده","","49868320-1619-4af9-82b7-b1fbedcf8487"
"578","mantener tradiciones","حفظ کردن سنت‌ها","خانواده","","13c6bf14-1607-422f-9a24-493409f14f67"
"579","transmitir costumbres","انتقال دادن آداب و رسوم","خانواده","","e4ce944c-0093-49c9-a63e-7a36b25b445e"
"580","legado cultural","میراث فرهنگی","خانواده","","f60956b8-5805-485c-86bd-153724c393d2"
"581","investigar los antepasados","تحقیق درباره نیاکان","خانواده","","579d9c1c-ba65-4fcc-98d7-b08057b8e7b0"
"582","hacer el árbol genealógico","ترسیم شجره‌نامه","خانواده","","d9deee16-59c2-4a92-bcc8-2b9682ad838f"
"583","árbol genealógico","شجره‌نامه","خانواده","","703d6014-e0cc-465d-a3e8-22838f805fc5"
"584","Hicimos el árbol genealógico y descubrimos que tenemos antepasados italianos del siglo XIX","ما شجره‌نامه را درست کردیم و فهمیدیم که نیاکان ایتالیایی از قرن نوزدهم داریم","خانواده","","e204a61e-966f-4372-aef5-e81d710a7e3b"
"585","pelear por la herencia","دعوا کردن سر ارث و میراث","خانواده","","2838b2e4-6d81-4b34-bad8-b123ef4c9973"
"586","La discusión por la herencia dividió a la familia durante varios años hasta que un tío mediador los reconcilió","بحث بر سر ارث برای چند سال خانواده را متفرق کرد تا اینکه یک عموی میانجی آن‌ها را آشتی داد","خانواده","","c375037a-b681-46db-b5eb-5cc7b028e664"
"587","Mi abuelo dejó un testamento claro para repartir la herencia entre todos los nietos sin conflictos","پدربزرگم وصیت‌نامه واضحی به جا گذاشت تا ارث را بدون هیچ اختلافی بین همه نوه‌ها تقسیم کند","خانواده","","58923a5a-3f4f-41c8-8fdf-dccef9f84469"
"588","beca por familia numerosa","بورسیه تحصیلی برای خانواده‌های پرجمعیت","خانواده","","379273df-273a-4f79-9f4f-f14fee322f33"
"589","compaginar trabajo y familia","ایجاد تعادل بین کار و خانواده","خانواده","","20edb2eb-559e-4184-9c74-dd9e5e1c714d"
"590","lazo afectivo","پیوند عاطفی","خانواده","","eaac539d-a7ae-4367-a583-effcee9a53bd"
"591","red de apoyo","شبکه حمایتی","خانواده","","184dc929-c028-4343-8bc8-f5419a3619ba"
"592","convivir en armonía","زندگی کردن در هماهنگی و صلح","خانواده","","d4b10c62-525f-496a-9ff5-e0c9e60af21e"
"593","apoyarse mutuamente","حمایت کردن از یکدیگر","خانواده","","209dd4a5-7a30-4222-ade0-6caad611b0c5"
"594","respeto mutuo","احترام متقابل","خانواده","","a50d5d8d-5adb-4add-b2bf-a79668300075"
"595","mantenerse unidos","متحد ماندن","خانواده","","657f0016-ad78-4e90-8577-ea2c008ff0f4"
"596","comunicación buena y efectiva","ارتباط خوب و موثر","خانواده","","bdf3c3d3-9fef-484f-90ce-a75643d7953b"
"597","dar espacio","فضا دادن (به طرف مقابل)","خانواده","","f3b3c273-900b-43f5-aa5b-e64615ba0f12"
"598","poner límites","مرزبندی کردن ، حد و مرز تعیین کردن","خانواده","","da015e0e-f020-4f86-9b3a-a9a0929580c6"
"599","aprende a amarlo","یاد بگیر دوستش داشته باشی","خانواده","","132386f4-a829-46a8-a68e-e4b38f564618"
"600","enseñar valores","آموزش دادن ارزش‌ها","خانواده","","b63e3a29-7134-447b-9438-3ed4e4642874"
"601","educar con valores","تربیت کردن همراه با ارزش‌های اخلاقی","خانواده","","19a27dee-86d7-470c-bc16-cdda748f05ac"
"602","educar a un adolescente","تربیت کردن یک نوجوان","خانواده","","25047e57-9389-4cee-9bae-03228eb657a7"
"603","Mi adolescente pasa todo el día en su habitación escuchando música y hablando por el móvil","فرزند نوجوان من تمام روز را در اتاقش به موسیقی گوش می‌دهد و با موبایل صحبت می‌کند","خانواده","","558fa902-6f1b-4671-bdf4-9943f0936219"
"604","Los padres ausentes dejaron una marca profunda en el niño, que ahora tiene problemas de confianza","والدین غایب اثر عمیقی روی کودک گذاشتند که اکنون دچار مشکلات اعتماد است","خانواده","","0352320b-5d5f-47c7-bbf4-b760acdb7692"
"605","La madre recibió al hijo pródigo con una gran cena y lágrimas de alegría después de años de ausencia","مادر پس از سال‌ها غیبت، فرزند ناخلف بازگشته‌اش را با یک شام بزرگ و اشک‌های شوق پذیرفت","خانواده","","119ad485-cdd0-44ee-8ca0-b1ceb1a29c65"
"606","El niño mimado de la familia siempre consigue lo que pide haciendo rabietas en el supermercado","کودک نازپرورده خانواده همیشه با قشقرق به پا کردن در سوپرمارکت به آنچه می‌خواهد می‌رسد","خانواده","","2aa15914-02e8-4883-aac7-a06a72582406"
"607","mimar al niño","لوس کردن کودک","خانواده","","dcd8414b-cc12-4a67-91fc-7210fa5fa70c"
"608","dar caprichos","براورده کردن زیاده‌خواهی‌ها ، هوس‌های کودک","خانواده","","93ee9e99-db2d-486d-9a98-8a7a16fb01c8"
"609","chantaje infantil","باج‌گیری کودکانه","خانواده","","5fd2f551-02fd-4434-b220-5772e5702f02"
"610","criar a un niño","بزرگ کردن یک کودک","خانواده","","5aab7ef3-0011-401e-8a0f-46b707eb84d5"
"611","criar solo","به تنهایی بزرگ کردن (فرزند)","خانواده","","96117c18-b3ce-4559-bb1b-486896686ca0"
"612","Acelga","سلق ، چغندر برگی","غذا","","6bc98f13-5954-4d58-99bf-463bff6882b9"
"613","Aguacate","آوکادو","غذا","","9ae51f08-4016-48a3-b0c1-1957f07a4540"
"614","Albaricoque","زردآلو","غذا","","deb51d45-b1d1-4add-868a-e78a41623e3a"
"615","Alcachofa","کنگر فرنگی ، آرتیشو","غذا","","724e263b-7b6f-4572-a3a2-0a253cb5d8fe"
"616","Almendra","بادام","غذا","","ff14aff6-e87b-42f6-870c-cae94448868e"
"617","Anacardo","بادام هندی","غذا","","3ea1d841-317d-4ed2-825d-e1518af11d86"
"618","Apio","کرفس","غذا","","c178642a-d0ed-49f4-a0fd-eb6deddd0d8d"
"619","Arándano","زغال‌اخته ، بلوبری","غذا","","ac8f6cf5-d5fc-4d8c-a01e-cb362de08a0b"
"620","Avellana","فندق","غذا","","f70ed8f2-6b76-4e9d-b4d8-e05f49a7df48"
"621","Batata","سیب‌زمینی شیرین","غذا","","9ddc1c48-3ae2-4699-aca6-910133de4c4b"
"622","Berenjena","بادمجان","غذا","","8f30de69-65be-4c52-a247-3436c894ea37"
"623","Berro","شاهی ، شاهی آبی","غذا","","d1d8cb98-bfb4-4651-a152-911dae321aef"
"624","Calabaza","کدو تنبل ، کدو حلوایی","غذا","","80407d75-a944-4bf0-9997-9645f460af60"
"625","Carambola","استارفرات ، میوه ستاره‌ای","غذا","","e6ea7b6c-a6ee-489c-bea7-2929c30a578c"
"626","Castaña","شاه‌بلوط","غذا","","724854ca-f46c-4486-9b5c-c10adf8adb11"
"627","Cebolleta","پیازچه","غذا","","0651b898-a31c-4051-8411-7a96a544f48f"
"628","Cereza","گیلاس","غذا","","f93aa80a-7c19-48ac-9f3f-fbb5329e1c0e"
"629","Chirimoya","چریمویای","غذا","","d585400e-a523-46c6-805c-246057a93fdc"
"630","Ciruela","آلو","غذا","","ae1ae049-06c1-438e-837d-e1cc61d056f5"
"631","Coco","نارگیل","غذا","","68d48a06-c116-4628-9961-cf7091494721"
"632","Coco seco","نارگیل خشک ، پودر نارگیل","غذا","","55d21320-6fd2-4506-a345-439b14b9d0d7"
"633","Endibia","کاسنی فرنگی","غذا","","7c5f22ae-6e47-49ec-b16a-ad0bee7f47a3"
"634","Escarola","کاسنی پیچ","غذا","","8cedd192-9420-422f-889d-a7e349cbbf9a"
"635","Espinaca","اسفناج","غذا","","1c64b010-6081-4d24-97c0-b305a45ce532"
"636","Espárrago","مارچوبه","غذا","","1542a299-df78-458c-b35f-cf187c874b74"
"637","Guanábana","گوانابانا","غذا","","1e9dd2a6-501d-43ef-9215-1d7bb248986f"
"638","Guayaba","گواوا","غذا","","a6d6e66f-4e8a-424b-9be4-ffae81863c21"
"639","Guindilla","فلفل تند ، فلفل قرمز کوچک","غذا","","e5f66e49-ade6-4474-bc3c-421cf3f28834"
"640","Guisantes","نخود فرنگی","غذا","","03545d0f-ae3c-46f8-84d3-f61efd1b3f84"
"641","Habas","باقلا","غذا","","e4594a08-9849-414b-99a0-f797c9e56eb1"
"642","Higo","انجیر","غذا","","bf5609de-914a-4e78-a59a-d8d8aa2fca49"
"643","Higo seco","انجیر خشک","غذا","","9433486b-0e0e-485b-8a7f-5a128a78ec84"
"644","Hinojo","رازیانه","غذا","","e09dddbd-39d4-4337-946a-681742dd1991"
"645","Judía verde","لوبیا سبز","غذا","","07ee9264-7881-4183-9363-87fc9c420473"
"646","Judías","لوبیاها","غذا","","19f689f7-351e-4db7-b716-45541fca8642"
"647","Lechuga","کاهو","غذا","","d9a910c5-abbd-4fd9-82ea-05925c4e0da5"
"648","Lentejas","عدس","غذا","","3765ef55-7493-4a28-9982-ae3dd1a264b7"
"649","Lima","لیمو ترش سبز ، لايم","غذا","","ebc7f6dc-dbc5-41fd-beaa-cf2405b8387c"
"650","Lombarda","کلم بنفش ، کلم قرمز","غذا","","aa7c6726-0b3c-459f-88a4-ae71bb5e1948"
"651","Macadamia","فندق استرالیایی ، ماکادامیا","غذا","","9f88db19-2c85-4cff-8c66-b5a4e24712d1"
"652","Mandarina","نارنگی","غذا","","41645ca1-e303-497f-9a41-edb6ec6c2bcb"
"653","Mango","انبه","غذا","","3c34c74c-e0c1-4ef2-8bef-3459b8603ffa"
"654","Mora","شاه‌توت ، تمشک","غذا","","baf9ef98-5dc8-48a6-8b12-817761fda30c"
"655","Nabo","شلغم","غذا","","44d8b5bf-8264-4691-beb9-89036c64548c"
"656","Nectarina","شلیل","غذا","","afe95d96-fc91-4f82-b293-42945faa4835"
"657","Níspero","ازگیل","غذا","","1feadade-b420-4638-ae8a-addb8df654a6"
"658","Papaya","پاپایا","غذا","","610e4f4f-bd4c-435a-a41d-387e0f47d323"
"659","Pasas","کشمش","غذا","","d45607cb-0fd6-4e73-8de6-a21339a3f360"
"660","Pecana","بادام آمریکایی ، پکان","غذا","","dca78236-e5ff-4fa1-8c2a-2a126d592ccb"
"661","Pepino","خیار","غذا","","09c2d702-0d4f-4981-9f1a-6ae4b49b90a4"
"662","Pimiento","فلفل دلمه‌ای","غذا","","d8c37102-e17f-455e-aa1c-98856916ce86"
"663","Pipas","تخمه آفتابگردان","غذا","","85a86801-7b04-47b5-b9bb-e09a0f01aceb"
"664","Pistacho","پسته","غذا","","bb8779b2-8ab1-404a-9f3c-44a06dc9764f"
"665","Pitahaya","دراگون فروت ، میوه اژدها","غذا","","a86715fb-e8ad-4712-a738-37956d2018e1"
"666","Piña","آناناس","غذا","","e99260d0-0adc-47b9-8dd1-87c553d4c208"
"667","Pomelo","گریپ‌فروت","غذا","","4ce61dda-1ea9-4d61-96be-6e0e5eb716be"
"668","Puerro","تره‌فرنگی","غذا","","160276a6-e2bc-4769-9a21-bef2b6bf2c46"
"669","Remolacha","چغندر ، لبو","غذا","","86c43172-6afe-4749-8316-4f0567ec0204"
"670","Rábano","تجل ، تربچه","غذا","","6af1b14a-21bd-4de9-a142-6a70d3a72825"
"671","Rúcula","روکولا ، آروگولا","غذا","","bf2341a5-cc24-443f-8ff5-3d71b85642b1"
"672","Tamarindo","تمر هندی","غذا","","12918437-d79e-44fd-9225-d5c982da8ec0"
"673","Yaca","جک‌فروت","غذا","","973d8b30-249b-4683-a79d-cd39ffdf6941"
"674","ají","فلفل تند","غذا","","f3500411-de77-4f2c-8f02-2bcadbb6fe36"
"675","albahaca","ریحان","غذا","","b4c78c48-9d6f-433c-9f71-9500cf61b933"
"676","anís","انیسون ، بادیان رومی","غذا","","e9f5c6fa-014f-4d03-9be4-b518f20cc166"
"677","canónigos","سنبل‌الطیب خوراكی ، کاهوی کوهی","غذا","","9e3369ee-912e-4d85-b10b-1078f0205777"
"678","chile","فلفل تند ، چیلی","غذا","","453c1eb4-8ad8-4956-b6eb-381e0088dae7"
"679","chirivía","زردک ، هویج رسمی","غذا","","ca1c7284-89cd-41ac-91b8-3eea0cfad243"
"680","jalapeño","فلفل هالوپینو","غذا","","bf8bae54-1027-4184-b0d3-73aebf4d5d32"
"681","Lichi","سرخالو ، لیچی","غذا","","816c3ef1-5aff-4f5a-9c82-f051e1ecb3f0"
"682","Caqui","خرمالو","غذا","","c89329f4-32e5-43b8-b7b7-50cba2f9900f"
"683","Orejón","برگه زردآلو ، برگه هلو","غذا","","ddfe88f0-4f90-4c05-bec8-79fb1357d146"
"684","Piñón","دانه صنوبر ، مغز صنوبر","غذا","","a99ad149-4d6c-40e9-a3b2-5d01b7538cd3"
"685","uvas","انگورها","غذا","","74c6de90-2274-4932-b093-884fcf7db529"
"686","ñame","سیب‌زمینی ترش ، یام","غذا","","52acbb2b-80b4-47a9-ab26-59bf168e6370"
"687","avena","جو دو سر ، جو دوسر","غذا","","50302506-38e8-4f56-af27-8a299a28dd9b"
"688","Cacahuete","بادام زمینی","غذا","","cf79965a-67fa-455d-b0dd-9936c999421b"
"689","Cerdo","گوشت خوک","غذا","","2eb5d076-9f75-48b0-bdd7-ae703b405f9a"
"690","Comida congelada","غذای منجمد","غذا","","9aca6b54-0bda-4d33-8243-0301cf46452a"
"691","Hamburguesa","همبرگر","غذا","","642da404-c795-4f85-bb7c-af48de46d452"
"692","Mermelada","مربا","غذا","","95fcabfb-34fb-4f81-91ae-ac3f982d7448"
"693","Pizza","پیتزا","غذا","","20142bf2-90b5-4ff0-9b56-e7f3e9a9fb1a"
"694","Productos lácteos","لبنیات ، محصولات لبنی","غذا","","b0ab1bf5-6586-4552-ae6d-c0b1bf45d3fd"
"695","Semillas de sésamo","دانه‌های کنجد ، کنجد","غذا","","7d9b186a-0b37-4d11-a0e1-c9deb779af9e"
"696","Ternera","گوشت گوساله","غذا","","a8c35c93-34b1-454a-be46-23e45d2f3ea6"
"697","Trigo","گندم","غذا","","5719b8fb-ebdd-48de-9f42-d488cd432144"
"698","Fideos","رشته ، نودل","غذا","","dd9e86c8-2dd2-492a-b3a4-fc42be42cdab"
"699","Sándwich","ساندویچ","غذا","","166d150d-6e65-4721-bad9-85a8d0005d06"
"700","Almuerzo","ناهار","غذا","","11ebd18e-9b6c-4fa9-8893-9f2b0b9b27cf"
"701","Aperitivo","پیش‌غذا ، اشت‌هاآور","غذا","","e03b6345-92c4-4ce3-a29d-4857f3215ac9"
"702","Azafrán","زعفران","غذا","","2876a568-8835-4fbe-a3dc-7f6c40623b48"
"703","Chorizo","سوسیس چوریزو","غذا","","86577fa2-007f-4cda-b455-9b8e98a40083"
"704","Coñac","کنیاک","غذا","","7768bafe-bbf4-481e-b5e1-08660e297764"
"705","Comida","غذا ، وعده غذایی","غذا","","c0172ebc-3ef8-437e-af81-171ee7a3c4ac"
"706","Comida enlatada","غذای کنسروی","غذا","","40ab6ba3-09fb-4394-bf44-5797f972ce55"
"707","Desayuno","صبحانه","غذا","","c7155007-27c8-4d5a-851f-c89e4a1ab824"
"708","El agua","آب","غذا","","0f507506-e59e-4f2f-a09e-88e1c778b834"
"709","El vino","شراب","غذا","","00e03b5c-aff5-4f26-8636-36d0dcdc74a7"
"710","El té","چای","غذا","","4a18f961-c5dd-4dd4-9198-220f4765eff8"
"711","Especias","ادویه‌جات","غذا","","b705c276-6053-4b55-91dd-09a8bce2ddb0"
"712","Hierbas aromáticas","سبزیجات معطر","غذا","","94f44db2-8772-49f6-84d1-ccf01f40fdba"
"713","Panadería","نانوایی","غذا","","1c8c9a5d-f0ce-44d1-bcd2-e439aef5c4c4"
"714","Pasteles","شیرینی‌ها ، کیک‌ها","غذا","","f4ba907c-7c3e-4a66-b57f-dc38503bdcd6"
"715","Paella","پائیا (غذای سنتی اسپانیایی)","غذا","","84d5704b-4f8b-4ac0-8875-b19b22a98da9"
"716","Pizzería","پیتزافروشی","غذا","","73a71e48-0024-4ef0-875e-415addae6a3b"
"717","Quesería","پنیرفروشی","غذا","","35ad6ff5-c9a5-4810-8788-472602d23619"
"718","Sal","نمک","غذا","","3a19ed43-2a3f-44e8-9f21-c9ae02ee7242"
"719","Salsifí","ریشه شنگ ، سالسیفی","غذا","","26a36166-f110-461e-aaaa-f910669e4b52"
"720","Té negro","چای سیاه","غذا","","94b1d859-e94b-4aca-a921-b395675ce322"
"721","Té verde","چای سبز","غذا","","fd0dcff5-cc29-4fc5-85bc-64cfba2b3256"
"722","Tarta de cumpleaños","کیک تولد","غذا","","7a0556cc-77c7-4327-93fd-e289f3bceda4"
"723","Tortilla","املت ، تورتیا","غذا","","84164cc1-ed7b-4f60-bdd2-93e1412a782b"
"724","Vinagre","سرکه","غذا","","6bd6df94-2292-4ce4-9c7e-9cb40ac107ea"
"725","Vino","شراب","غذا","","d09d6ec0-8af1-4ea9-be76-c82d5bb54fcb"
"726","Zumo de piña","آب آناناس","غذا","","b1676129-8df9-4d5f-8e07-4588e7d7dbc2"
"727","naan","نان نان (نان سنتی)","غذا","","531a7be8-3169-4c1b-ab9e-5eff454c96ab"
"728","Agua","آب","غذا","","bb0e0a03-ccf0-4e46-8e99-0d218136c8ac"
"729","Cerveza","آبجو","غذا","","b76cb9fc-5bbf-4c33-8513-4c32caff24fb"
"730","Té","چای","غذا","","f07dc232-6628-443d-8e7f-45732037d31b"
"731","Vino blanco","شراب سفید","غذا","","e5ee858d-6dd1-4b7d-ae70-d73f3ae41c8b"
"732","Vino tinto","شراب قرمز","غذا","","cbfbe4ba-6f4e-4a70-a944-8032fc945072"
"733","Champán","شامپاین","غذا","","cc1e11ea-fd12-408e-ae35-d2e356e6a990"
"734","Infusión","دمنوش","غذا","","71274acf-c15c-4651-bcba-5da327baf99e"
"735","Vermú","ورموت","غذا","","95e12a6c-873c-46fa-a134-628b9f8c8f70"
"736","Alemania","آلمان","سفر","","e8fcdcc2-02d6-46dc-96c1-05669bffcedb"
"737","Antártida","جنوبگان ، قاره قطب جنوب","سفر","","78f78f9f-8415-4970-8cb2-664b7d82a9e1"
"738","Bahía","خلیج","سفر","","2d1c569a-a306-4ea4-91d4-5f7d041c8432"
"739","Barcelona","بارسلونا","سفر","","56440fc7-cdc7-489f-b8c3-5dcf4085064a"
"740","China","چین","سفر","","7b425dd1-facd-489f-a5d4-ee8bff777552"
"741","Corea","کره","سفر","","8b173dea-1af8-4537-87a1-54c0d9a0843d"
"742","Escocia","اسکاتلند","سفر","","45304919-9a24-4283-affe-49ceb57f497c"
"743","Egipto","مصر","سفر","","60b80b7d-ee5d-4bd3-bdbf-8b2b5eb05b76"
"744","España","اسپانیا","سفر","","ac7332ab-328c-4c6a-bb28-c52ad63c9719"
"745","Francia","فرانسه","سفر","","807d3047-a58a-4370-ac9e-c5b704d3c14a"
"746","India","هند","سفر","","ae6719d2-45cb-4b3f-91fb-06ffab820326"
"747","Irlanda","ایرلند","سفر","","2a236283-dcc0-432c-bdf8-b18eccb5edc9"
"748","Italia","ایتالیا","سفر","","99e6ee00-e489-41a7-958c-e5fb57c46130"
"749","Noruega","نروژ","سفر","","36116c39-55dc-40b5-a184-2d0abf98f731"
"750","Reino Unido","بریتانیا ، پادشاهی متحد","سفر","","8c348953-61ed-4cb0-b74e-8d4df453b8f6"
"751","Suecia","سوئد","سفر","","a6d0c6fd-f205-4acf-845b-486d253b9d65"
"752","Acantilado","پرتگاه صخره‌ای ، صخره ساحلی","سفر","","db01290d-c55c-476a-b8c5-b2a74c77dca0"
"753","Cordillera","رشته‌کوه","سفر","","b3c2beaa-5a93-4170-8178-1359a3cea8fc"
"754","Cima","قله","سفر","","c92754b9-652e-481b-96bf-403b3c44770a"
"755","Isla","جزیره","سفر","","3f6fbebe-460d-4adc-b235-96e911a409df"
"756","Selva","جنگل استوایی ، جنگل آمازونی ، انبوه","سفر","","a550b69c-38f0-453d-9a1b-21f110ea6e86"
"757","Valle","دره","سفر","","0f2aa287-076d-4481-9af8-dd14658b1489"
"758","Volcán","آتشفشان","سفر","","e35f466b-f47b-49fa-974c-c043852dda22"
"759","Azafato","مهماندار هواپیما (مرد)","سفر","","53fcf36f-e5a5-46c1-b42d-8bd1f3391ee6"
"760","Audioguía","راهنمای صوتی","سفر","","ce5101b8-a43e-4aca-b020-8df01bfbfed2"
"761","Botas de agua","چکمه‌های بارانی ، پلاستیکی","سفر","","8b163ca5-1ce3-4963-96c2-19d608510778"
"762","Check-in","پذیرش ، ثبت ورود","سفر","","59bd7f6a-0e1f-4c4a-923d-b4ce545e1046"
"763","Check-out","تسویه حساب ، ثبت خروج","سفر","","cd89cf8d-8253-4931-9562-9ad70c324664"
"764","Equipaje","چمدان‌ها ، بار سفر","سفر","","14ee55a9-be7b-4ceb-982f-e1fa4803785e"
"765","Hostal","هاستل ، مهمان‌پذیر","سفر","","1597b59f-6286-4efc-8a37-a207531148b1"
"766","Huésped","مهمان ، مسافر هتل","سفر","","8d68a39f-d5e1-4569-a00e-7e8573e2019f"
"767","Itinerario","برنامه سفر ، مسیر حرکت","سفر","","dfca7210-c92e-43f2-abcf-ffcc4a7f895a"
"768","Mochila","کوله‌پشتی","سفر","","f7ebf7fd-94c7-495e-9473-e364b131ee3f"
"769","Pasaje","بلیط سفر","سفر","","81a4405c-7a9d-49e5-9a51-ac69bde0f255"
"770","Pasaporte","گذرنامه ، پاسپورت","سفر","","6d31cdec-1710-4c24-8ea7-774f7c5271f6"
"771","Recreo","تفریح ، زنگ تفریح","سفر","","6fbd4f89-7f7c-4be1-90ce-8f670971c25a"
"772","Saco de dormir","کیسه‌خواب","سفر","","0c8df5b1-34c8-43e4-b89e-226be3124c53"
"773","Tienda de campaña","چادر مسافرتی","سفر","","2a4d1fbd-9e27-4f42-9c33-45b9b67cfed1"
"774","Turista","گردشگر ، توریست","سفر","","d97406e1-ddc2-4020-a661-a4ff32f9e9c3"
"775","Visado","روادید ، ویزا","سفر","","2c5f66f2-71ff-487f-9629-fd6dac531646"
"776","Atletismo","دو و میدانی","سفر","","ac136cd8-9313-4cf0-8a2b-92458b062176"
"777","Baloncesto","بسکتبال","سفر","","72156deb-9134-4aa7-a895-eb3412a3250a"
"778","Barranquismo","دره‌نوردی","سفر","","f812f2d3-01b7-453e-b9a6-f1f71a124668"
"779","Bate","چوب بیسبال","سفر","","e41b3479-7cc7-452b-b71f-8d7fdeb82888"
"780","Birdie","بردای (امتیاز یک ضربه کمتر از پار در گلف)","سفر","","8f74cfc2-49d7-4d50-b985-7aa947a83364"
"781","Bogey","بوگی (امتیاز یک ضربه بیشتر از پار در گلف)","سفر","","b5ad5fb2-4e86-4ff2-a804-1d7a1fbbcb88"
"782","Botas","کفش‌های ورزشی ، چکمه‌ها","سفر","","4dbd871c-2a6a-4209-8e0c-ff684baba8f1"
"783","Boxeo","بوکس","سفر","","68f27739-44a5-43ec-b725-d23e69aff01b"
"784","Canasta","سبد بسکتبال ، گل در بسکتبال","سفر","","4e0098e8-855c-4516-ae1d-d5073259c77e"
"785","Córner","کرنر","سفر","","265f2bdc-c432-4b1d-8342-b6da0eba79a2"
"786","Driblar","دریبل زدن","سفر","","ff0165db-6e3b-4825-9bfc-78c0a5dd673f"
"787","Driver","چوب گلف شماره یک (درایور)","سفر","","60fed2ca-f167-4a63-acf8-23c8d1fcc4a7"
"788","Equitación","سوارکاری","سفر","","460bac3f-8f76-4b9e-9512-b46d8d52edc9"
"789","Frente","پیشانی ، خط مقدم ، جبهه","سفر","","418fcec2-9098-4362-9294-bef9195ac356"
"790","Golazo","گل تماشایی ، گل فوق‌العاده","سفر","","fb444d67-985e-4d93-83fa-832b873024e4"
"791","Handicap","هندیکپ (امتیاز جبرانی در گلف و ورزش‌ها)","سفر","","b56db035-7837-43f0-85a4-ebdc49b37723"
"792","Jabalina","نیزه (در پرتاب نیزه)","سفر","","fb19ddc0-a5e0-43b9-a595-fa0daa3c42e5"
"793","Nocaut","ناک‌اوت","سفر","","313eea65-894d-4bc6-88c2-ae663b45927a"
"794","Pelotón","گروه اصلی دوچرخه‌سواران (پلوتون)","سفر","","bb7c4225-8129-4bf3-aa9a-002e62df3838"
"795","Putter","پاتر (چوب گلف برای ضربات نهایی نزدیک سوراخ)","سفر","","c7e368a7-c77c-49f5-89bb-40a52ea02135"
"796","Raqueta","راکت","سفر","","3ff8d3fb-b914-45f2-8eba-e1905512eff8"
"797","Relevos","مسابقه دو امدادی","سفر","","8aca2793-83dc-4624-b5ff-f7ac41c33e61"
"798","Ring","رینگ بوکس","سفر","","5dadcd5a-06c7-4199-a489-b590193507d8"
"799","Scrum","اسکرام (در ورزش راگبی)","سفر","","f3790533-e578-468f-91cd-388a43873951"
"800","Surfista","موج‌سوار","سفر","","ee2157f2-5edf-44a3-b515-616a92d2d34d"
"801","Trampolín","تخته شیرجه ، ترامپولین","سفر","","213bda96-8c6a-48d5-ae19-db998d53c82d"
"802","Uppercut","ضربه آپرکارت (در بوکس)","سفر","","97d4d9d0-f37b-4913-aa3e-9d92b807247d"
"803","Apple TV","اپل تی‌وی پلاس","سفر","","c7ca6796-744c-43d7-b09d-3c0fdcd5e6ef"
"804","Cine","سینما","سفر","","0c08bfc6-90cf-4cf4-a1a2-aff0ca60271d"
"805","Consola","کنسول بازی","سفر","","8693483f-4063-46dc-8195-3e02e5c60176"
"806","Disco","دیسک ، آلبوم موسیقی","سفر","","44939fbd-a19f-4ff9-8eb5-994c410be7ed"
"807","Disney+ Premium","دیزنی پلاس پرمیوم","سفر","","4ed75600-bf5f-4174-a37a-29953e102807"
"808","Escenario","صحنه نمایش ، سن","سفر","","bbf51266-59f0-47c0-ab0c-c4f21f96f7ef"
"809","Guitarra","گیتار","سفر","","3eb395f7-d47c-4638-be14-e201ad7706b6"
"810","Juguetes","اسباب‌بازی‌ها","سفر","","7dafde40-2759-4710-a9da-49a7347fa929"
"811","Juego","بازی","سفر","","25398dec-51ff-454b-870d-8722cbdecc84"
"812","Lectura","خوانندگي ، مطالعه","سفر","","1bc40477-7295-4fa9-87ce-93a16dc99fe9"
"813","Libro","کتاب","سفر","","ea2924eb-9261-443f-bf0d-7f54e8e1da18"
"814","Música en directo","موسیقی زنده","سفر","","da3551c3-48fc-49ce-9eef-34f91b1bd415"
"815","Peluche","عروسک عروسکی ، عروسک پولیشی","سفر","","3d33eb8a-0453-4548-bbe4-16ccd48c0ade"
"816","Piano","پیانو","سفر","","67658c92-a08d-456a-8aa9-7e98fd5c3e80"
"817","Serie","سریال","سفر","","7fb37b52-6540-464f-9078-8752d1cff5e6"
"818","Teatro","تئاتر","سفر","","4eba0d9c-05ca-4c60-a51b-e85c95c32cc7"
"819","Videojuego","بازی ویدئویی","سفر","","5c5b5417-4a1e-4fe3-9669-ea37fe198107"
"820","Arqueólogo","باستان‌شناس","کار و شغل","","0eb980cf-85ed-46a1-a494-9d233794de38"
"821","Albañil","بناء ، کارگر ساختمانی","کار و شغل","","01be7341-44f2-4b60-a47b-4a07457c1721"
"822","Analista","تحلیل‌گر ، آنالیست","کار و شغل","","22b2a6e9-0a29-4283-8ff1-de1da49fa552"
"823","Artista","هنرمند","کار و شغل","","f1f7f033-dbda-40f7-a0e3-4fe58a2755bd"
"824","Bibliotecario","کتابدار","کار و شغل","","9fc1f471-3d8a-4a0a-ac62-b3e720dbb279"
"825","Bombero","آتش‌نشان","کار و شغل","","17fb6869-3a7b-4aad-8d7d-dc1d7c801973"
"826","Camarero","پیش‌خدمت ، گارسون","کار و شغل","","9881c63b-f0f1-451b-965a-c3cbfef4261c"
"827","Camionero","راننده کامیون","کار و شغل","","0d31eaf7-b153-4932-a25f-1198b0838bb6"
"828","Científico","دانشمند","کار و شغل","","990d167b-c833-4310-a9c7-bec8f6a1c529"
"829","Cocinero","آشپز","کار و شغل","","e6682a7e-d06a-4902-b0b4-aed449e5f97d"
"830","Comerciante","تاجر ، بازرگان","کار و شغل","","96e6aa79-d349-4e2a-a8a3-b82355ff3373"
"831","Detective","کارآگاه","کار و شغل","","c101e290-dfb4-4101-9e01-702dc7ea4f2c"
"832","Director","مدیر ، کارگردان","کار و شغل","","93a7bc8f-7bd5-43d9-b69c-5590c75a2999"
"833","Empresario","کارفرما ، کارآفرین","کار و شغل","","1e717b4f-bcd0-475e-b0f5-93c798d56a8d"
"834","Esteticista","زیبایی‌کار ، متخصص زیبایی","کار و شغل","","7db060ae-112a-421f-b2fe-88608d3b4738"
"835","Fotógrafo","عکاس","کار و شغل","","acd7a497-7cb7-4d4c-a2b0-3742e78c08c8"
"836","Ganadero","دامدار","کار و شغل","","54a2e321-7b44-484c-9092-c72ad5ce65d0"
"837","Geólogo","زمین‌شناس","کار و شغل","","b59633bd-ea58-4b7f-8307-66bb8757357c"
"838","Guardia","نگهبان ، مامور حراست","کار و شغل","","f5c2ac94-3fbc-4c89-9c97-42fcc9835084"
"839","Jardinero","باغبان","کار و شغل","","6e349f62-88aa-47b8-b924-f83c1a7ba811"
"840","Jinete","سوارکار","کار و شغل","","d2f59f63-3a43-460f-8fa3-d97e6175b10d"
"841","Maestro","معلم ، استاد","کار و شغل","","c7cfae9d-2672-44c9-a421-f93f35c4ef8a"
"842","Marinero","ملوان","کار و شغل","","74f6b264-d23d-4450-b8a7-4a447c913b1d"
"843","Matrona","ماما","کار و شغل","","88026d20-bffa-4d8e-8129-ace4fb75794d"
"844","Museólogo","موزه‌شناس","کار و شغل","","c8daecf3-0970-4286-a26e-76dee1699740"
"845","Panadero","نانوا","کار و شغل","","a1e570d1-83a8-4c61-833c-450929a64343"
"846","Peluquero","آرایشگر","کار و شغل","","092e6129-961e-4392-b95c-6e5b572f2830"
"847","Pescador","ماهیگیر","کار و شغل","","4ca1733d-c494-46ec-a0c1-b61046ed4cb2"
"848","Podólogo","پزشک پا ، پوداتریست","کار و شغل","","5efaaef6-2975-404f-a212-53e55f7f0220"
"849","Politólogo","پژوهشگر علوم سیاسی ، سیاست‌شناس","کار و شغل","","320863f4-ede7-4dc7-9fb2-e3a9293cabd8"
"850","Portero","سرایدار ، نگهبان در ورودی","کار و شغل","","6a1203f0-8e8b-46d3-96d3-bd08ebde8c99"
"851","Psicólogo","روان‌شناس","کار و شغل","","56f48862-e7ac-46b8-998d-9684b94ff46a"
"852","Sociólogo","جامعه‌شناس","کار و شغل","","647035e2-eafc-4750-b3e0-21a1ed8809fd"
"853","Taxista","راننده تاکسی","کار و شغل","","ebd0d746-e332-470b-ba02-b494cc0b0a42"
"854","Técnico","تکنسین ، کارشناس فنی","کار و شغل","","26fff7c2-63ba-4fcd-bea8-023548d9e421"
"855","Traductor","مترجم","کار و شغل","","da7c66bd-dfe7-48bf-8abd-b8f2deebee91"
"856","Videógrafo","فیلم‌بردار","کار و شغل","","0959bcee-de32-4572-8c54-e8153f1f45c5"
"857","Aumentos salariales","افزایش حقوق ، افزایش دستمزدها","کار و شغل","","cb68d58a-4d70-433f-bca8-0d7b38aa9469"
"858","Baja médica","مرخصی استعلاجی","کار و شغل","","764566c9-7064-4637-a05a-4bee4b7314c2"
"859","Bancarrota","ورشکستگی","کار و شغل","","a0b175df-4dce-4403-aeaa-6c73868bdfcb"
"860","Contrato autónomo","قرارداد خویش‌فرمایی ، قرارداد فریلنسری","کار و شغل","","ed217634-fb04-4599-93cd-a235dd44165e"
"861","Contrato de prácticas","قرارداد کارآموزی","کار و شغل","","c7a73345-b5c1-4e72-a568-d0b0353ae109"
"862","Currículum","رزومه کاری","کار و شغل","","e6fde524-601f-4207-8a64-86e0c8bf7d6d"
"863","Desempleo","بیکاری","کار و شغل","","9901a784-aa14-48b0-b201-c25997df432d"
"864","Empiezo a trabajar","شروع به کار می‌کنم ، کارم را شروع می‌کنم","کار و شغل","","92bf11f4-5627-4c98-9436-ce7ede744077"
"865","Entrevista","مصاحبه ، مصاحبه کاری","کار و شغل","","a7553988-47f9-4ab0-a17a-e95215344586"
"866","Evaluación del desempeño","ارزیابی عملکرد","کار و شغل","","55a2638f-8f3b-4414-9ad3-3ca802615f05"
"867","Jornada completa","تمام‌وقت ، ساعت کاری کامل","کار و شغل","","1e9a7c99-0e9d-4388-8ad0-235f530ad1ee"
"868","Media jornada","پاره‌وقت ، نیمه‌وقت","کار و شغل","","907c235c-ad5b-46f5-b949-e47f5f4bf8ee"
"869","Nómina","فیش حقوقی","کار و شغل","","9816d63d-a54c-44bb-a3b7-41166b08af72"
"870","Préstamo","وام","کار و شغل","","80aebc57-60e3-4637-86c0-e8e2be84fd49"
"871","Salgo del trabajo","از سر کار تعطیل می‌شوم ، از محل کار خارج می‌شوم","کار و شغل","","36d5c72e-bb8e-4cc2-9e92-b1538c9452fe"
"872","Teletrabajo","دورکاری ، کار از منزل","کار و شغل","","a874a966-bad8-495e-b1b1-61b06c30c0e8"
"873","Tengo una reunión","جلسه دارم","کار و شغل","","54567cbd-2ac3-4e12-9fca-2aae8d9cef4a"
"874","Termino de trabajar","کارم تمام می‌شود","کار و شغل","","91830956-83c2-4b54-95e5-d025155c1cb3"
"875","Turno de mañana","شیفت صبح","کار و شغل","","f81df3b7-7135-48b2-aaa5-3d0573f6ea11"
"876","abordar","پرداختن به ، نزدیک شدن ، سوار شدن","افعال پایه","","2f2b9bd7-74eb-4929-9e0b-9c25171d4972"
"877","acampar","اردو زدن ، کمپ کردن","افعال پایه","","7109676d-a2bb-4c5a-8910-ae224abd8f1b"
"878","Acceder","دسترسی داشتن ، موافقت کردن ، وارد شدن","افعال پایه","۱۷.","1bf421ea-f185-4343-8580-fc02a868a02c"
"879","acoger","پذیرفتن ، پناه دادن","افعال پایه","","2caeb8af-eeae-48f0-a7fe-dfbf5d029fa1"
"880","afeitar","اصلاح کردن صورت","افعال پایه","","79d41e0f-5903-4fc4-a53d-d3c53d2f7301"
"881","alentar","تشویق کردن ، ترغیب کردن","افعال پایه","","05ebd937-2c27-4bfc-a58d-7dec163c00af"
"882","apadrinar","حمایت کردن ، پادرمیانی کردن","افعال پایه","","4a9bbe45-4485-4423-940b-fc433a514d6a"
"883","aplaudir","دست زدن ، تشویق کردن","افعال پایه","","e2fbb821-920c-4597-9acc-75995ffa3a3e"
"884","aplicar","درخواست دادن ، به کار بردن ، اعمال کردن","افعال پایه","","f97f928f-5b3e-4bc1-8211-73f39a95d598"
"885","apuñalar","با چاقو زدن","افعال پایه","","607401c2-5157-4082-a3bf-5e5a77051857"
"886","arruinar","خراب کردن ، ویران کردن ، ورشکسته کردن","افعال پایه","","242457b3-f397-4e64-8a2b-e1ac0d968d22"
"887","arrullar","لای‌لای گفتن ، آرام کردن","افعال پایه","","73ee3341-495d-414c-90b5-6f764adc5549"
"888","asumir","پذیرفتن ، بر عهده گرفتن","افعال پایه","","c4fff114-8aec-41fd-b5d0-28a1c83cf374"
"889","atender","رسیدگی کردن","افعال پایه","توجه کردن","0e1b5aa7-291c-4ae3-b528-cad8b557b364"
"890","atracar","پهلو گرفتن ، سرقت مسلحانه کردن","افعال پایه","","53a23a0c-9a9b-44df-9414-2473b7f40597"
"891","avanzar","پیش رفتن","افعال پایه","","1424d8a4-c4fb-4981-baf9-1231b6fa4c52"
"892","bailar","رقصیدن","افعال پایه","","fcae03b3-3289-4221-a3ab-197ebee492df"
"893","blanquear","سفید کردن","افعال پایه","","1a434091-4726-4889-beb3-e537949aa8f3"
"894","brillar","درخشیدن","افعال پایه","","5f434cf2-0bca-478b-86da-fbb17f916989"
"895","cabecear","سر تکان دادن ، چرت زدن ، ضربه سر زدن","افعال پایه","","5ba70b49-c1a6-4054-ade2-9cef1b151d03"
"896","cagar","گه زدن ، مدفوع کردن","افعال پایه","","4208ae2d-676f-4c1f-9105-e4be1a86ef7a"
"897","castigar","تنبیه کردن","افعال پایه","","2f740f38-e56b-4d2c-8eda-43fdf550a0d0"
"898","causar","باعث شدن ، ایجاد کردن","افعال پایه","","f15db4fa-5744-4ae0-a5ff-27ab851b49c0"
"899","coleccionar","جمع‌آوری کردن","افعال پایه","","66026df2-9609-4401-b600-73716ba3bbca"
"900","consentir","لوس کردن ، اجازه دادن ، رضایت دادن","افعال پایه","","662cf84c-774b-4310-b166-ad99ba79ecbf"
"901","dudar","شک کردن","افعال پایه","","d94c53c4-4364-461f-b9b1-79b671620f44"
"902","domar","آرام کردن ، رام کردن","افعال پایه","","bc4e4ebc-156a-439d-8951-53ea9f2566b2"
"903","durar","طول کشیدن ، دوام آوردن","افعال پایه","","217d02e3-ed11-4d30-9f4a-cb56120cde10"
"904","ejercitar","ورزش کردن ، تمرین دادن","افعال پایه","","009c501e-1653-4fec-ba57-8b92735cea20"
"905","encestar","گل کردن در بسکتبال ، داخل سبد انداختن","افعال پایه","","6af9c5dd-d865-4e04-8d39-827e7e1752f4"
"906","encriptar","رمزگذاری کردن","افعال پایه","","500b2507-17ca-4221-b486-adf4d2492705"
"907","encuadrar","چارچوب‌بندی کردن ، قاب کردن","افعال پایه","","6be753b4-cb6c-405e-89ca-43f3d905d8f2"
"908","enderezar","راست کردن ، صاف کردن","افعال پایه","","48760699-81ea-4850-9b3f-360a6b83c6e4"
"909","engañar","فریب دادن ، گول زدن","افعال پایه","","0a5b03d2-fe4d-4a21-987c-a5d8de5fe095"
"910","Entrar","وارد شدن","افعال پایه","۱۸.","c53fcc30-fb2a-4c63-a4bd-ab34416a11bb"
"911","entrelazar","درهم تنیدن","افعال پایه","","7610ca83-7008-424c-b1d3-61a15e768825"
"912","entrevistar","مصاحبه کردن","افعال پایه","","d2fcaf35-d41f-4510-babb-fcf129a5bad8"
"913","galopar","چهارنعل تاختن","افعال پایه","","6e950958-ed2b-4499-91bc-06b48018a5f0"
"914","guisar","پختن ، خورش درست کردن","افعال پایه","","c388f7dd-3d23-4232-9ac8-a80bd133227c"
"915","guiñar","چشمک زدن","افعال پایه","","716d28a9-ce89-4f16-89d4-ba435fb41b96"
"916","ladrar","پارس کردن","افعال پایه","","7089f288-8c04-4941-9ed2-c786773d217c"
"917","malgastar","اسراف کردن ، هدر دادن","افعال پایه","","627276a0-f882-4e54-bc18-c0cb3032544b"
"918","mear","ادرار کردن","افعال پایه","","0ebb8045-bac5-4301-bc7c-d3ea25eee97f"
"919","mediar","میانجیگری کردن","افعال پایه","","626d7112-8e71-4f2b-a088-ef792d778d2b"
"920","ordeñar","شیر دوشیدن","افعال پایه","","1ac5ec9f-e091-410c-a696-72c4653c96e9"
"921","pedalear","رکاب زدن","افعال پایه","","50b13c48-1f20-47a0-9ccb-e85bfda8130e"
"922","pelar","پوست کندن","افعال پایه","","860653a8-09f4-4037-995c-0b89f2b7e227"
"923","pertenecer","تعلق داشتن","افعال پایه","","b2da5ef6-da12-4b86-8499-72085f942185"
"924","picar","نیش زدن ، خرد کردن ، تند بودن","افعال پایه","","b4675804-d2a2-4e64-bb3d-cbfe862ae4bb"
"925","placar","تسخیر کردن ، مهار کردن در ورزش","افعال پایه","","988b0069-cadd-4435-b9b8-fd6bb85183fe"
"926","pronosticar","پیش‌بینی کردن","افعال پایه","","0a517228-0866-4c06-8472-b89b3dfc4050"
"927","quedar","ماندن ، قرار گذاشتن","افعال پایه","","65bb7694-d68b-4cb0-8a1d-983092791854"
"928","razonar","استدلال کردن ، منطقی فکر کردن","افعال پایه","","4f533ce9-cf4d-42c3-9e0f-17d9bb83fab2"
"929","recetar","نسخه نوشتن ، تجویز کردن","افعال پایه","","04ca2791-6205-4fb3-bb2f-3d02de826d84"
"930","fregar","شستن ، ساییدن ، تی کشیدن","افعال پایه","","12ad6407-fd13-432a-9858-3f671e7f946f"
"931","Frenar","ترمز کردن","حمل و نقل","۵۳.","750d8f93-4f51-4bfe-a81f-8873a96b56af"
"932","sangrar","خون آمدن ، خونریزی کردن","افعال پایه","","c9a5dd5d-136f-403a-8f9f-5b19fc475b8d"
"933","sentenciar","حکم دادن ، محکوم کردن","افعال پایه","","2e50ece8-121b-4eb8-8673-8134f42889c0"
"934","señalar","اشاره کردن ، نشان دادن","افعال پایه","","9203cbb4-fb6a-4f12-afc4-90415c106572"
"935","Señalizar","علامت‌گذاری کردن ، علامت دادن","حمل و نقل","۸۲.","9bcb3f9d-3389-42db-b0f8-6c03b5e5b7b6"
"936","sobrecargar","بار اضافی دادن ، اضافه‌بار وارد کردن","افعال پایه","","75929a66-69ce-4b6b-aeba-fd0c52742c63"
"937","sobreproteger","حمایت بیش از حد کردن","افعال پایه","","c8bedad0-56bc-4b49-bb0f-ddc82faf85a7"
"938","soler","عادت داشتن ، معمولاً کاری را انجام دادن","افعال پایه","","2951b71b-4199-4f48-8dcd-91abdd9152b7"
"939","sonreír","لبخند زدن","افعال پایه","","bdfe2dcf-a1cd-4415-9944-5525276dc5d2"
"940","sonrojar","سرخ شدن ، شرمنده کردن","افعال پایه","","0f97e32c-59ba-4d8b-b10a-2293041dac15"
"941","subir","بالا رفتن ، سوار شدن","افعال پایه","","c516c941-e578-49cc-bc4b-be10f296a365"
"942","suponer","فرض کردن ، در نظر گرفتن","افعال پایه","","2f87a633-894c-4c8a-b7f2-33f0c8f4ad81"
"943","trasplantar","پیوند زدن ، جابجا کردن گیاه","افعال پایه","","493e0c38-6b03-41e2-a0c9-1a0a5b33a4a3"
"944","visitar","بازدید کردن ، ملاقات کردن","افعال پایه","","e680a17a-18c9-4071-a548-efd2b6b3935c"
"945","volar","پرواز کردن","افعال پایه","","3c3079d9-a582-4890-b61e-43c2674c4c77"
"946","a participar","برای شرکت کردن","افعال پایه","","12b09ddc-a93b-4cd4-9070-aa95bf865c62"
"947","acabar de","تازه انجام دادن","افعال پایه","","b22ec7cf-c03c-4d11-9464-6d83ec064c6f"
"948","acostarme","خوابیدن خودم ، به رختخواب رفتن خودم","افعال پایه","","4f8807e2-8744-419c-b820-2736a705f38e"
"949","actualizar el currículum","به‌روزرسانی رزومه","افعال پایه","","a02c1d12-d88f-4773-a9b0-10faa2a6035c"
"950","afrontado","مواجه شده ، روبرو شده","افعال پایه","","84d44f2d-aa9d-488a-ade9-ae2951d31712"
"951","agarra","بگیر","افعال پایه","","71137f24-9b2a-41d8-b44c-84ab65610201"
"952","agradecértelo","تشکر کردن از تو برای آن","افعال پایه","","50b47f20-b7a9-4150-a2dd-f089c186072b"
"953","agradezco","سپاسگزارم ، تشکر می‌کنم","افعال پایه","","a479d01e-dd30-4e5c-a56c-287585fa4a9e"
"954","alquilar una casa","اجاره کردن یک خانه","افعال پایه","","ec770966-fa98-4f6b-bc56-d551b643cfa0"
"955","anda","راه برو ، برو ، یالله","افعال پایه","","d44c68ea-4fef-4c4c-aecb-3b3d45c71ff6"
"956","andando","در حال راه رفتن ، پیاده","افعال پایه","","9fa980e5-d4f8-47de-8ccc-728cbe5894cc"
"957","anduviste","راه رفتی","افعال پایه","","ea9ea913-5ab9-4c72-84ec-29173e94e381"
"958","apaga la televisión","تلویزیون را خاموش کن","افعال پایه","","812e5d2c-3db8-4743-93ad-1b3185334db3"
"959","apadrinamiento","حمایت ، سرپرستی","افعال پایه","","d2e97d8b-97a6-4ac9-843d-e777cf732e3e"
"960","apoyar la mano","دست را گذاشتن ، تکیه دادن دست","افعال پایه","","a5cabb86-d636-4c89-bbc0-6acb3e319a24"
"961","apreta","فشار بده","افعال پایه","","49f80ab0-4605-477e-83a4-699919b07d91"
"962","apurarme","عجله کردن خودم","افعال پایه","","bf4c46f2-846d-4ff1-a42f-82c63df4b7e0"
"963","arrastra","کشیدن ، رها کردن و کشیدن درگ کردن","افعال پایه","","01c37523-a5ca-4a47-80b5-30f2718624c8"
"964","asignamos","اختصاص می‌دهیم ، واگذار می‌کنیم","افعال پایه","","003a80eb-182f-4e7b-b48c-36cb70cbe714"
"965","asistieron","حضور یافتند ، شرکت کردند","افعال پایه","","13831d18-e1d2-44cc-b32e-4f0e3b2dde2d"
"966","añada","اضافه کنید","افعال پایه","","25327c22-cc72-4ed1-8d57-d9dc8d4f5d38"
"967","añadir agua","اضافه کردن آب","افعال پایه","","9156dea3-4019-4ed9-8e9d-8538996f74d2"
"968","añadir el apellido","اضافه کردن نام خانوادگی","افعال پایه","","dcaa1aac-8d54-406e-88b5-49a0fb8771ee"
"969","añadir especias","اضافه کردن ادویه‌جات","افعال پایه","","d44be320-7ede-4359-afff-54b261c3ddf4"
"970","añadir hierbas","اضافه کردن سبزیجات ، گیاهان دارویی","افعال پایه","","fea01c45-d4b3-45f8-9c60-e2e51cf29894"
"971","añadir levadura","اضافه کردن مخمر","افعال پایه","","93a8b60b-44c8-4b58-a690-56fcc08390cc"
"972","añadir marisco","اضافه کردن غذاهای دریایی","افعال پایه","","33841608-a9fb-426b-89fe-9cc96d810a5b"
"973","añadir salsa","اضافه کردن سس","افعال پایه","","10d79dee-f6ef-4eb4-9523-c556559fdec4"
"974","añadir vinagre","اضافه کردن سرکه","افعال پایه","","1138fa38-5154-42db-9d7c-8ebb5cb99163"
"975","añadir vino","اضافه کردن شراب","افعال پایه","","5bcbeed0-7737-40f9-a1ca-24d3797a7f1e"
"976","bajarme","پایین آمدن خودم","افعال پایه","","ee04803f-7e85-4556-9623-db0f51a4fdc7"
"977","batiendo","در حال هم زدن ، شکست دادن","افعال پایه","","d94e2a3d-03e7-4070-9fce-ab4e870738c7"
"978","bombear sangre","پمپاژ کردن خون","افعال پایه","","b11c7189-b46b-4973-b906-3f21aea1ea62"
"979","bromeando","در حال شوخی کردن","افعال پایه","","b50bc477-19c2-40c6-91d2-2340f018eb56"
"980","buscó","جستجو کرد","افعال پایه","","c4139331-9d00-475e-bcbd-89e630733860"
"981","cae","می‌افتد","افعال پایه","","43673969-b41b-4ce1-bb8c-fb9cf0e72b46"
"982","cambiamos","تغییر می‌دهیم","افعال پایه","","d986fc69-9d75-4a54-9c59-a659d7a2c59b"
"983","cambiar de dirección","تغییر دادن جهت","افعال پایه","","4b92c280-9bca-4deb-88d5-0170af8bcd4d"
"984","cambiar el apellido","تغییر دادن نام خانوادگی","افعال پایه","","6edb2fc1-b117-4cb9-8544-50a72a4107ef"
"985","cenando","در حال شام خوردن","افعال پایه","","a3919708-58e5-491c-b716-4c09f1273ddd"
"986","cenar juntos","شام خوردن با هم","افعال پایه","","defdf3c2-8fd7-4b85-940d-285c5d622959"
"987","cenar romántico","شام رمانتیک خوردن","افعال پایه","","3eac6afb-8a6b-48be-a78b-11e9c90fe394"
"988","centraré","تمرکز خواهم کرد","افعال پایه","","8bcef65f-743c-4247-a576-0f3326ec61b7"
"989","cocer a presión","پختن با زودپز","افعال پایه","","c7c96645-e27d-49eb-9f96-1ca0e3705a50"
"990","celebrar el compromiso","جشن گرفتن نامزدی","افعال پایه","","93aeb559-5f62-4c14-b585-72802cea1469"
"991","celebrar fiestas","جشن گرفتن مهمانی‌ها ، اعیاد","افعال پایه","","33383911-949b-4936-8fc1-6afeec778959"
"992","comer juntos","با هم غذا خوردن","افعال پایه","","5adfd870-6803-429f-90a4-a56f08a75bfd"
"993","cometí","مرتکب شدم","افعال پایه","","8c327fe0-0170-4a4e-9daf-8e4a57d286a8"
"994","compartimos","به اشتراک می‌گذاریم","افعال پایه","","5a314471-d85e-40b9-9b06-b10a3c317693"
"995","compartir la mesa","سر یک میز نشستن ، هم‌سفره شدن","افعال پایه","","b6bf9a71-b570-4855-8569-43e61366c625"
"996","compartir vacaciones","تعطیلات را با هم گذراندن","افعال پایه","","9cbacba1-207e-4dea-8b01-b565132afdcb"
"997","comunica","ارتباط برقرار می‌کند","افعال پایه","","305f668c-4d3b-432e-9f00-e0a152101750"
"998","conecto","وصل می‌کنم","افعال پایه","","26ff76ab-c4cc-4f8f-b952-afd992f4edb5"
"999","consideramos","در نظر می‌گیریم","افعال پایه","","af1d7da9-f22a-4609-8478-05ee0b21dfba"
"1000","construyen","می‌سازند","افعال پایه","","69f0b304-d378-4614-b5ad-5b80d93595b2"
"1001","controlan","کنترل می‌کنند","افعال پایه","","4aba1dab-4b13-4bf7-b42f-b9de2b162cb1"
"1002","convencido","متقاعد شده","افعال پایه","","dc6626c3-cc0b-4c41-ae69-ba9f0d6fe16c"
"1003","convertirme","تبدیل شدن خودم","افعال پایه","","21eaa838-ffcd-45ee-8156-081b0fc0abd2"
"1004","cortar las uñas","گرفتن ناخن‌ها","افعال پایه","","b9021434-bf7f-4fb4-b64e-94b529df6aa5"
"1005","cuecen","می‌پزند","افعال پایه","","15c2ebde-5a2e-45c5-936b-33f29db134ba"
"1006","cuidando","در حال مراقبت کردن","افعال پایه","","f1a842f9-9e37-4453-9f0c-48c63f5dbdf9"
"1007","cuidar al bebé","مراقبت کردن از نوزاد","افعال پایه","","0e3baba3-4abb-488e-b3d6-417c824e8758"
"1008","dar amor incondicional","عشق بی‌قید و شرط دادن","افعال پایه","","2168ec5b-51ce-482a-83b8-cff62d2b85bb"
"1009","dar marcha atrás","دنده عقب رفتن ، پس‌روی کردن","افعال پایه","","3d3b29d7-1e65-4f6d-842d-7e226667f789"
"1010","darle","به او دادن","افعال پایه","","06268a54-7bae-412b-a7b1-3ab622eaa00f"
"1011","dejar de","دست کشیدن از ، متوقف کردن","افعال پایه","","4ccb3ec3-7467-43d7-b014-2ce6b5bf88c7"
"1012","dejar el trabajo","رها کردن شغل","افعال پایه","","ddcbcc88-0e90-4576-ae46-27a6f098ccf8"
"1013","dejarlo","رها کردن آن","افعال پایه","","b0fd2382-463f-40ff-82d3-14a3882d305f"
"1014","demolieron","تخریب کردند","افعال پایه","","2d2190a0-6a64-4dba-97d5-d20a2bdd573e"
"1015","demostrando","در حال ثابت کردن ، نشان دادن","افعال پایه","","bb5b42c0-53d6-4378-b57e-91fc4e715ac5"
"1016","dependen","بستگی دارند","افعال پایه","","d8a3ee25-4814-4102-8c08-e55bd160b333"
"1017","despedirle","اخراج کردن او ، خداحافظی با او","افعال پایه","","cb8e4785-f1d3-4579-9cea-3378ed84cf0a"
"1018","despejando","در حال پاکسازی ، صاف شدن","افعال پایه","","1868cd4f-692b-4256-8015-a65dc375e405"
"1019","despejará","پاکسازی خواهد کرد ، روشن خواهد کرد","افعال پایه","","e22fad97-1937-4d54-aaee-3c8c3b86fdb2"
"1020","destruyo","نابود می‌کنم","افعال پایه","","f35ca583-61a2-42ec-b795-e1af0579d96b"
"1021","detener la marcha","متوقف کردن حرکت","افعال پایه","","6f2fab46-4bf8-4190-904a-fb1dd4d45424"
"1022","detesto","متنفرم","افعال پایه","","979c146b-69cd-4272-b015-0dc485d9ddbb"
"1023","dibujarla","کشیدن آن طراحی کردن","افعال پایه","","8f5b99d1-042c-4915-9c72-b6155d362c58"
"1024","discuten","بحث می‌کنند","افعال پایه","","fb75f9e7-121d-42ca-b9dd-e446e3c6b83e"
"1025","doblamos","می‌پیچیم ، تا می‌کنیم","افعال پایه","","09c77c22-e0e0-4870-9e26-0228b64cb7af"
"1026","dormir al bebé","خواباندن نوزاد","افعال پایه","","9d4f8b60-08ec-4ec4-b828-a16e573efea3"
"1027","empampado","خیس آب شده","افعال پایه","","53c896ea-21a5-48b7-9a02-dbf5a07311ad"
"1028","empezar a","شروع کردن به","افعال پایه","","467a55af-6b23-4c12-a60d-13817efd3f02"
"1029","empezar y terminar","شروع کردن و تمام کردن","افعال پایه","","b6353f43-4e73-4fa5-85ab-c20061b9c1b1"
"1030","enfocarte","تمرکز کردن تو","افعال پایه","","46ab5c33-c719-4f9d-849a-360f939663c6"
"1031","entra volando","در حال پرواز وارد می‌شود","افعال پایه","","99e729e5-4da2-40b7-8cff-50ac37700ee4"
"1032","entramos","وارد می‌شویم","افعال پایه","","1b36eee6-9396-484b-a37d-49b3fa8ce6ed"
"1033","envejecer juntos","با هم پیر شدن","افعال پایه","","8e510aa1-9247-453d-868b-336c885aa25d"
"1034","enviamos","می‌فرستیم","افعال پایه","","a14aa548-821f-44c4-9e17-b5aabc54d1ee"
"1035","envíame","بفرست برای من","افعال پایه","","0bb5aa3d-f979-44b4-beb3-4e18ed735715"
"1036","escojo","انتخاب می‌کنم","افعال پایه","","b175760b-c61e-4bdc-ba91-b14c8c984afb"
"1037","escuchar música","گوش دادن به موسیقی","افعال پایه","","e9e8d284-2a8a-4870-b3e6-d92cc80cf138"
"1038","escucharé","گوش خواهم داد","افعال پایه","","7c33133b-80c9-47dd-a045-82e70d655b1d"
"1039","escuchen","گوش دهید","افعال پایه","","27abad22-4d4f-46b3-babf-7fdd19b0ff8a"
"1040","escucho","گوش می‌دهم","افعال پایه","","88a7d643-a8f3-4ab2-8a8b-d391b1e1264c"
"1041","esperaba","منتظر بودم ، امیدوار بودم","افعال پایه","","edd10950-ef8f-4449-b0ef-a3bab27dc2d7"
"1042","esperé","منتظر شدم ، صبر کردم","افعال پایه","","83d24555-3fe4-4b1a-b238-4f09f7e41d65"
"1043","estaban protegiendo","در حال محافظت کردن بودند","افعال پایه","","0972c2ab-e82d-4291-a822-2a581466330f"
"1044","establecer contactos","برقراری ارتباطات شبکه‌سازی","افعال پایه","","cebc5049-c27a-4a57-9b4e-3b7fcf7cfd7a"
"1045","estirar las pantorrillas","کشش دادن به ماهیچه‌های ساق پا","افعال پایه","","8cf9df73-a91c-4117-aa87-e27c5e6247fd"
"1046","estornudo","عطسه","افعال پایه","","d6dace08-295e-4344-a1d5-aa3309859d34"
"1047","estudia","مطالعه می‌کند","افعال پایه","","3b5c3977-6520-46c4-ac09-47ead18559f3"
"1048","evaluamos","ارزیابی می‌کنیم","افعال پایه","","5eec4740-a4d6-4baa-9c55-534b4ff184ff"
"1049","evalúas","ارزیابی می‌کنی","افعال پایه","","1ef97e48-180d-4ce4-a588-c48c0a3d4285"
"1050","evitamos","اجتناب می‌کنیم","افعال پایه","","c4256b30-18ba-4eeb-a08e-d8e0b113904f"
"1051","examinarle","معاینه کردن او","افعال پایه","","28f44718-b6b2-4151-a328-b453a07f9fb6"
"1052","existe","وجود دارد","افعال پایه","","0b93f0a9-705c-4cdd-b8fa-9973a9c86e35"
"1053","explicaré","توضیح خواهم داد","افعال پایه","","be7efbdd-e04e-4fad-a9a3-1543c9c5c665"
"1054","firmar los papeles","امضا کردن مدارک","افعال پایه","","92ab6499-8bc4-42bc-9a76-52bfd029eeaf"
"1055","frenar en cuña","ترمز کردن به صورت هفت و هشتی در اسکی","افعال پایه","","414d438a-2d30-4e49-a3dd-a1cff0fe1840"
"1056","freír","سرخ کردن","افعال پایه","","affe54d1-4814-4b99-85a1-98eb68e34c77"
"1057","fríe","سرخ می‌کند","افعال پایه","","111f8508-7436-41ad-9d28-8cf094841b6a"
"1058","fui al cine","به سینما رفتم","افعال پایه","","baa19111-db5c-439c-9da2-c960b777ba43"
"1059","funcionando","در حال کار کردن ، فعال","افعال پایه","","f0ba9840-713e-4339-b9b9-3a8b1c726de3"
"1060","ganarán","برنده خواهند شد","افعال پایه","","bf423466-4d2f-4fad-82d5-ca5e497e2694"
"1061","ganen","برنده شوند","افعال پایه","","3f98fba2-50fc-4ae4-a86b-3d27391a7c18"
"1062","golpear la bola","ضربه زدن به توپ","افعال پایه","","a0a6a3a1-fc32-4c9d-ba9f-100800cb69d1"
"1063","golpear la pelota","ضربه زدن به توپ","افعال پایه","","5d76012b-2d78-49a4-b405-74223411373d"
"1064","golpeó","ضربه زد","افعال پایه","","cdb82372-1f85-4970-bb9e-559341ce3d57"
"1065","grabando","در حال ضبط کردن","افعال پایه","","db7077fa-a5b8-4668-862a-d3c37ec984dd"
"1066","grabo","ضبط می‌کنم","افعال پایه","","42aa1083-0ece-46e3-aa2d-35c1f3edd73c"
"1067","ha dado","داده است","افعال پایه","","405b4b9c-b783-4a27-a541-c1b9db581bf5"
"1068","ha enviado","فرستاده است","افعال پایه","","09869727-6d1f-40f0-a9cd-5bffb5eb1d0c"
"1069","ha salido","بیرون رفته است ، خارج شده است","افعال پایه","","cac34b08-fc04-436c-b20f-f76daf902a9b"
"1070","ha sido","بوده است","افعال پایه","","e98ac18e-4bcf-440a-92cd-e0c8b66723bc"
"1071","ha subido","بالا رفته است","افعال پایه","","ac33df66-c04d-4671-9b0f-56c8eb9782bd"
"1072","haber","داشتن ، وجود داشتن","افعال پایه","","4d1677df-0b78-4e83-b164-e7c511126b09"
"1073","había","وجود داشت ، بود","افعال پایه","","1e9fc953-9418-4dd8-a73a-a84a66aacc79"
"1074","hacer deporte","ورزش کردن","افعال پایه","","8e13acf3-1f94-4d76-995c-b80c80a96975"
"1075","hacer ejercicio","ورزش کردن","افعال پایه","","c874de08-8e05-4043-9cf0-2301f633938e"
"1076","hacer footing","دویدن نرم ، پیاده‌روی سریع","افعال پایه","","1b5c99e3-b559-4ad9-86bb-60d24583525d"
"1077","hacer fotos","عکس گرفتن","افعال پایه","","c275ed87-b243-4627-95f8-be16afb86515"
"1078","hacer la sobremesa","نشستن و گپ زدن سر سفره بعد از غذا","افعال پایه","","26c24efe-91f2-49ab-8abc-89b606ee7319"
"1079","hacer senderismo","پیاده‌روی در طبیعت ، کوهنوردی سبک","افعال پایه","","02bacad7-6b06-42f8-b9cc-8ef5c8d92055"
"1080","hacer una fiesta","مهمانی گرفتن","افعال پایه","","b88db081-3e77-4181-88e3-ba0f10e43559"
"1081","haciendo","در حال انجام دادن","افعال پایه","","9e2b21b3-bcae-4ef2-8c46-3183fb5ea271"
"1082","han funcionando","کار کرده‌اند","افعال پایه","","41aa07eb-8890-44d1-a303-bdebe5c4a50e"
"1083","han generado","ایجاد کرده‌اند","افعال پایه","","d3dc43f0-40ef-4194-81c3-92235e5bc971"
"1084","han limpiado","تمیز کرده‌اند","افعال پایه","","b7421c82-7a20-4c34-9bd5-5534500a9612"
"1085","han solucionado","حل کرده‌اند","افعال پایه","","8c1e29e3-8e7b-43be-9d01-985ea11598ce"
"1086","has mencionado","اشاره کرده‌ای","افعال پایه","","e630fafc-fb2a-4225-85df-070cfa11975a"
"1087","has mirado","نگاه کرده‌ای","افعال پایه","","512431f9-8e5b-48b6-9eab-f35908aadbae"
"1088","has pagado","پرداخت کرده‌ای","افعال پایه","","5e17b43c-3bc5-4736-bcc7-e9a731371c70"
"1089","has sabido","دانسته‌ای","افعال پایه","","d9afc305-c1e7-4b06-958a-d30caa13c0c5"
"1090","has sacado","درآورده‌ای ، بیرون کشیده‌ای","افعال پایه","","49499150-2cb2-49d3-af3c-4ad990c12b4d"
"1091","haz un pantallazo","اسکرین‌شات بگیر","افعال پایه","","a3599ee3-0758-4082-b5d4-9bc15e0cfbc7"
"1092","he aportado","سهم داشتم ، کمک کرده‌ام","افعال پایه","","42a510a9-ca20-440f-8e49-e0086ba7019b"
"1093","he asumido","پذیرفته‌ام","افعال پایه","","f240c009-a4f0-4cfa-acd5-c161b7bc8e2c"
"1094","he liderado","رهبری کرده‌ام","افعال پایه","","827d2415-921d-4653-9863-f21437eb34bb"
"1095","he logrado","موفق شده‌ام ، به دست آورده‌ام","افعال پایه","","57331783-1e69-4c06-b8a2-d75c4c5c4430"
"1096","he sacado","بیرون آورده‌ام","افعال پایه","","ce7c93a3-0d87-493c-8b8e-18e420068eb3"
"1097","heredar el apellido","به ارث بردن نام خانوادگی","افعال پایه","","5825a488-fc86-45f8-9fdf-102c3ab2d116"
"1098","heredar el carácter","به ارث بردن ویژگی اخلاقی ، شخصیت","افعال پایه","","0864c3e3-5933-4cdb-97c4-86595538bb0d"
"1099","hubiera gustado","دوست داشتم","افعال پایه","","3a111da1-5feb-4ef6-86b7-f2ce33834281"
"1100","hubo","وجود داشت","افعال پایه","","9bb3ccfb-59e9-4cac-a25e-fc907774433c"
"1101","iban a ser","قرار بود باشند","افعال پایه","","33b47399-a22d-4498-9d3c-d48649ad33f8"
"1102","impactará","تأثیر خواهد گذاشت","افعال پایه","","e6eaf60e-a28f-4b2c-9221-49c0262b83c0"
"1103","incluyen","شامل می‌شوند","افعال پایه","","9f69a261-3759-47fe-8f06-66dc3b021c6c"
"1104","indican","نشان می‌دهند","افعال پایه","","44895497-0513-470b-b5f5-a5f7d3028014"
"1105","investiga","تحقیق می‌کند","افعال پایه","","486c34f4-2cab-46fb-b848-907de88d8543"
"1106","investigando","در حال تحقیق کردن","افعال پایه","","e41c1edc-a9cf-43b2-b716-ecd1eb280342"
"1107","ir a esquiar","به اسکی رفتن","افعال پایه","","85a232dd-e763-402d-81f3-89a832ef0557"
"1108","ir al cine","به سینما رفتن","افعال پایه","","1d3d6446-55fd-447f-9c12-2b0faf442635"
"1109","ir al trabajo","به سر کار رفتن","افعال پایه","","2277f31e-ef5e-464e-8cd0-becee2d439bf"
"1110","irse de casa","از خانه رفتن","افعال پایه","","ea0bb9e5-c119-43d1-a8f8-69b0623604fb"
"1111","jugar juntos","با هم بازی کردن","افعال پایه","","e04a4a3c-d860-4526-bbe3-1208bc81990c"
"1112","jugar videojuegos","بازی‌های ویدیویی کردن","افعال پایه","","308edc0a-33f2-457a-a8b2-9d74c4aac714"
"1113","la he bloqueado","آن را مسدود کرده‌ام","افعال پایه","","e95deba9-e559-4fec-b4e6-3304feafcb60"
"1114","ladra","پارس می‌کند","افعال پایه","","7ff6368e-055e-4bb4-94fc-770a8f52cc28"
"1115","lanzo","پرتاب می‌کنم","افعال پایه","","d7402eab-8996-4831-a360-9e568da05d16"
"1116","levantar el pulgar","بالا بردن شست","افعال پایه","","785df7e3-b232-4ae2-addb-f8800b9a6635"
"1117","levantar la mano","بالا بردن دست","افعال پایه","","91aa81ed-dddd-4534-8478-2f273ae15374"
"1118","levantarme","بلند شدن خودم","افعال پایه","","95230288-d44a-4ff0-9686-07a3b095de72"
"1119","liarla","خرابکاری کردن ، دردسر درست کردن","افعال پایه","","f1df2b82-8322-4434-bd71-3ac5f7b9ef13"
"1120","liderar proyectos","رهبری پروژه‌ها","افعال پایه","","19fa5685-40e3-493e-a28c-37fe21841e6a"
"1121","llegar","رسیدن","افعال پایه","","a66241c1-5bf4-4500-8d71-8f3c6be533b3"
"1122","llegando","در حال رسیدن","افعال پایه","","906da870-47ef-4ade-ad67-3cff057776c4"
"1123","llevar el apellido","داشتن نام خانوادگی","افعال پایه","","27255b80-5650-492b-a7d0-3226fecfb2d0"
"1124","lloverá","باران خواهد بارید","افعال پایه","","38b0b2d7-2b8a-4210-a98c-467fd0fc61c7"
"1125","Lloviendo","در حال باریدن باران ، در حال باریدن","افعال پایه","باران
۲۳.","ea1fe2d5-edc2-46bd-86c4-755aa53fb759"
"1126","llueve","باران می‌بارد","افعال پایه","","7c7625b6-6581-4bc2-bc8f-40c1ea950e0a"
"1127","lo han seleccionado","او را انتخاب کرده‌اند","افعال پایه","","15c457f3-6a9a-4f19-80d1-31343467e1cb"
"1128","mantener la velocidad","حفظ کردن سرعت ، حفظ سرعت","افعال پایه","","722f307f-8bbc-4fb3-b485-45e4f514b69a"
"1129","mantener una promesa","به قول خود وفادار ماندن","افعال پایه","","f446342f-3621-42bb-9678-fdd5274bc7d6"
"1130","mantengo","حفظ می‌کنم ، نگه می‌دارم","افعال پایه","","2f4712fc-a659-46a8-b62d-70f3f4b56d3e"
"1131","me asusté","ترسیدم","افعال پایه","","15d30ac4-d5ab-4c7a-a94b-37725dd3746e"
"1132","me encantaría","خیلی دوست دارم","افعال پایه","","6d75237b-38c4-4f04-979f-f6713d650e42"
"1133","me ha saltado","برای من ظاهر شده","افعال پایه","","6e9b994a-2778-4871-9406-35f1a148bb01"
"1134","me han cortado","برای من قطع کرده‌اند","افعال پایه","","f4a40b5e-eee8-4660-9f81-a2c7c1aedc12"
"1135","me has engañado","مرا فریب داده‌ای","افعال پایه","","dca3b2fd-4076-48a3-b154-c24a664e2a14"
"1136","me he apuntado","ثبت‌نام کرده‌ام","افعال پایه","","1d594b2e-2b8f-4b87-bfd8-95d94a55d119"
"1137","me he olvidado","فراموش کرده‌ام","افعال پایه","","e0931b79-db28-4327-abf5-4c7a6452ffa7"
"1138","me siento estancado","احساس رکود می‌کنم","افعال پایه","","fd3ff14f-42e6-4ac9-a3b6-080dfd3d874f"
"1139","mejoramos","بهبود می‌بخشیم","افعال پایه","","297443ba-89cc-449f-9172-68c3832f46d7"
"1140","menciona","اشاره می‌کند","افعال پایه","","cc9c0b8d-3d59-4775-899c-64476c3414ee"
"1141","mereces","لایق هستی ، شایسته هستی","افعال پایه","","21b950fe-c807-40dd-b9ff-50c2c69655c9"
"1142","mide","اندازه می‌گیرد","افعال پایه","","aa69fd9b-df16-4410-a7f4-9655b20757d7"
"1143","mientas","دروغ می‌گویی","افعال پایه","","24f60177-a740-46da-82a0-75988ecc423f"
"1144","mimar al sobrino","لوس کردن برادرزاده یا خواهرزاده","افعال پایه","","674cf41d-3751-4310-8612-0e586875c5eb"
"1145","morderme","گاز گرفتن خودم","افعال پایه","","64525898-4e6e-4362-a54e-eb895c89ba57"
"1146","morderse las uñas","ناخن جویدن","افعال پایه","","1cd5b686-1d0f-4ab5-a856-e6b5b6330c54"
"1147","morirse de hambre","از گرسنگی مردن","افعال پایه","","4f26c1a7-80dc-4ae8-929a-4b6ecf4c534c"
"1148","mover la cabeza","تکان دادن سر","افعال پایه","","0c88cb88-e72c-4097-8b40-f52db21b9dd4"
"1149","mudamos","نقل مکان می‌کنیم","افعال پایه","","4fc3005c-be8d-4594-b0b6-7309de0ceabf"
"1150","muerde","گاز می‌گیرد","افعال پایه","","529ddbce-9b72-4802-8c58-2326fe59fef8"
"1151","muestres","نشان دهی","افعال پایه","","fde616b8-94bd-445a-8ee0-01b471c39df2"
"1152","murió","مرد ، درگذشت","افعال پایه","","fb0a3de7-c321-484b-aa46-3f8efad30993"
"1153","nacid","متولد شده","افعال پایه","","d780ab1a-ead7-446a-af3f-9812f156c90d"
"1154","obligar a casarse","مجبور کردن به ازدواج","افعال پایه","","1d2e6732-9bdd-4de4-868f-c5c641d34dd2"
"1155","ocultar una aventura","پنهان کردن رابطه پنهانی","افعال پایه","","61cbfbd2-30f8-4408-ad0b-e91a804903d9"
"1156","odia","متنفر است","افعال پایه","","0b8500b0-5282-43c7-a509-61dd13c9721e"
"1157","operar el corazón","عمل جراحی قلب","افعال پایه","","37d62d4f-9cd0-451e-ba2b-dceb5ae7f728"
"1158","opinas","نظر می‌دهی","افعال پایه","","9b9879ee-c715-4936-962c-1930ab0d241b"
"1159","organizar tareas","سازماندهی کردن وظایف","افعال پایه","","9c4b887b-7585-4c76-8201-de45b785b95b"
"1160","oír","شنیدن","افعال پایه","","60dde27e-32db-4c18-b2fa-c9d2dc98b3af"
"1161","para colaborar","برای همکاری کردن","افعال پایه","","4969b350-a4ec-42af-ab8f-c163cb434179"
"1162","para comer","برای خوردن","افعال پایه","","3bd02523-910d-42e7-8ce5-8b7f916bf3ef"
"1163","para mejorar","برای بهبود بخشیدن","افعال پایه","","07951d23-7cf4-4131-bab6-34c752d11f4c"
"1164","paramos","متوقف می‌کنیم ، می‌ایستیم","افعال پایه","","942ef50c-1112-4bbb-856f-e5b4ff951fe0"
"1165","parece","به نظر می‌رسد","افعال پایه","","80a9de7f-8c48-4000-a80e-428a1f1c4c98"
"1166","participan","شرکت می‌کنند","افعال پایه","","78442270-f750-48da-befc-0bd4b89e4816"
"1167","pasar la aspiradora","جاروبرقی کشیدن","افعال پایه","","bd4cb86d-d9a4-45f9-a166-3aee6de9dce6"
"1168","pasar tiempo juntos","وقت با هم گذراندن","افعال پایه","","e3269343-064b-4c64-b2b9-6ea27d14dc89"
"1169","pedir la mano","خواستگاری کردن","افعال پایه","","7d085b69-7b16-46d7-9778-c0ff637c2bc9"
"1170","perder sangre","خون از دست دادن","افعال پایه","","395df571-d656-4482-9c66-4374c5adc9a5"
"1171","permite","اجازه می‌دهد","افعال پایه","","e99a6cd6-322e-4ddf-9f57-56dab16ddac2"
"1172","piensa pensamientos positivos","افکار مثبت داشته باش","افعال پایه","","ed468308-be72-4b79-a0a0-e83509d8470e"
"1173","planificar vacaciones","برنامه‌ریزی تعطیلات","افعال پایه","","bd3f5ecf-020c-46fc-9f67-498b41e5f190"
"1174","planeas","برنامه‌ریزی می‌کنی","افعال پایه","","e8491e55-91e8-4089-869f-1ddaaf3e712e"
"1175","podemos ser amigos","می‌توانیم دوست باشیم","افعال پایه","","14c3268f-3378-4793-9989-e094ffe18b45"
"1176","podemos trabajar juntos","می‌توانیم با هم کار کنیم","افعال پایه","","fc8973a9-4ae2-4646-966d-4c65553e2120"
"1177","poner a parir","به شدت انتقاد کردن","افعال پایه","","fbaa7ab4-33c2-4b3d-8e54-d87a4a7df641"
"1178","ponerme metas","هدف‌گذاری کردن برای خودم","افعال پایه","","d05e336d-7937-4e3f-90b6-13939c1593eb"
"1179","preferiría","ترجیح می‌دادم","افعال پایه","","0a351f85-f5f2-4eca-975b-abb25aa214c4"
"1180","prefiere","ترجیح می‌دهد","افعال پایه","","be5dd572-50ce-4cfd-b833-e9fe821ecab3"
"1181","probamos","امتحان می‌کنیم","افعال پایه","","8d7d72d3-e003-4258-8c18-d2fe52f791b3"
"1182","prometen","قول می‌دهند","افعال پایه","","7c0f137d-74d6-40de-9392-24c99df9b1d3"
"1183","quedarse despierto","بیدار ماندن","افعال پایه","","ed5cd7b0-fbf9-46f0-9b80-2656bf77c113"
"1184","quedarse dormido","خواب ماندن","افعال پایه","","184e234b-ff59-47ec-881c-75da90fe8f67"
"1185","quedarse en casa","در خانه ماندن","افعال پایه","","0c875e20-46a4-43f4-9723-5ecb1c6d3afc"
"1186","quejarte","شکایت کردن تو","افعال پایه","","6f849bf9-8f1e-4ae4-be10-ae77f42db71a"
"1187","quemas","می‌سوزانی","افعال پایه","","48329556-45ee-4537-9be9-3a9c95dacdd9"
"1188","reaccionarán","واکنش نشان خواهند داد","افعال پایه","","3a1764b5-ea0d-469f-bb83-20d609c9de56"
"1189","rechaza","رد می‌کند","افعال پایه","","43b4b084-d28a-4843-ba35-f8610413bd43"
"1190","recomiendas","پیشنهاد می‌کنی","افعال پایه","","2ca869d6-e324-4248-9c6a-7527464ddce6"
"1191","recomendaría","پیشنهاد می‌کردم","افعال پایه","","7b54cf45-6d44-402b-ba3c-7ced3c035074"
"1192","Reducir la velocidad","کاهش دادن سرعت ، کم کردن سرعت","حمل و نقل","۷۵.","138d9d4b-df51-42fc-9777-3ec66723724c"
"1193","regresar a casa","بازگشت به خانه","افعال پایه","","cec9f6dc-a5d6-43ab-9a45-568ff48b3615"
"1194","renovar los votos","تجدید عهد کردن","افعال پایه","","893838e4-df8d-40f4-9dc2-e36811f6623f"
"1195","renovar votos","تجدید سوگند","افعال پایه","","414272ab-4316-4d72-ac15-155b9e40c45e"
"1196","repartir la herencia","تقسیم کردن ارث","افعال پایه","","7c9c9111-5805-44ea-b85d-59633645601b"
"1197","resolver conflictos","حل کردن مناقشات","افعال پایه","","48940500-c08b-4889-aa81-02dbd53bd7e2"
"1198","revisaremos","بررسی خواهیم کرد","افعال پایه","","dc07adff-1e74-4178-a901-70d4eaf29400"
"1199","revisarlo","بررسی کردن آن","افعال پایه","","4341682c-3992-41ce-947f-bb3da87be4c9"
"1200","revisaste","بررسی کردی","افعال پایه","","29237bde-fe19-48b4-a0e9-f2b764f3c02d"
"1201","revisemos","بررسی کنیم","افعال پایه","","454fa2e3-2e5a-499c-8f34-ad9c37092a1f"
"1202","reír","خندیدن","افعال پایه","","6e196ec2-1a96-4250-b4da-abf08e307d95"
"1203","romper aguas","کیسه آب پاره شدن","افعال پایه","","18bdf347-c9ec-4bab-ba46-ee9c70ff4d71"
"1204","rompimos","شکستیم ، رابطه را به هم زدیم","افعال پایه","","fb01a32b-033c-4f5e-ac40-21bb877f51c5"
"1205","salir a comer","بیرون برای غذا خوردن رفتن","افعال پایه","","c053f6f7-0e62-4ae3-bd3c-817721410671"
"1206","salir fuera","به بیرون رفتن","افعال پایه","","123e96d1-8170-496f-8987-71a307dc7fc6"
"1207","salir juntos","با هم بیرون رفتن","افعال پایه","","132e7241-b930-41e0-8994-9aa1f4e21adf"
"1208","salir mal","خراب شدن ، بد پیش رفتن","افعال پایه","","ec5cdb10-96a5-4df7-99dc-968d97ab3c2a"
"1209","se callen","ساکت شوند","افعال پایه","","0dd9a616-48ed-4238-bb5e-4060c463f78d"
"1210","se ha acabado","تمام شده است","افعال پایه","","ea5744d3-e86e-4052-b224-cf26d50177c8"
"1211","se ha retrasado","تاخیر داشته است","افعال پایه","","f341652f-53f6-4f47-84a9-9e09cca14b94"
"1212","se había ido","رفته بود","افعال پایه","","39a98421-80ef-4d6b-899e-23ed0a426159"
"1213","se pierde","گم می‌شود","افعال پایه","","819f9db2-1fc9-432e-a5d0-1975fcc2d345"
"1214","seguimos","ادامه می‌دهیم","افعال پایه","","bcfa4506-6ee1-43e2-979e-affcb65eb2ec"
"1215","sentir los movimientos","احساس کردن حرکات","افعال پایه","","53481d33-b88f-4d51-ac0e-fca37a8915f3"
"1216","sentirse querido","احساس محبوبیت کردن","افعال پایه","","78bf7c8e-4af6-44fe-bc5f-2ca7822d9d77"
"1217","si hubieses estado","اگر بودی","افعال پایه","","cf752851-599a-41d6-80b6-4a0fd575f2d6"
"1218","sido","بوده","افعال پایه","","8533666c-c9d2-4655-bbd9-44588959d1be"
"1219","siendo","در حال بودن","افعال پایه","","7f981fc1-ca5e-4202-b8c4-8b6231f739ae"
"1220","sigue","ادامه می‌دهد","افعال پایه","","a25acc2e-505c-48c9-bb96-33c048b745a0"
"1221","siguyendo","در حال دنبال کردن","افعال پایه","","18b0956b-d7c5-4230-bbbc-89404f908520"
"1222","sofreír","تفت دادن سبک","افعال پایه","","13a356eb-fd4a-4ac2-ab0b-fc57597a34f3"
"1223","solemos","عادت داریم","افعال پایه","","994efcb0-cb0c-4b41-a3eb-8ef355f61c59"
"1224","solíamos","عادت داشتیم","افعال پایه","","63f0c785-e0ad-4952-a87f-9119f0c83da5"
"1225","sonando","در حال صدا دادن","افعال پایه","","e04b933a-d883-494b-a0d1-9e4691a98e67"
"1226","subir al telesilla","سوار تله‌سیژ شدن","افعال پایه","","ee6d0568-6a20-4d64-baa0-7978f56e0c30"
"1227","subió","بالا رفت","افعال پایه","","2ee77e0b-c7e1-4a20-a837-7a42e7522ca0"
"1228","sucederá","اتفاق خواهد افتاد","افعال پایه","","5c1cee29-4dc6-49f1-b0e7-24401fdbc287"
"1229","sugiero","پیشنهاد می‌کنم","افعال پایه","","007babc0-87c6-43a0-b47e-124e0c19bfa2"
"1230","sugiero un compromiso","یک سازش پیشنهاد می‌کنم","افعال پایه","","8f225ca7-b04b-4c12-a4f0-3ff6bcde1e4d"
"1231","suponemos","فرض می‌کنیم","افعال پایه","","519a6697-b4c5-48b7-a509-b14223d70a34"
"1232","supongo","حدس می‌زنم ، فرض می‌کنیم","افعال پایه","","a4c794a2-a640-4b52-9b1c-cc6b8cfd057e"
"1233","supéralo","فراموشش کن ، با آن کنار بیا","افعال پایه","","44d4bbef-7de1-4eb2-9027-f1874779ceb1"
"1234","te entiendo","تو را درک می‌کنم","افعال پایه","","037e9438-4d99-420f-a96e-e1293691a865"
"1235","tener sentido","معنی داشتن","افعال پایه","","abbbde55-5aee-499f-aa3a-eb27e091c218"
"1236","tener un hijo","بچه داشتن","افعال پایه","","1f28fa85-3a02-400e-9623-ee5279ac6a7b"
"1237","terminar la relación","پایان دادن به رابطه","افعال پایه","","4e2e9fc7-4f58-432c-a4ad-eab96d49f1e6"
"1238","termines","تمام کنی","افعال پایه","","3a574697-58c8-415f-aa0c-7404da421fa9"
"1239","tienes que desconectar","ب야د استراحت کنی","افعال پایه","","385f8692-86e3-46e3-8fa5-70e7d362a7a2"
"1240","tienes que esforzarte","باید تلاش کنی","افعال پایه","","653a242d-e647-4483-a9cb-aa2aaa10e47e"
"1241","toca","لمس می‌کند ، نوبت است","افعال پایه","","a4041cec-7ac8-49b3-99bb-f66043b9b10a"
"1242","tomar prestado","قرض گرفتن","افعال پایه","","658c1618-c796-4397-a047-33de525ead1a"
"1243","traigan","بیاورند","افعال پایه","","ed958158-0938-48c9-816f-2ff8845d291d"
"1244","trata","تلاش می‌کند ، مربوط است","افعال پایه","","c65ab1f7-ab16-4e33-9b5c-a280faad4166"
"1245","unir","متحد کردن ، وصل کردن","افعال پایه","","6d83c788-8be6-47a4-98f0-c361b34e3bcb"
"1246","usa","استفاده می‌کند","افعال پایه","","28420e68-bf9d-4ed2-9549-ec7460e43148"
"1247","usar el mando","استفاده کردن از کنترل از راه دور","افعال پایه","","482c4904-665b-4e41-bab3-a985b0b8217c"
"1248","usar el pulgar","استفاده کردن از انگشت شست","افعال پایه","","b8f2f0bf-2f1f-42dc-97d0-a147c8b58c7b"
"1249","use","استفاده کند","افعال پایه","","b6a6d827-ab39-4877-99e3-31b723f9fba7"
"1250","utilizar el driver","استفاده کردن از درایور در گلف","افعال پایه","","ff809dc8-6178-4360-8481-a46a8bc6f239"
"1251","va a ir","خواهد رفت","افعال پایه","","c4d0bbe9-2e5f-41bd-b2a8-22d53711e6e9"
"1252","va demasiado rápido","خیلی سریع می‌رود","افعال پایه","","a26f8c9e-4fde-4440-998e-4d3a63cb7f85"
"1253","vais a ver","خواهید دید","افعال پایه","","b1f73b70-2034-4d28-8444-99c52d15d375"
"1254","valgo","ارزش دارم","افعال پایه","","7a98a324-a06c-46c2-9c87-c363c36caee1"
"1255","vas a conseguir","به دست خواهید آورد","افعال پایه","","6f6535c3-c3c7-40cd-a3c7-cd1c4196d8e0"
"1256","vas a explicar","توضیح خواهی داد","افعال پایه","","b565016e-2e12-4508-8fd9-c0e61081612e"
"1257","vas a mantener","حفظ خواهی کرد","افعال پایه","","59a377bd-9bce-4e16-809c-1908decb7b0c"
"1258","vayas","بروی","افعال پایه","","71aac5c5-d6eb-429a-afc6-08e4e7f19f84"
"1259","ver una película","دیدن یک فیلم","افعال پایه","","beeddf4a-1509-40ea-a7b3-6d8692f9f23c"
"1260","visitar al tío","ملاقات کردن عمو یا دایی","افعال پایه","","6007a651-a797-4df9-bda4-a3226c57e991"
"1261","vivir juntos","با هم زندگی کردن","افعال پایه","","693d5ec9-2f4a-4381-8d24-494bb82dda7e"
"1262","volaría","پرواز می‌کرد","افعال پایه","","b31451fc-974b-4517-b617-1bd5e16982ce"
"1263","voy en bici","با دوچرخه می‌روم","افعال پایه","","19b0a172-5398-41e1-bce5-50776eb6ade4"
"1264","CAGARLA","گند زدن به کار","افعال پایه","","466266e2-4ee2-4ad0-9784-017cab622f35"
"1265","COSTAR UN RIÑÓN","بسیار گران بودن","افعال پایه","","1e5533e7-e423-464e-a471-1b345cafb897"
"1266","ESTAR CHAFADO","دپرس بودن ، ناامید بودن","افعال پایه","","5ed3c52b-78b9-4e5f-bbfe-3e5c575bfc29"
"1267","ESTAR MOLIDO","خسته و کوفته بودن","افعال پایه","","83c3de9a-375e-4b0f-a436-299a382cdd3c"
"1268","ESTAR MOSQUEADO","مشکوک و عصبانی بودن","افعال پایه","","f3539412-df1d-497f-b15d-f816407a1b61"
"1269","ESTAR QUEMADO","خسته و فرسوده شدن از کار","افعال پایه","","706fb767-073b-4a56-8223-fe586aeba9d5"
"1270","ESTAR REVENTADO","از شدت خستگی متلاشی بودن","افعال پایه","","3585e1cc-60af-4bb8-a4a7-41c28af742bf"
"1271","ESTAR SATURADO","اشباع شده بودن ، کلافه از شلوغی","افعال پایه","","b9d9af53-6153-4f60-ba00-18489d18aa2a"
"1272","HACER LA PELOTA","پاچه‌خواری کردن ، چاپلوسی کردن","افعال پایه","","b7f4d22e-eb8d-47e3-9c64-1eb1b87e6e41"
"1273","IR TIRANDO","روزگار را گذراندن","افعال پایه","","700fab29-dc57-4978-8c7b-037513e6d11f"
"1274","NO PEGAR OJO","پلک روی هم نگذاشتن ، نخوابیدن","افعال پایه","","f16ef0aa-5ae8-4aa5-9a58-ccb0bb18b8ad"
"1275","PILLAR DESPREVENIDO","غافلگیر کردن","افعال پایه","","051155e4-55dc-424a-b2a8-9c740195091b"
"1276","QUEDARSE FLIPANDO","شگفت‌زده و متعجب شدن","افعال پایه","","678d2df5-95ff-4bff-86fd-6a75b46866d1"
"1277","SALIR DEL PASO","رفع تکلیف کردن ، از سر باز کردن","افعال پایه","","9475a7c3-f053-4f10-a40c-0c3ca4e06575"
"1278","SALIR RANA","کلک از آب درآمدن ، ناامید کردن","افعال پایه","","cd1be180-083f-4d16-9d1a-8b7d1eed43bf"
"1279","SER UNA GOLFA","زن هرزه بودن","افعال پایه","","941e9cfb-ae88-4132-b970-6a7d88467ffd"
"1280","TENER ENCHUFE","پارتی داشتن","افعال پایه","","e9590dc9-ded4-49bc-b5fb-9b35508f73f2"
"1281","nosotros abramos","ما باز کنیم","افعال پایه","","a700825f-cf94-4b3a-9c50-b971e6d0c070"
"1282","nosotros abrimos","ما باز می‌کنیم","افعال پایه","","ebaf89fb-c3b9-4334-acd7-34a504ddb35d"
"1283","nosotros abriremos","ما باز خواهیم کرد","افعال پایه","","6dbf4e68-5813-47d2-a238-343b2bc76a32"
"1284","nosotros abriríamos","ما باز می‌کردیم","افعال پایه","","d5a3ab07-e85d-434b-87d2-50e9fcec88a7"
"1285","nosotros abríamos","ما باز می‌کردیم","افعال پایه","","aa3ce16c-2809-435a-84fd-4805855ab2d9"
"1286","nosotros aprendamos","ما یاد بگیریم","افعال پایه","","bac103cc-355b-4b50-ab3b-b4bca28dd8da"
"1287","nosotros aprendemos","ما یاد می‌گیریم","افعال پایه","","639a91d1-2207-453c-a860-3484b1bdcf9b"
"1288","nosotros aprenderemos","ما یاد خواهیم گرفت","افعال پایه","","ebc62322-29ad-42f1-afb5-7468061c5855"
"1289","nosotros aprenderíamos","ما یاد می‌گرفتیم","افعال پایه","","eb117294-3430-40cb-9802-e24b13efdb14"
"1290","nosotros aprendimos","ما یاد گرفتیم","افعال پایه","","340a14e9-e2cd-4178-aa06-f57279c595ca"
"1291","nosotros aprendíamos","ما یاد می‌گرفتیم","افعال پایه","","c8a4d927-bcd1-4709-836e-24aa52a4449c"
"1292","nosotros bebamos","ما بنوشیم","افعال پایه","","419299a7-1c91-4e82-b2c5-a93ff2457e79"
"1293","nosotros bebemos","ما می‌نوشیم","افعال پایه","","467d3333-fe21-4c23-a9e4-d59d01a35a6c"
"1294","nosotros beberemos","ما خواهیم نوشید","افعال پایه","","7cb6ab79-42ff-4667-a2ae-ae15604109d7"
"1295","nosotros beberíamos","ما می‌نوشیدیم","افعال پایه","","fe1db6fb-43a4-4a0e-9561-42e9c125ff39"
"1296","nosotros bebimos","ما نوشیدیم","افعال پایه","","82ba78bd-23cc-4166-a471-ce0328289d43"
"1297","nosotros bebíamos","ما می‌نوشیدیم","افعال پایه","","6635e40b-216b-4c7e-9f74-8cbc4957851e"
"1298","nosotros buscamos","ما جستجو می‌کنیم","افعال پایه","","0df99577-3297-4805-a204-438c4c9d666c"
"1299","nosotros buscaremos","ما جستجو خواهیم کرد","افعال پایه","","6d774a8d-73e2-4580-aebf-d3f9b04a4824"
"1300","nosotros buscaríamos","ما جستجو می‌کردیم","افعال پایه","","b90d88a2-f619-4461-9578-d4e149a97c24"
"1301","nosotros buscábamos","ما جستجو می‌کردیم","افعال پایه","","695f91ff-4ae0-4762-85d3-4aa1be936d65"
"1302","nosotros busquemos","ما جستجو کنیم","افعال پایه","","dcc018b3-dfea-45c0-8dff-f5a9e593edc5"
"1303","nosotros cerramos","ما می‌بندیم","افعال پایه","","7c05aba2-830b-40e1-b8be-888585851cd5"
"1304","nosotros cerraremos","ما خواهیم بست","افعال پایه","","fa13ba74-29cf-43ef-808f-19ad8723b227"
"1305","nosotros cerraríamos","ما می‌بستیم","افعال پایه","","45bcdb69-e8da-4fe5-9ba9-c0fe7eec94dd"
"1306","nosotros cerremos","ما ببندیم","افعال پایه","","af1735a0-84ab-499e-a543-b342e588053f"
"1307","nosotros cerrábamos","ما می‌بستیم","افعال پایه","","38de7e78-6c2f-4cbe-8e2d-afc4dfd3a09e"
"1308","nosotros comamos","ما بخوریم","افعال پایه","","b9828b1f-628f-444c-b426-2abb7a57472f"
"1309","nosotros comemos","ما می‌خوریم","افعال پایه","","e793044e-eea5-441a-a1b6-7af4f8541e26"
"1310","nosotros comeremos","ما خواهیم خورد","افعال پایه","","3aeb63f9-2995-47e0-ab58-21e5a20d3827"
"1311","nosotros comeríamos","ما می‌خوردیم","افعال پایه","","9caba554-04bf-4ebb-b29e-ff11bae413e2"
"1312","nosotros comimos","ما خوردیم","افعال پایه","","68d18fb2-1a15-4150-a5cd-2c7a07df7fc2"
"1313","nosotros compramos","ما می‌خریم","افعال پایه","","1e2c3b32-25d8-4acd-b05a-0e618716ce8a"
"1314","nosotros compraremos","ما خواهیم خرید","افعال پایه","","b4aa74c3-287d-4be8-9c47-f5fb2a931e11"
"1315","nosotros compraríamos","ما می‌خریدیم","افعال پایه","","14c910fa-df01-4d09-bb07-78b95ccf6a65"
"1316","nosotros compremos","ما بخریم","افعال پایه","","3a7ea0f8-4ea9-48d7-9624-15ed4767eb66"
"1317","nosotros comprábamos","ما می‌خریدیم","افعال پایه","","62f24a71-16a8-4894-818d-32f327cc6297"
"1318","nosotros comíamos","ما می‌خوردیم","افعال پایه","","36a5253b-8360-4297-8f70-452d11b2f8d2"
"1319","nosotros conocemos","ما می‌شناسیم","افعال پایه","","71b6c616-bc5b-4658-ba34-931e4e7703d4"
"1320","nosotros conoceremos","ما خواهیم شناخت","افعال پایه","","dec4c3a1-f87b-4e08-bcc1-56a1d2dd77aa"
"1321","nosotros conoceríamos","ما می‌شناختیم","افعال پایه","","9e6cafaa-abb0-462d-9f9b-dddffe7bc1a6"
"1322","nosotros conocimos","ما شناختیم","افعال پایه","","334ebbef-a050-4204-b048-799e7e1db04a"
"1323","nosotros conocíamos","ما می‌شناختیم","افعال پایه","","75db20e6-0f8c-49c6-b0ae-186291b382e6"
"1324","nosotros conozcamos","ما بشناسیم","افعال پایه","","2154f7ac-7914-4cd1-b098-069e80861b2f"
"1325","nosotros creamos","ما خلق می‌کنیم ، باور می‌کنیم","افعال پایه","","7c0c7bc4-3acd-4baa-b960-c19e9685da40"
"1326","nosotros creemos","ما باور داریم ، خلق می‌کنیم","افعال پایه","","61da4baa-50ae-49b3-a8a1-e6733bc05ec5"
"1327","nosotros creeremos","ما باور خواهیم کرد","افعال پایه","","8989b1e4-ffae-4189-9c87-ecbbbf749c3a"
"1328","nosotros creeríamos","ما باور می‌کردیم","افعال پایه","","9abf0731-460e-4e73-85b3-4a9e3ed84ac8"
"1329","nosotros creíamos","ما باور می‌کردیم","افعال پایه","","003b4bae-d79c-4a72-8bc7-dca7474aa0f1"
"1330","nosotros creímos","ما باور کردیم","افعال پایه","","b2b2aaa9-0295-4e53-856a-7c2b064a2d39"
"1331","nosotros damos","ما می‌دهیم","افعال پایه","","fc96e378-dd74-4896-a89d-fff702b81d97"
"1332","nosotros daremos","ما خواهیم داد","افعال پایه","","035d4e23-6c89-485c-99e0-3acb0eca717d"
"1333","nosotros daríamos","ما می‌دادیم","افعال پایه","","ad613f4e-ac09-4c54-aca6-f7aa4cd48505"
"1334","nosotros decimos","ما می‌گوییم","افعال پایه","","66e28928-e2a8-4751-bb0f-36168677e82c"
"1335","nosotros decíamos","ما می‌گفتیم","افعال پایه","","dd852d12-f2ab-420d-8d1c-7075a570a9fa"
"1336","nosotros dejamos","ما رها می‌کنیم ، می‌گذاریم","افعال پایه","","87fbc826-94d8-40db-b98d-1abf383c6b8f"
"1337","nosotros dejaremos","ما رها خواهیم کرد","افعال پایه","","3a89399e-e9f0-4a8f-b21d-c4ccbe94edc5"
"1338","nosotros dejaríamos","ما رها می‌کردیم","افعال پایه","","85ddae6d-bdc2-4488-a0b5-752475a63b8d"
"1339","nosotros dejemos","ما رها کنیم","افعال پایه","","53eeb66d-2118-4bc0-852f-723572b3bb7f"
"1340","nosotros dejábamos","ما رها می‌کردیم","افعال پایه","","e3575b6b-df6e-4fad-92dd-49ffec10c0e8"
"1341","nosotros demos","ما بدهیم","افعال پایه","","3a517f05-c6a7-4ae0-9644-9bf52fbd0778"
"1342","nosotros digamos","ما بگوییم","افعال پایه","","58131b88-381c-46d7-85c1-48f8c6adb81d"
"1343","nosotros dijimos","ما گفتیم","افعال پایه","","7fd7c6b9-3e18-41eb-8a06-1624fd1c9c97"
"1344","nosotros dimos","ما دادیم","افعال پایه","","04763954-ad08-4eb7-ab2e-2d1b9d091758"
"1345","nosotros diremos","ما خواهیم گفت","افعال پایه","","10ce0527-b05d-4430-826a-602ec0481b6d"
"1346","nosotros diríamos","ما می‌گفتیم","افعال پایه","","5e2ebcd0-c2ae-4704-bc9b-95f1c8ee310a"
"1347","nosotros dormimos","ما می‌خوابیم","افعال پایه","","c5d7cdcc-f03b-4538-b4af-85661d158794"
"1348","nosotros dormiremos","ما خواهیم خوابید","افعال پایه","","08a38568-9033-441a-953e-eeb94ad1129a"
"1349","nosotros dormiríamos","ما می‌خوابیدیم","افعال پایه","","6b202211-ba61-4c75-89b4-e9e1c9273eed"
"1350","nosotros dormíamos","ما می‌خوابیدیم","افعال پایه","","36a74fb1-8c71-4d75-9f81-a9fd5c2f873d"
"1351","nosotros dos","ما دو نفر","افعال پایه","","150fc563-77bf-4ebf-8758-78aa8860ec26"
"1352","nosotros durmamos","ما بخوابیم","افعال پایه","","8f710c7e-6d4b-4a5d-80af-587ae3bc9c72"
"1353","nosotros dábamos","ما می‌دادیم","افعال پایه","","e3834a9a-0cc4-4f04-b73a-504ff2b59273"
"1354","nosotros empecemos","ما شروع کنیم","افعال پایه","","6ecdedeb-e635-4667-98c9-5a7a80e3cfc6"
"1355","nosotros empezamos","ما شروع می‌کنیم","افعال پایه","","dc4ef792-a639-43f2-8173-57e650d77a38"
"1356","nosotros empezaremos","ما شروع خواهیم کرد","افعال پایه","","d61d9366-d8ac-4fc5-8df1-e1c61d2d2e1c"
"1357","nosotros empezaríamos","ما شروع می‌کردیم","افعال پایه","","83cbe664-ad36-4864-9f92-79e96e48ee58"
"1358","nosotros empezábamos","ما شروع می‌کردیم","افعال پایه","","d5fb73b9-f58e-452e-bbef-bdf38b96fc93"
"1359","nosotros encontramos","ما پیدا می‌کنیم","افعال پایه","","8524eb59-8e86-4178-b407-909319524646"
"1360","nosotros encontraremos","ما پیدا خواهیم کرد","افعال پایه","","484e2085-37a5-47bc-9bc6-9d54899e76d6"
"1361","nosotros encontraríamos","ما پیدا می‌کردیم","افعال پایه","","9750a9c7-0a59-4db8-8444-da090c18ddb6"
"1362","nosotros encontremos","ما پیدا کنیم","افعال پایه","","ca3bb72f-de34-4713-96e6-cc764627f9e9"
"1363","nosotros encontrábamos","ما پیدا می‌کردیم","افعال پایه","","2e9f6539-368f-42ad-b97c-8bffa8a954e3"
"1364","usted dio","شما دادید","افعال پایه","","cfe5556d-9b80-4b23-ad7b-56eb1d5cbd11"
"1365","usted dirá","شما خواهید گفت","افعال پایه","","81d9c1fc-0d7b-459d-81fd-b9219e70249c"
"1366","usted diría","شما می‌گفتید","افعال پایه","","c75d83fe-c8ac-4cd3-8e43-c51c360d3b47"
"1367","usted dormirá","شما خواهید خوابید","افعال پایه","","32287dd9-d6b8-40ec-8ef3-0e06828f5bd3"
"1368","usted dormiría","شما می‌خوابیدید","افعال پایه","","bed2806d-9603-4d4c-af42-78918f30d47a"
"1369","usted dormía","شما می‌خوابیدید","افعال پایه","","451c1da0-4f00-4157-a689-d1adfff791d5"
"1370","usted duerma","شما بخوابید","افعال پایه","","96d4fd9c-84fc-4014-994a-12620ccac214"
"1371","usted duerme","شما می‌خوابید","افعال پایه","","af1da5d9-cb79-45f6-b616-150b2b477666"
"1372","usted durmió","شما خوابیدید","افعال پایه","","3c5ca59b-3c66-448e-88b1-7b18a600061b"
"1373","usted dé","شما بدهید","افعال پایه","","c82725ce-4651-4c86-89a7-7c5c5b6d1bd7"
"1374","usted empezaba","شما شروع می‌کردید","افعال پایه","","a1c7e055-b66b-4659-b538-ede1e317181d"
"1375","usted empezará","شما شروع خواهید کرد","افعال پایه","","bea4ea97-9622-498b-a017-083e66f757e8"
"1376","usted empezaría","شما شروع می‌کردید","افعال پایه","","a599cfea-5104-44c0-a051-203bfa81d5ac"
"1377","usted empezó","شما شروع کردید","افعال پایه","","19853608-6492-4727-8cd2-989b415b29be"
"1378","usted empiece","شما شروع کنید","افعال پایه","","c72818fb-8d19-46cb-a9a8-2c5b55d53326"
"1379","usted empieza","شما شروع می‌کنید","افعال پایه","","8b909f8f-6ab0-4ba2-8fa6-9f8272e5eebf"
"1380","usted encontraba","شما پیدا می‌کردید","افعال پایه","","aefcc5ff-7b13-4620-9597-6c36e30b5e01"
"1381","usted encontrará","شما پیدا خواهید کرد","افعال پایه","","91636a82-3f3a-4064-8f41-aa1a700d1041"
"1382","usted encontraría","شما پیدا می‌کردید","افعال پایه","","a25a56cc-b353-44ac-b6c5-f0e9f025bdc0"
"1383","usted encontró","شما پیدا کردید","افعال پایه","","25a05399-a915-4301-be96-c2dc9b1e393e"
"1384","usted encuentra","شما پیدا می‌کنید","افعال پایه","","2846462c-783d-4976-bd45-4bd3911ac387"
"1385","usted encuentre","شما پیدا کنید","افعال پایه","","847ec38e-76c2-4882-9e35-16cdfd32b843"
"1386","usted enseña","شما درس می‌دهید","افعال پایه","","a6b55de3-c283-4675-9b47-d76b138605bb"
"1387","usted enseñaba","شما درس می‌دادید","افعال پایه","","809394df-cdf7-46aa-a27f-6b8da616536f"
"1388","usted enseñará","شما درس خواهید داد","افعال پایه","","a3325f86-d9c0-4a92-92cf-6b1f630577f0"
"1389","usted enseñaría","شما درس می‌دادید","افعال پایه","","d7077cba-1c60-4a3f-8ba3-2a926fa30140"
"1390","usted enseñe","شما درس بدهید","افعال پایه","","ed80a6ca-3233-4c0b-b8bc-b9b7097ecda0"
"1391","usted enseñó","شما درس دادید","افعال پایه","","94a5531a-895e-45bf-ad0f-53f554f43150"
"1392","usted era","شما بودید","افعال پایه","","3af8ed57-bf45-41bd-93a9-99682cbdaade"
"1393","usted es","شما هستید","افعال پایه","","fefa9141-d8db-4f67-a697-069ad9266648"
"1394","usted escriba","شما بنویسید","افعال پایه","","e2946bab-180a-4f46-a8c0-b2a09ab93ea3"
"1395","usted escribe","شما می‌نویسید","افعال پایه","","8ff8ede8-7f48-4d3a-809f-ae2485d6290f"
"1396","usted escribirá","شما خواهید نوشت","افعال پایه","","a8f081f8-583f-4a52-b8ab-1984efdb464f"
"1397","usted escribiría","شما می‌نوشتید","افعال پایه","","24058649-9df0-40de-ae0b-1abba62d18ef"
"1398","usted escribió","شما نوشتید","افعال پایه","","26296887-2a94-4b73-b3ff-876d105e018c"
"1399","usted escribía","شما می‌نوشتید","افعال پایه","","c5643a1e-d22f-4e4b-abdd-957a6f186394"
"1400","usted estaba","شما بودید","افعال پایه","","9b1ae4f0-a6f0-498e-b0a2-216a7912aee3"
"1401","usted estará","شما خواهید بود","افعال پایه","","2e57df5c-7ee6-4bfb-b626-4ec5b37e39f5"
"1402","usted estaría","شما می‌بودید","افعال پایه","","d094608c-bc42-47cc-aabb-a8519ec6bd82"
"1403","usted estuvo","شما بودید","افعال پایه","","fcd7e93d-5669-4ac4-bca6-5e086ddfa76a"
"1404","usted está","شما هستید","افعال پایه","","e01ae8cf-e735-4b37-928e-2b7f5f025acf"
"1405","usted esté","شما باشید","افعال پایه","","af886019-47ed-4e7d-b806-2aecdd424abe"
"1406","usted fue","شما بودید ، رفتید","افعال پایه","","df32d39c-2664-498c-88c4-1f2289df9a1a"
"1407","usted gusta","شما دوست داشته باشید","افعال پایه","","fc071cfd-35bd-4e42-8de7-d958ea34d028"
"1408","usted gustaba","شما دوست داشتید","افعال پایه","","ad150f77-389d-4e06-882c-39e5361b7aba"
"1409","usted gustará","شما دوست خواهید داشت","افعال پایه","","e8d998e6-0b16-4275-8d98-ed645e3b4464"
"1410","usted gustaría","شما دوست داشتید","افعال پایه","","522d9c53-8b23-48a0-a244-146eb5f9b80f"
"1411","usted guste","شما دوست داشته باشید","افعال پایه","","3bc8a50d-dfb6-4c0c-9e17-6588917382a5"
"1412","usted gustó","شما دوست داشتید","افعال پایه","","27baf3c1-4042-4523-ba30-229df5fdd399"
"1413","usted habla","شما صحبت می‌کنید","افعال پایه","","a1994742-1167-410c-bf8e-5cb2b39dcb5f"
"1414","usted hablaba","شما صحبت می‌کردید","افعال پایه","","ea279026-2a7d-498a-97ca-a3887814b15d"
"1415","usted hablará","شما صحبت خواهید کرد","افعال پایه","","2ef3edf8-df32-43ff-8da1-272ccc84b632"
"1416","usted hablaría","شما صحبت می‌کردید","افعال پایه","","1e06c1df-d24e-4cc0-8c53-618aa81daeaa"
"1417","usted hable","شما صحبت کنید","افعال پایه","","dd84ec45-1fef-478a-9205-cce3e86aefe4"
"1418","usted habló","شما صحبت کردید","افعال پایه","","c45aabe8-5032-4557-a7be-56a9c4c2fab1"
"1419","usted hace","شما انجام می‌دهید ، می‌سازید","افعال پایه","","a037afcb-0dbb-4e64-8352-9cb9ba65de3b"
"1420","usted hacía","شما انجام می‌دادید ، می‌ساختید","افعال پایه","","5bf335d3-a362-47e5-b180-0f6d26014e74"
"1421","usted haga","شما انجام دهید ، بسازید","افعال پایه","","d9103ec6-03c7-4098-975c-3b1d1cde7ed0"
"1422","usted hará","شما انجام خواهید داد ، خواهید ساخت","افعال پایه","","d59c7598-3f62-4186-b26b-d0219b1f3ac1"
"1423","usted haría","شما انجام می‌دادید ، می‌ساختید","افعال پایه","","1effd713-f920-4929-8c1d-312aa2a88a58"
"1424","usted hizo","شما انجام دادید ، ساختید","افعال پایه","","23719013-5b45-4fbc-bbaf-3321e856992b"
"1425","usted iba","شما می‌رفتید","افعال پایه","","3b018bed-37a1-4020-9ff7-c84253067d7c"
"1426","usted irá","شما خواهید رفت","افعال پایه","","46d5a1a7-f37a-4215-ba22-21295339f249"
"1427","usted iría","شما می‌رفتید","افعال پایه","","06ee9d1d-187c-43b9-b17a-558d50701948"
"1428","usted lea","شما بخوانید","افعال پایه","","8a3e67fe-3007-4b9a-b944-3683f22f84cc"
"1429","usted lee","شما می‌خوانید","افعال پایه","","958c4460-ef2e-42fc-b948-1ddccce59b62"
"1430","usted leerá","شما خواهید خواند","افعال پایه","","7aa012bb-e3e4-410f-811a-5ff322985952"
"1431","usted leería","شما می‌خواندید","افعال پایه","","93a5fe8f-a4ad-488e-96c4-8f6554eae80a"
"1432","usted leyó","شما خواندید","افعال پایه","","32ce75a8-1b53-4c67-a53e-b1e6e181506c"
"1433","usted leía","شما می‌خواندید","افعال پایه","","6dca48ef-30b6-4791-8ff9-cf1232f91b82"
"1434","usted llega","شما می‌رسید","افعال پایه","","184eafc6-16fe-42db-b029-c68948c175e1"
"1435","usted llegaba","شما می‌رسیدید","افعال پایه","","2b34a298-2a28-492c-b12b-894a857098a1"
"1436","usted llegará","شما خواهید رسید","افعال پایه","","9b965eac-6a65-4c00-8601-742fe812b178"
"1437","usted llegaría","شما می‌رسیدید","افعال پایه","","18846b40-70d9-4e3a-95fb-8a870afa0929"
"1438","usted llegue","شما برسید","افعال پایه","","36caa9c9-a68a-447e-8c7a-9a9de6431525"
"1439","usted llegó","شما رسیدید","افعال پایه","","1acff60c-0fa1-4092-be62-ba06bfba1ccc"
"1440","usted lleva","شما می‌برید ، حمل می‌کنید","افعال پایه","","472b58a4-b32b-4aa0-bd83-0825cf3d11b3"
"1441","usted llevaba","شما می‌بردید ، حمل می‌کردید","افعال پایه","","6a3ba739-06a1-4396-9757-101e7e27adf7"
"1442","usted llevará","شما خواهید برد ، حمل خواهید کرد","افعال پایه","","bf78d4f9-78f7-40a4-9b4e-361c8144401f"
"1443","usted llevaría","شما می‌بردید ، حمل می‌کردید","افعال پایه","","2f9bb7a0-958a-4ecb-acd6-f77ce49f43dd"
"1444","usted lleve","شما ببرید ، حمل کنید","افعال پایه","","f6c28c9c-40aa-4a95-b2dd-e0b7a30aafc1"
"1445","usted llevó","شما بردید ، حمل کردید","افعال پایه","","6d3a65df-cd0e-4712-b25c-d2250cafcce1"
"1446","usted mira","شما نگاه می‌کنید","افعال پایه","","2100ee90-d904-45b1-a4d3-a39f6fe283e1"
"1447","usted miraba","شما نگاه می‌کردید","افعال پایه","","f219d8da-fdc5-44d7-8cff-a3dfed78fa8a"
"1448","usted mirará","شما نگاه خواهید کرد","افعال پایه","","cc33c7d8-c0cf-40ae-a62f-11da13af3677"
"1449","usted miraría","شما نگاه می‌کردید","افعال پایه","","213af8b1-414e-4c63-aedb-52e058c6aeda"
"1450","usted mire","شما نگاه کنید","افعال پایه","","f8c9dc2e-4b28-4080-b8fa-13cba3c28324"
"1451","usted miró","شما نگاه کردید","افعال پایه","","09686713-b43b-4db7-8778-16f0a8c79507"
"1452","usted necesita","شما نیاز دارید","افعال پایه","","01079179-a5db-4616-baf1-dbdbf3bb40b5"
"1453","usted necesitaba","شما نیاز داشتید","افعال پایه","","af763852-4e96-465c-8771-5bbb4115020b"
"1454","usted necesitará","شما نیاز خواهید داشت","افعال پایه","","5421bb2b-49aa-4f92-a961-0178bee93117"
"1455","usted necesitaría","شما نیاز داشتید","افعال پایه","","3c8a5743-df59-44e0-82c1-3a2205967d6c"
"1456","usted necesite","شما نیاز داشته باشید","افعال پایه","","cdf66ec4-da67-483c-a09f-fd500eb8cda5"
"1457","usted necesitó","شما نیاز داشتید","افعال پایه","","00824193-a24c-4031-a43d-267c670c95e0"
"1458","usted oiga","شما بشنوید","افعال پایه","","b0aea037-ee77-46dc-8553-2351491aabad"
"1459","usted oirá","شما خواهید شنید","افعال پایه","","8c2dcf0e-49fc-4e32-b366-3fa3d5f71241"
"1460","usted oiría","شما می‌شنیدید","افعال پایه","","c871e6ea-ec23-4c7d-99e4-dae9d163eeba"
"1461","usted oye","شما می‌شنوید","افعال پایه","","515ccff7-c354-4524-84f4-a81b4cc6aaa0"
"1462","usted oyó","شما شندید","افعال پایه","","cfce50d8-75c2-4d75-a1d7-f427e08e35ec"
"1463","usted oía","شما می‌شنیدید","افعال پایه","","80a6a24c-158c-45be-98e5-ca083cf7bc71"
"1464","usted paga","شما پرداخت می‌کنید","افعال پایه","","02424dce-f99a-4bad-9eb6-c0c9da8b9e72"
"1465","usted pagaba","شما پرداخت می‌کردید","افعال پایه","","888100ab-0f2c-4760-899c-0c73112b8bcc"
"1466","usted pagará","شما پرداخت خواهید کرد","افعال پایه","","4dfa2b6e-f910-4dfa-8728-e2f04be1e7c4"
"1467","usted pagaría","شما پرداخت می‌کردید","افعال پایه","","a9d7e427-b7fc-4650-a26a-e030db0b43bf"
"1468","usted pague","شما پرداخت کنید","افعال پایه","","d75093f1-845d-497a-b916-66896178d695"
"1469","usted pagó","شما پرداخت کردید","افعال پایه","","994da650-f620-430c-b0b3-045b079af4f4"
"1470","usted pedirá","شما درخواست خواهید کرد ، سفارش خواهید داد","افعال پایه","","05963e13-df78-43de-ace2-dbb3fd0f005b"
"1471","usted pediría","شما درخواست می‌کردید ، سفارش می‌دادید","افعال پایه","","89499d21-2c17-4305-b8b9-7c1118bf90ad"
"1472","usted pedía","شما درخواست می‌کردید ، سفارش می‌دادید","افعال پایه","","46586ca0-180e-412a-bcf4-3e5ffffef8c5"
"1473","usted pensaba","شما فکر می‌کردید","افعال پایه","","9d0de846-b9a3-419d-811f-0a8ea1dd78af"
"1474","usted pensará","شما فکر خواهید کرد","افعال پایه","","a89dcf43-beca-4fd5-b266-959ef81941bf"
"1475","usted pensaría","شما فکر می‌کردید","افعال پایه","","59c80e58-e191-43dc-a085-5cc76e726235"
"1476","usted pensó","شما فکر کردید","افعال پایه","","f4defeb7-12de-454d-96ae-0087f945f5a2"
"1477","usted pida","شما درخواست کنید ، سفارش دهید","افعال پایه","","ae8bdbac-1ec1-4037-88bf-b55447fc3e81"
"1478","usted pide","شما درخواست می‌کنید ، سفارش می‌دهید","افعال پایه","","556bf8c7-6491-4870-8ef6-35269e95ec58"
"1479","usted pidió","شما درخواست کردید ، سفارش دادید","افعال پایه","","aa9a9218-dc9b-4579-b0dd-917df8d3efd5"
"1480","usted piensa","شما فکر می‌کنید","افعال پایه","","96388026-c0a3-48f1-a07e-4d956f5b5182"
"1481","usted piense","شما فکر کنید","افعال پایه","","ec6ae0b4-76f8-4ea1-a542-0921e647cd0b"
"1482","usted podrá","شما خواهید توانست","افعال پایه","","44ea49dd-f56a-4609-aa56-718f7c37e27a"
"1483","usted podría","شما می‌توانستید","افعال پایه","","79576731-671b-4f1b-be2b-6de1e1d35592"
"1484","usted podía","شما می‌توانستید","افعال پایه","","56d49c68-3468-45d5-845a-91b6547d9a3b"
"1485","usted pondrá","شما خواهید گذاشت ، قرار خواهید داد","افعال پایه","","82a7dd11-0dc5-479c-976f-a63177cbb7c8"
"1486","usted pondría","شما می‌گذاشتید ، قرار می‌دادید","افعال پایه","","69f88846-0481-4948-b467-dc3fc6373942"
"1487","usted pone","شما می‌گذارید ، قرار می‌دهید","افعال پایه","","629239e1-20a0-46f5-bd4c-3b2818694155"
"1488","usted ponga","شما بگذارید ، قرار دهید","افعال پایه","","725e2c8d-f11b-415b-ae6e-5f2502a19461"
"1489","usted ponía","شما می‌گذاشتید ، قرار می‌دادید","افعال پایه","","dace42fe-aad1-4c23-a1c9-148fded7d157"
"1490","usted pregunta","شما سوال می‌پرسید","افعال پایه","","4be56cfb-70cd-4ee4-8b8b-2cd3d78786ff"
"1491","usted preguntaba","شما سوال می‌پرسیدید","افعال پایه","","46a43591-3a1e-438f-888d-c81e4636e65a"
"1492","usted preguntará","شما سوال خواهید پرسید","افعال پایه","","af32733c-7dd3-43c6-b689-c143b17b70ac"
"1493","usted perguntaría","شما سوال می‌پرسیدید","افعال پایه","","c631181b-3871-4c8f-91d9-c1280b8ccb61"
"1494","usted pregunte","شما سوال بپرسید","افعال پایه","","7412882b-d3ac-490f-9de5-2db600185124"
"1495","usted preguntó","شما سوال پرسیدید","افعال پایه","","cace067e-b707-474c-aff8-fe9273ef62f5"
"1496","usted pudo","شما توانستید","افعال پایه","","a9268da0-c79b-4f87-b4f1-7d26b594f1bf"
"1497","usted pueda","شما بتوانید","افعال پایه","","5e05bb7c-2694-4711-97ca-660832d6fa16"
"1498","usted puede","شما می‌توانید","افعال پایه","","5fcbd607-d01e-48f6-a674-85d318c168d4"
"1499","usted puso","شما گذاشتید ، قرار دادید","افعال پایه","","526f8b8f-f941-41d5-810f-30c438125cd9"
"1500","usted queda","شما می‌مانید ، قرار می‌گذارید","افعال پایه","","dd58b2ea-d603-411e-8fe2-6f129b3a1f6f"
"1501","usted quedaba","شما می‌ماندید","افعال پایه","","df3ac3d3-f54e-436a-9d1b-c29b3f6704fd"
"1502","usted quedará","شما خواهید ماند","افعال پایه","","3e0585b1-c022-4a85-b40c-392e5d820022"
"1503","usted quedaría","شما می‌ماندید","افعال پایه","","208fa5a1-7abe-4605-bd79-e8d451ece5d5"
"1504","usted quede","شما بمانید","افعال پایه","","1dd9ddfd-fd8e-44d7-b349-eed25268d5b8"
"1505","usted quedó","شما ماندید","افعال پایه","","6fbe70af-0517-4617-9b1c-cbacb16cf162"
"1506","usted querrá","شما خواهید خواست","افعال پایه","","4da2846e-56ab-41b9-88f6-2861afbb901f"
"1507","usted querría","شما می‌خواستید","افعال پایه","","8d656be9-c518-4483-a491-c85136681ba3"
"1508","usted quería","شما می‌خواستید","افعال پایه","","ea22550b-8aca-4890-8f46-ad7bb4250057"
"1509","usted quiera","شما بخواهید","افعال پایه","","30b9761c-cd49-457c-a761-20691e29cb16"
"1510","usted quiere","شما می‌خواهید","افعال پایه","","2b113e74-9fa7-4de3-807a-a7b435601015"
"1511","usted quiso","شما خواستید","افعال پایه","","03151bc9-1932-430c-8b33-a0ba747909d7"
"1512","usted responda","شما پاسخ دهید","افعال پایه","","91db0271-540a-4a74-8ae5-992c52d31149"
"1513","usted responde","شما پاسخ می‌دهید","افعال پایه","","29ac7079-5386-4e87-913e-741d0bc25269"
"1514","usted responderá","شما پاسخ خواهید داد","افعال پایه","","2f523cc1-caa6-4fac-8471-d4d4e8c69068"
"1515","usted respondería","شما پاسخ می‌دادید","افعال پایه","","c827c419-364d-4a74-84dc-46d35703244a"
"1516","usted respondió","شما پاسخ دادید","افعال پایه","","94714f19-26ee-40a9-a23a-4b3e7d924123"
"1517","usted respondía","شما پاسخ می‌دادید","افعال پایه","","a8c13980-19dd-449c-9f27-1d262f4298c3"
"1518","usted sabe","شما می‌دانید","افعال پایه","","92f04c72-7f2f-4c59-8c31-41733a553e26"
"1519","usted sabrá","شما خواهید دانست","افعال پایه","","613d038b-64cb-4ad4-84b4-07aefae0db85"
"1520","usted sabría","شما می‌دانستید","افعال پایه","","2aa93ef4-2d52-484f-a750-c887dfec58bb"
"1521","usted sabía","شما می‌دانستید","افعال پایه","","4b5dc957-f40e-45e0-a6e3-33414ad6d9d5"
"1522","usted saldrá","شما بیرون خواهید رفت","افعال پایه","","26bebd9f-fd4e-45cf-9af7-1634486cb1e9"
"1523","usted saldría","شما بیرون می‌رفتید","افعال پایه","","7f72bd06-e2f2-4aaa-9862-eb8408aa401e"
"1524","usted sale","شما بیرون می‌روید","افعال پایه","","0204f9e6-a285-4f9d-8df1-d9790d856e01"
"1525","usted salga","شما بیرون بروید","افعال پایه","","7ad91d1e-a03a-4843-912b-90844166a5ba"
"1526","usted salió","شما بیرون رفتید","افعال پایه","","a79693a8-1754-49bb-bbb1-27e5239860e9"
"1527","usted salía","شما بیرون می‌رفتید","افعال پایه","","2bb4e4a4-e1e4-4f23-8d78-0377f3aa236e"
"1528","usted sea","شما باشید","افعال پایه","","787f0f6b-0052-4326-aa5a-69f5633db855"
"1529","usted sentirá","شما احساس خواهید کرد","افعال پایه","","8fbdd26d-f646-45de-a7e0-a382d3ad282a"
"1530","usted sentiría","شما احساس می‌کردید","افعال پایه","","8ce52886-ceca-45a0-9190-a8e65d3352b8"
"1531","usted sentía","شما احساس می‌کردید","افعال پایه","","a82ccf61-d430-4648-ad2e-ee6f5ce2322d"
"1532","usted sepa","شما بدانید","افعال پایه","","e165f539-3960-45da-b16a-6f07d301fd95"
"1533","usted será","شما خواهید بود","افعال پایه","","6c8aee22-048f-4f42-a8b2-84cb39d852b1"
"1534","usted sería","شما بودید","افعال پایه","","c8fbffe3-50f2-4082-98b2-e2c33b718ee7"
"1535","usted sienta","شما احساس کنید","افعال پایه","","3dae855e-887f-4e7e-a1c5-20b581b20e64"
"1536","usted siente","شما احساس می‌کنید","افعال پایه","","b1388d5e-f5fc-4cd0-9500-d1266557054d"
"1537","usted sintió","شما احساس کردید","افعال پایه","","518b39cb-abee-45b8-8ad5-3d468090f8b7"
"1538","usted supo","شما دانستید ، فهمیدید","افعال پایه","","86b0e2d2-c65e-43c5-9883-7a79e7ec2aa7"
"1539","usted tendrá","شما خواهید داشت","افعال پایه","","99ccff3f-9cb4-46ee-a7b9-8136f264ba36"
"1540","usted tendría","شما داشتید","افعال پایه","","427eaceb-8915-45e7-8b67-c117394bbe9c"
"1541","usted tenga","شما داشته باشید","افعال پایه","","333eaaf4-eb71-43a9-8b65-dc5b18652778"
"1542","usted tenía","شما داشتید","افعال پایه","","d0b0a398-240d-487d-b080-604486f77345"
"1543","usted termina","شما تمام می‌کنید","افعال پایه","","b8b15913-9d88-4932-98bd-8225887789f4"
"1544","usted terminaba","شما تمام می‌کردید","افعال پایه","","d765d855-3761-464e-b37f-9c6b1757208e"
"1545","usted terminará","شما تمام خواهید کرد","افعال پایه","","60bff58a-2cfe-4bd0-97c6-070a34efcf64"
"1546","usted terminaría","شما تمام می‌کردید","افعال پایه","","55227c66-3520-412b-8d52-81770a9e6260"
"1547","usted termine","شما تمام کنید","افعال پایه","","b9216bdf-935b-4746-ad00-8f81675a94ae"
"1548","usted terminó","شما تمام کردید","افعال پایه","","5ed9bc90-3187-4718-bfdb-bf20c3718532"
"1549","usted tiene","شما دارید","افعال پایه","","dde7f692-bf7c-4841-82a6-490ca249ca68"
"1550","usted toma","شما می‌گیرید ، می‌نوشید","افعال پایه","","629e5dcb-41d4-4dc4-8c41-637037bb31d2"
"1551","usted tomaba","شما می‌گرفتید ، می‌نوشیدید","افعال پایه","","7c255c24-53bc-42bd-902c-99885ec5e626"
"1552","usted tomará","شما خواهید گرفت ، خواهید نوشید","افعال پایه","","f28ba9a5-b10c-4f21-863b-059ab5567373"
"1553","usted tomaría","شما می‌گرفتید ، می‌نوشیدید","افعال پایه","","91ae2ab4-6408-413c-92d5-65e2ad8199da"
"1554","usted tome","شما بگیرید ، بنوشید","افعال پایه","","b4e3914a-5092-4c46-ba1c-a05996d477ab"
"1555","usted tomó","شما گرفتید ، نوشیدید","افعال پایه","","5e045d9a-3814-49d7-9a40-762dd7ed70a3"
"1556","usted trabaja","شما کار می‌کنید","افعال پایه","","aec0f536-c3d6-43d0-ae0d-bdaf4e8937b4"
"1557","usted trabajaba","شما کار می‌کردید","افعال پایه","","5c17fc0e-5280-4751-8f95-dc0b1763013e"
"1558","usted trabajará","شما کار خواهید کرد","افعال پایه","","885bfbdd-34b9-48b1-b4f4-ce02bac50277"
"1559","usted trabajaría","شما کار می‌کردید","افعال پایه","","5f35e4bd-e403-44b7-b46a-b862bf450d33"
"1560","usted trabaje","شما کار کنید","افعال پایه","","960a8483-aed0-4669-ac08-fc8d388dd1bc"
"1561","usted trabajó","شما کار کردید","افعال پایه","","44fbf407-4b27-4f63-9df0-f2bf10f79803"
"1562","usted tuvo","شما داشتید","افعال پایه","","5c3fa5d8-2113-4274-8302-1cd248f9c845"
"1563","usted va","شما می‌روید","افعال پایه","","36f482ce-b7a6-4fb6-89b6-2544eeffc2a7"
"1564","usted vaya","شما بروید","افعال پایه","","086e7827-77c3-4d39-881b-59786707ee9a"
"1565","usted ve","شما می‌بینید ، ببینید","افعال پایه","","3aade5a5-efb2-426a-8685-d7d6f950acc0"
"1566","usted vea","شما ببینید","افعال پایه","","28868099-f84c-4151-a738-9c62ca91cfe4"
"1567","usted vendrá","شما خواهید آمد","افعال پایه","","4ffc393a-b00b-4d85-ade7-aa8974f80e96"
"1568","usted vendría","شما می‌آمدید","افعال پایه","","1c780077-fb40-46cf-a1d3-c6a1383147a3"
"1569","usted venga","شما بیایید","افعال پایه","","913bff54-72ea-4402-9f9a-66fdf8434cd1"
"1570","usted venía","شما می‌آمدید","افعال پایه","","364dd0ff-ab63-449e-9ed6-95a3af9bf39f"
"1571","usted verá","شما خواهید دید","افعال پایه","","55eafbcd-3173-4fde-bb4d-1a43fde2aefb"
"1572","usted vería","شما می‌دیدید","افعال پایه","","5b28a91f-b141-45f2-8c53-b949e3179601"
"1573","usted veía","شما می‌دیدید","افعال پایه","","f245995e-abbf-4d5d-a9cb-62d844e6fb40"
"1574","usted viene","شما می‌آیید","افعال پایه","","278a2e74-3bdc-4709-a39b-1012c68fef09"
"1575","usted vino","شما آمدید","افعال پایه","","5fe10572-9fd4-49f1-a558-095103ebe5e0"
"1576","usted vio","شما دیدید","افعال پایه","","03aa72a3-121f-491d-919b-13712d598f0d"
"1577","usted viva","شما زندگی کنید","افعال پایه","","9a08fb23-126e-465c-84fb-0eef90ef8dd0"
"1578","usted vive","شما زندگی می‌کنید","افعال پایه","","7e2bd76d-690e-4da8-b253-2cb93d635716"
"1579","usted vivirá","شما زندگی خواهید کرد","افعال پایه","","c60e762b-0438-4a6b-875b-ae8901b33359"
"1580","usted viviría","شما زندگی می‌کردید","افعال پایه","","9af65a2f-e514-46cb-9571-6cd9335aa766"
"1581","usted vivió","شما زندگی کردید","افعال پایه","","06ac913a-f6cd-4598-b161-28402cf40e3a"
"1582","usted vivía","شما زندگی می‌کردید","افعال پایه","","efaa65bc-b237-48e1-b30f-c54bc0be52b1"
"1583","usted volverá","شما برخواهید گشت","افعال پایه","","75858c7d-fc1e-485c-9191-bd250e5a65a3"
"1584","usted volvería","شما برمی‌گشتید","افعال پایه","","d37c91b9-43f3-4ecc-a7cd-c0e40c9c7279"
"1585","usted volvió","شما برگشتید","افعال پایه","","0c6f169a-9deb-4a28-a4d7-8e280934c0e0"
"1586","usted volvía","شما برمی‌گشتید","افعال پایه","","5d1905a3-e7e8-4d75-9e84-4956098184d6"
"1587","usted vuelva","شما برگردید","افعال پایه","","3245ecef-e97f-4348-a81e-af1375b648d6"
"1588","usted vuelve","شما برمی‌گردید","افعال پایه","","d64567be-89ab-4995-b807-5bd3b359a3e0"
"1589","ustedes abran","شما (جمع) باز کنید","افعال پایه","","abf2b45a-f271-4eb4-8faa-93627ee73fca"
"1590","ustedes abren","شما (جمع) باز می‌کنید","افعال پایه","","c4c8a47b-51a5-4f82-b757-10d2877a1a56"
"1591","ustedes abrieron","شما (جمع) باز کردید","افعال پایه","","4b7d2e07-29aa-4558-9139-5221a79d6c9f"
"1592","ustedes abrirán","شما (جمع) باز خواهید کرد","افعال پایه","","80c303dc-9261-4423-938f-b957b8f06caf"
"1593","ustedes abrirían","شما (جمع) باز می‌کردید","افعال پایه","","d47ae8ed-b548-47ef-a753-6951fa011d0e"
"1594","ustedes abrían","شما (جمع) باز می‌کردید","افعال پایه","","14ccd24d-acfe-4401-afc8-51db15ab55ec"
"1595","ustedes aprendan","شما (جمع) یاد بگیرید","افعال پایه","","0dc10cac-4b97-410a-a4dc-f6bae7108416"
"1596","ustedes aprenden","شما (جمع) یاد می‌گیرید","افعال پایه","","baf39619-d13c-4724-9700-2151970c699b"
"1597","ustedes aprenderán","شما (جمع) یاد خواهید گرفت","افعال پایه","","fd48461e-8ba9-4b5b-a5fa-146c35e0fa21"
"1598","ustedes aprenderían","شما (جمع) یاد می‌گرفتید","افعال پایه","","dd1b0d9f-cd1a-44fd-9daa-109c8c612865"
"1599","ustedes aprendieron","شما (جمع) یاد گرفتید","افعال پایه","","47d3e3cb-6611-406b-8a36-5dd6986fbe36"
"1600","ustedes aprendían","شما (جمع) یاد می‌گرفتید","افعال پایه","","01e8d301-c393-40c4-a257-b07ed58445b7"
"1601","ustedes beban","شما (جمع) بنوشید","افعال پایه","","da22bf53-b34a-4248-8d61-28d0791261fb"
"1602","ustedes beben","شما (جمع) می‌نوشید","افعال پایه","","adfbd997-1693-4b4b-9c5e-de2cb8c3de4c"
"1603","ustedes beberán","شما (جمع) خواهید نوشید","افعال پایه","","43902a46-4c5e-4343-bcdf-db03ca6f7883"
"1604","ustedes beberían","شما (جمع) می‌نوشیدید","افعال پایه","","13a1ea5b-e645-4a99-8157-534412a4dd11"
"1605","ustedes bebieron","شما (جمع) نوشیدید","افعال پایه","","a844d8fb-a5e0-4604-915b-92cf44d87a70"
"1606","ustedes bebían","شما (جمع) می‌نوشیدید","افعال پایه","","9ed770e4-edd2-4ccf-a8d9-fc7755d0f441"
"1607","ustedes buscaban","شما (جمع) جستجو می‌کردید","افعال پایه","","8aca688c-4137-4a93-9e14-d4a35d1805a8"
"1608","ustedes buscan","شما (جمع) جستجو می‌کنید","افعال پایه","","2232d419-e256-4fba-ae2d-0a73b7256f95"
"1609","ustedes buscaron","شما (جمع) جستجو کردید","افعال پایه","","9c139583-2ff0-42d6-942a-413ec6491e52"
"1610","ustedes buscarán","شما (جمع) جستجو خواهید کرد","افعال پایه","","15e5ce9d-f216-409a-a8c8-ec26e3bb3433"
"1611","ustedes buscarían","شما (جمع) جستجو می‌کردید","افعال پایه","","de5baa49-84cf-4f32-ae79-53d9cacd52d9"
"1612","ustedes busquen","شما (جمع) جستجو کنید","افعال پایه","","2554a563-2e6d-4201-bdd8-4ca3335f4bc4"
"1613","ustedes cerraban","شما (جمع) می‌بستید","افعال پایه","","b3886ce1-5d5a-468b-afbb-c028bdaf9242"
"1614","ustedes cerraron","شما (جمع) بستید","افعال پایه","","70c9303e-75f5-4129-ad2b-0eba54f1d476"
"1615","ustedes cerrarán","شما (جمع) خواهید بست","افعال پایه","","4f7a802a-2143-49d7-b630-fda954a9560c"
"1616","ustedes cerrarían","شما (جمع) می‌بستید","افعال پایه","","12097b77-d502-48ef-a4e4-cb3075bbfa5f"
"1617","ustedes cierran","شما (جمع) می‌بندید","افعال پایه","","d82179bc-a3a9-45ad-bfe1-1ffbd1dffe99"
"1618","ustedes cierren","شما (جمع) ببندید","افعال پایه","","08254534-3828-44af-8d82-25765a7231a4"
"1619","ustedes coman","شما (جمع) بخورید","افعال پایه","","1c01149f-dd95-4678-b0db-58383cd07d4d"
"1620","ustedes comen","شما (جمع) می‌خورید","افعال پایه","","74b2108f-b234-42eb-86d0-5e0c9016434d"
"1621","ustedes comerán","شما (جمع) خواهید خورد","افعال پایه","","cd96279e-387c-4b44-8cf5-c0cac7e9d438"
"1622","ustedes comerían","شما (جمع) می‌خوردید","افعال پایه","","dda3fe7a-ee13-4998-855f-0571ed27f0c1"
"1623","ustedes comieron","شما (جمع) خوردید","افعال پایه","","6fd86efc-e768-444a-81ac-08ce14ba0ba5"
"1624","ustedes compraban","شما (جمع) می‌خریدید","افعال پایه","","db97bad0-0802-4b8f-9b0b-53932e15f8c6"
"1625","ustedes compran","شما (جمع) می‌خرید","افعال پایه","","7b649c60-2cca-4b3a-b77e-f5e4f84a999c"
"1626","ustedes compraron","شما (جمع) خریدید","افعال پایه","","498d2e0a-e27d-41c8-8f32-d2a50bfe82ba"
"1627","ustedes comprarán","شما (جمع) خواهید خرید","افعال پایه","","4526c07b-6e4d-4065-91c7-41e0bbfb6f4a"
"1628","ustedes comprarían","شما (جمع) می‌خریدید","افعال پایه","","0940d57c-43d8-4a9e-a0d8-6c23f9e8a479"
"1629","ustedes compren","شما (جمع) بخرید","افعال پایه","","4f03259a-e17f-4806-84b1-d9d8ae1cab75"
"1630","ustedes comían","شما (جمع) می‌خوردید","افعال پایه","","deaf53e4-8d06-4df4-a2f5-2da2c9318283"
"1631","ustedes conocen","شما (جمع) می‌شناسید","افعال پایه","","7d5f8914-e2b0-4c6b-982e-e2dcdcecd7d2"
"1632","ustedes conocerán","شما (جمع) خواهید شناخت","افعال پایه","","22a7c62f-5c1a-4983-91be-c3404a9ffb99"
"1633","ustedes conocerían","شما (جمع) می‌شناختید","افعال پایه","","db11fa97-4add-4b23-adad-f59ad501cc91"
"1634","ustedes conocieron","شما (جمع) شناختید","افعال پایه","","faf96d82-3710-4054-adbc-264338605944"
"1635","ustedes conocían","شما (جمع) می‌شناختید","افعال پایه","","2a84494c-b034-45cd-982f-aa94aea9deba"
"1636","ustedes conozcan","شما (جمع) بشناسید","افعال پایه","","c4c38ca4-b1d7-476f-a6c3-c5a048582ee5"
"1637","ustedes crean","شما (جمع) باور کنید ، خلق کنید","افعال پایه","","bee495ff-f563-402f-bea7-68d5a45bedc6"
"1638","ustedes creen","شما (جمع) باور دارید ، خلق می‌کنید","افعال پایه","","3f549527-74cc-4e52-ab06-6df96d518a05"
"1639","ustedes creerán","شما (جمع) باور خواهید کرد","افعال پایه","","25aaa962-bbaa-430c-beb7-8d3c77703b68"
"1640","ustedes creerían","شما (جمع) باور می‌کردید","افعال پایه","","40df0f72-ae75-405e-a917-250ed1eb0bf6"
"1641","ustedes creyeron","شما (جمع) باور کردید","افعال پایه","","8b09f89f-239f-4661-a74f-44df2a0950f2"
"1642","ustedes creían","شما (جمع) باور می‌کردید","افعال پایه","","817b04d9-5fe0-4ce9-9bc9-6c359b052bb6"
"1643","ustedes daban","شما (جمع) می‌دادید","افعال پایه","","c9393e64-9bc6-4bb4-8bdb-ea154596435b"
"1644","ustedes dan","شما (جمع) می‌دهید","افعال پایه","","679fb794-87bc-421d-8a6c-3cb28183ca09"
"1645","ustedes darán","شما (جمع) خواهید داد","افعال پایه","","f3352944-207e-4efa-84a6-c3d9ea3cf2fa"
"1646","ustedes darían","شما (جمع) می‌دادید","افعال پایه","","a5dfc5aa-93cd-4ee9-8521-26978bb99d57"
"1647","ustedes decían","شما (جمع) می‌گفتید","افعال پایه","","16124c0e-58a5-487d-be6e-b8acaed7a3dd"
"1648","ustedes dejaban","شما (جمع) رها می‌کردید ، می‌گذاشتید","افعال پایه","","1f6798f5-8734-4c10-afef-05a55e114e3c"
"1649","ustedes dejan","شما (جمع) رها می‌کنید ، می‌گذارید","افعال پایه","","f64fe3f6-c3a9-43e6-acc2-7fec6c39614f"
"1650","ustedes dejaron","شما (جمع) رها کردید ، گذاشتید","افعال پایه","","1862495b-df63-4a83-af22-08747545ceab"
"1651","ustedes dejarán","شما (جمع) رها خواهید کرد ، خواهید گذاشت","افعال پایه","","abcba5d0-ab31-4943-a5f9-f34d0c593d96"
"1652","ustedes dejarían","شما (جمع) رها می‌کردید ، می‌گذاشتید","افعال پایه","","ec112e11-8ee5-4173-9c3a-6d8090054770"
"1653","ustedes dejen","شما (جمع) رها کنید ، بگذارید","افعال پایه","","4ae9b9e6-6941-4fe8-badd-f086d94ac690"
"1654","ustedes den","شما (جمع) بدهید","افعال پایه","","ac22d6b3-f5e5-4202-9e20-981a5e630a83"
"1655","ustedes dicen","شما (جمع) می‌گویید","افعال پایه","","b4f9e55e-573d-4d6b-ac70-354259009f13"
"1656","ustedes dieron","شما (جمع) دادید","افعال پایه","","1a33347a-9762-47b5-ad31-6b56d08eed09"
"1657","ustedes digan","شما (جمع) بگویید","افعال پایه","","65c55d5d-2f34-42ff-8163-ec607ac5eeb2"
"1658","ustedes dijeron","شما (جمع) گفتید","افعال پایه","","fc9f0590-d3f7-4a86-a8f2-03093d9ed810"
"1659","ustedes dirán","شما (جمع) خواهید گفت","افعال پایه","","325163e7-1dc0-4516-be35-954130f41aaf"
"1660","ustedes dirían","شما (جمع) می‌گفتید","افعال پایه","","c9034318-ae42-4fcc-b318-1bede24b6728"
"1661","ustedes dormirán","شما (جمع) خواهید خوابید","افعال پایه","","c5759f52-3832-4e45-8e2c-823de8e1730e"
"1662","ustedes dormirían","شما (جمع) می‌خوابیدید","افعال پایه","","89211f39-b8e1-4d49-983a-bd9712a24ccf"
"1663","ustedes dormían","شما (جمع) می‌خوابیدید","افعال پایه","","36e36720-9c4f-4360-ace4-daa0b3768b32"
"1664","ustedes duerman","شما (جمع) بخوابید","افعال پایه","","b8be5924-c2ec-4db2-8198-a9e2c81107da"
"1665","ustedes duermen","شما (جمع) می‌خوابید","افعال پایه","","e62bb099-ff09-428c-948b-9c1f927c1161"
"1666","ustedes durmieron","شما (جمع) خوابیدید","افعال پایه","","1377f52f-3229-4500-8cd5-6ad7aec16a60"
"1667","ustedes empezaban","شما (جمع) شروع می‌کردید","افعال پایه","","2edccd21-e7cd-49de-9970-779ce6aff23c"
"1668","ustedes empezaron","شما (جمع) شروع کردید","افعال پایه","","969bd35c-8cc6-4165-852a-ee330ea83327"
"1669","ustedes empezarán","شما (جمع) شروع خواهید کرد","افعال پایه","","f401f3c0-db26-4565-98d6-1b1f1619b094"
"1670","ustedes empezarían","شما (جمع) شروع می‌کردید","افعال پایه","","997da1ac-c3ac-4198-9336-76c9e5f942cb"
"1671","ustedes empiecen","شما (جمع) شروع کنید","افعال پایه","","628af383-2525-4a6c-a562-6cdcce6838eb"
"1672","ustedes empiezan","شما (جمع) شروع می‌کنید","افعال پایه","","6d2f3ade-a942-403b-9191-fa3a7a6ea4ad"
"1673","ustedes encontraban","شما (جمع) پیدا می‌کردید","افعال پایه","","ef015292-8be0-4f75-a7d8-a02235bdac78"
"1674","ustedes encontraron","شما (جمع) پیدا کردید","افعال پایه","","7ccf2ac2-4dd3-41ee-b1dd-ea944a4bfde0"
"1675","ustedes encontrarán","شما (جمع) پیدا خواهید کرد","افعال پایه","","09167852-42ed-4971-9439-6d25b31c1c44"
"1676","ustedes encontrarían","شما (جمع) پیدا می‌کردید","افعال پایه","","169c6df4-f4c6-4f02-ad01-fc3ce19927fb"
"1677","ustedes encuentran","شما (جمع) پیدا می‌کنید","افعال پایه","","5effbf69-27a1-44ba-b437-0f23845fa3f7"
"1678","ustedes encuentren","شما (جمع) پیدا کنید","افعال پایه","","10e5d221-45d4-4c5d-af6f-33f3d9562353"
"1679","ustedes enseñaban","شما (جمع) درس می‌دادید","افعال پایه","","6bf5f04b-b224-4ea5-bde6-0c1fd2075f84"
"1680","ustedes enseñan","شما (جمع) درس می‌دهید","افعال پایه","","07aec53d-6f06-4bf4-8f36-ce2258c70dbf"
"1681","ustedes enseñaron","شما (جمع) درس دادید","افعال پایه","","de35a947-7570-4eb7-88dc-1a75ea9dabcf"
"1682","ustedes enseñarán","شما (جمع) درس خواهید داد","افعال پایه","","4be99cbe-a152-4fa0-816c-7dbaa12c3410"
"1683","ustedes enseñarían","شما (جمع) درس می‌دادید","افعال پایه","","7482201e-bdcf-40f2-aeb6-1a25701e76e0"
"1684","ustedes enseñen","شما (جمع) درس بدهید","افعال پایه","","c0823ec3-0400-4dd6-b7e8-f811b9263875"
"1685","ustedes eran","شما (جمع) بودید","افعال پایه","","a6213234-b165-47c0-8c2b-152f88164df3"
"1686","ustedes escriban","شما (جمع) بنویسید","افعال پایه","","5cf52b7a-389e-41e7-903a-77bbfcad4a3d"
"1687","ustedes escriben","شما (جمع) می‌نویسید","افعال پایه","","7a64e459-9146-4209-ae3c-3c8d1161b5e1"
"1688","ustedes escribieron","شما (جمع) نوشتید","افعال پایه","","8267c911-5a86-4a94-ad8e-9c7e5054108e"
"1689","ustedes escribirán","شما (جمع) خواهید نوشت","افعال پایه","","0debd639-f144-400c-a91a-86eef9f176b8"
"1690","ustedes escribirían","شما (جمع) می‌نوشتید","افعال پایه","","80b1890c-dc8d-4a57-a55a-82de9014728e"
"1691","ustedes escribían","شما (جمع) می‌نوشتید","افعال پایه","","3e77994d-b040-4a52-bf1c-c56165c5d33b"
"1692","ustedes estaban","شما (جمع) بودید","افعال پایه","","f145389f-1962-4ca6-aa9c-7bb832bd1084"
"1693","ustedes estarán","شما (جمع) خواهید بود","افعال پایه","","ff0e9e35-15c3-46f1-b6a9-34e6521a3765"
"1694","ustedes estarían","شما (جمع) می‌بودید","افعال پایه","","305fab9c-cb2d-42f0-9aa4-25a8ac345bce"
"1695","ustedes estuvieron","شما (جمع) بودید","افعال پایه","","4dd8466e-172a-4be5-b4ef-26e7432ae980"
"1696","ustedes están","شما (جمع) هستید","افعال پایه","","b1a6f036-2cc8-4076-9efb-bb4613a4a0bf"
"1697","ustedes estén","شما (جمع) باشید","افعال پایه","","56400e95-1141-42ca-9b6e-cfcc3cfbd4c9"
"1698","ustedes fueron","شما (جمع) بودید ، رفتید","افعال پایه","","d245056e-f7ee-4a99-94d3-98087a6948f4"
"1699","ustedes gustaban","شما (جمع) دوست داشتید","افعال پایه","","efa7493a-f165-4e61-8644-6819fe5caf47"
"1700","ustedes gustan","شما (جمع) دوست دارید","افعال پایه","","8ce9b6dc-a732-4005-8a4a-397c8ab12521"
"1701","ustedes gustaron","شما (جمع) دوست داشتید","افعال پایه","","c4e95a98-78ce-4177-866d-f44dfcc3c557"
"1702","ustedes gustarán","شما (جمع) دوست خواهید داشت","افعال پایه","","c830bb72-56ac-426a-9256-6fc61f6a8e32"
"1703","ustedes gustarían","شما (جمع) دوست داشتید","افعال پایه","","f6130790-76c8-405d-8333-35f0f98eaec9"
"1704","ustedes gusten","شما (جمع) دوست داشته باشید","افعال پایه","","6b0c5dbb-f5a2-4c58-9174-11dac59034da"
"1705","ustedes hablaban","شما (جمع) صحبت می‌کردید","افعال پایه","","800efcef-6ae6-4346-abba-c0ee0558af8d"
"1706","ustedes hablan","شما (جمع) صحبت می‌کنید","افعال پایه","","8b7b6b09-4143-41e0-b2d1-a8570769411e"
"1707","ustedes hablaron","شما (جمع) صحبت کردید","افعال پایه","","f8b5cb90-bc2f-4bf5-ab8e-dffbf0c22b33"
"1708","ustedes hablarán","شما (جمع) صحبت خواهید کرد","افعال پایه","","f30d8cf5-1734-4f16-8637-1ec097eb211f"
"1709","ustedes hablarían","شما (جمع) صحبت می‌کردید","افعال پایه","","b56e6284-055f-4731-960a-02904ee886f2"
"1710","ustedes hablen","شما (جمع) صحبت کنید","افعال پایه","","a8d1c9b4-efc2-4f60-b548-b766405f0723"
"1711","ustedes hacen","شما (جمع) انجام می‌دهید ، می‌سازید","افعال پایه","","f9a2e81a-6aa1-4bfb-9992-a0c8806e4ba9"
"1712","ustedes hacían","شما (جمع) انجام می‌دادید ، می‌ساختید","افعال پایه","","2f18fe9a-6441-4076-b118-f4192a7c9697"
"1713","ustedes hagan","شما (جمع) انجام دهید ، بسازید","افعال پایه","","90a3f0a4-6569-4585-92b5-7799eb93bc70"
"1714","ustedes harán","شما (جمع) انجام خواهید داد ، خواهید ساخت","افعال پایه","","f40a8467-58f8-4e86-8c02-2c3cc7b54ef5"
"1715","ustedes harían","شما (جمع) انجام می‌دادید ، می‌ساختید","افعال پایه","","d42a764a-a31d-48a7-b1ca-4cd23423b7e5"
"1716","ustedes hicieron","شما (جمع) انجام دادید ، ساختید","افعال پایه","","f0d1f5e4-d6b3-4e40-8054-0d8cf2d5b7d6"
"1717","ustedes iban","شما (جمع) می‌رفتید","افعال پایه","","7cd53ef7-d1c2-4c97-8a72-fc1226dfef9b"
"1718","ustedes irán","شما (جمع) خواهید رفت","افعال پایه","","a061da03-a346-4cd7-8f9f-2ffa5abacb2d"
"1719","ustedes irían","شما (جمع) می‌رفتید","افعال پایه","","96b7309b-7847-4da2-ad5c-cd7b5b2bc41e"
"1720","ustedes lean","شما (جمع) بخوانید","افعال پایه","","2f3d4475-3736-4feb-8b51-6201a4086c84"
"1721","ustedes leen","شما (جمع) می‌خوانید","افعال پایه","","9de8654f-5201-4aa0-9724-8f06c4b64b9c"
"1722","ustedes leerán","شما (جمع) خواهید خواند","افعال پایه","","f543888e-904e-4afd-92e0-22a9155d73ed"
"1723","ustedes leerían","شما (جمع) می‌خواندید","افعال پایه","","f1de829d-3cb0-40e0-8d6d-8bce9a77eb76"
"1724","ustedes leyeron","شما (جمع) خواندید","افعال پایه","","f0bb3850-cfc2-40fb-8e90-76d4c5d96955"
"1725","ustedes leían","شما (جمع) می‌خواندید","افعال پایه","","a3f1f507-fa43-4ba8-ac0e-66d03f7d4db6"
"1726","ustedes llegaban","شما (جمع) می‌رسیدید","افعال پایه","","4cef56c8-0eba-4715-8e5a-f611b6c98973"
"1727","ustedes llegan","شما (جمع) می‌رسید","افعال پایه","","63cda9f0-04a7-42da-a7d5-902ed7dce3cf"
"1728","ustedes llegaron","شما (جمع) رسیدید","افعال پایه","","33441763-db47-458d-a9dc-bf789bd29b58"
"1729","ustedes llegarán","شما (جمع) خواهید رسید","افعال پایه","","32190690-9937-490e-9711-c0fd7b34c382"
"1730","ustedes llegarían","شما (جمع) می‌رسیدید","افعال پایه","","cfd2cb9a-7efc-4032-ac83-5d15cdc9f1f5"
"1731","ustedes lleguen","شما (جمع) برسید","افعال پایه","","182df501-a631-4272-a671-96987bbaaa5b"
"1732","ustedes llevaban","شما (جمع) می‌بردید ، حمل می‌کردید","افعال پایه","","1d0ea63f-4fba-42cf-88c4-1e28c06def4c"
"1733","ustedes llevan","شما (جمع) می‌برید ، حمل می‌کنید","افعال پایه","","04712016-b435-464e-8b9d-121492d4c598"
"1734","ustedes llevaron","شما (جمع) بردید ، حمل کردید","افعال پایه","","85563516-b112-4452-b0c6-368d22f5e68a"
"1735","ustedes llevarán","شما (جمع) خواهید برد ، حمل خواهید کرد","افعال پایه","","b951935b-a943-47b1-9989-ab41dfd3423e"
"1736","ustedes llevarían","شما (جمع) می‌بردید ، حمل می‌کردید","افعال پایه","","8e7906df-89a8-4fd4-8e40-b63432c688ed"
"1737","ustedes lleven","شما (جمع) ببرید ، حمل کنید","افعال پایه","","f921bd6b-f4c3-40a5-b669-cc0b61118653"
"1738","ustedes miraban","شما (جمع) نگاه می‌کردید","افعال پایه","","19b620c2-2bc7-4b44-888f-dac26120751d"
"1739","ustedes miran","شما (جمع) نگاه می‌کنید","افعال پایه","","82d6bf6f-0d57-422e-a8d6-2a015cba778f"
"1740","ustedes miraron","شما (جمع) نگاه کردید","افعال پایه","","0cca3bfc-0a77-41a5-bf2c-dababcd27b04"
"1741","ustedes mirarán","شما (جمع) نگاه خواهید کرد","افعال پایه","","39973cc5-ce39-401f-a910-15f946bc7d06"
"1742","ustedes mirarían","شما (جمع) نگاه می‌کردید","افعال پایه","","8d4bf834-5695-4228-9b0d-94e7bb19b16c"
"1743","ustedes miren","شما (جمع) نگاه کنید","افعال پایه","","eca7b825-5775-42e5-8452-e874a90f6217"
"1744","ustedes necesitaban","شما (جمع) نیاز داشتید","افعال پایه","","d640c276-2d3f-4695-b530-8b855f5be956"
"1745","ustedes necesitan","شما (جمع) نیاز دارید","افعال پایه","","466a00f0-2afe-4ea4-8321-a947ef945ac4"
"1746","ustedes necesitaron","شما (جمع) نیاز داشتید","افعال پایه","","a6298b50-5f20-4b46-a868-df5400d158b6"
"1747","ustedes necesitarán","شما (جمع) نیاز خواهید داشت","افعال پایه","","144721da-4111-4e12-8b40-9bb701b4f844"
"1748","ustedes necesitarían","شما (جمع) نیاز داشتید","افعال پایه","","369bf809-ac4a-422f-aa0b-f78d2f5fb669"
"1749","ustedes necesiten","شما (جمع) نیاز داشته باشید","افعال پایه","","26684387-9ec5-4f51-b0e2-cd44f392d0b5"
"1750","ustedes oigan","شما (جمع) بشنوید","افعال پایه","","2b6dad24-f62a-4872-a5b7-119a3e1248e0"
"1751","ustedes oirán","شما (جمع) خواهید شنید","افعال پایه","","1c2bc478-2767-4c88-90ac-b08873210646"
"1752","ustedes oirían","شما (جمع) می‌شنیدید","افعال پایه","","dd2a486a-f883-40d6-89c1-c5dc47071b7b"
"1753","ustedes oyen","شما (جمع) می‌شنوید","افعال پایه","","219b372b-e962-4f7b-ab80-28a2efc3ab06"
"1754","ustedes oyeron","شما (جمع) شندید","افعال پایه","","85977560-dacb-4454-820b-18a1c898d0dc"
"1755","ustedes oían","شما (جمع) می‌شنیدید","افعال پایه","","d1a93752-0839-4b3e-a8b0-763417bfce64"
"1756","ustedes pagaban","شما (جمع) پرداخت می‌کردید","افعال پایه","","ecb31414-2333-4d7b-abf4-593d183f8a67"
"1757","ustedes pagan","شما (جمع) پرداخت می‌کنید","افعال پایه","","44ef0385-59c6-4e6f-b06c-9ba7731b61d5"
"1758","ustedes pagaron","شما (جمع) پرداخت کردید","افعال پایه","","a25b5f48-8546-40af-adb2-5a6c3043b836"
"1759","ustedes pagarán","شما (جمع) پرداخت خواهید کرد","افعال پایه","","996af55e-ba4b-4d0e-ab1d-33889189c111"
"1760","ustedes pagarían","شما (جمع) پرداخت می‌کردید","افعال پایه","","c6f254cd-ed1a-4f1b-a4f6-dca8d1e094f2"
"1761","ustedes paguen","شما (جمع) پرداخت کنید","افعال پایه","","08d907cc-2197-465f-9c33-35dcafd59949"
"1762","ustedes pedirán","شما (جمع) درخواست خواهید کرد ، سفارش خواهید داد","افعال پایه","","38f0f69d-0166-491d-9089-690b56ad8cca"
"1763","ustedes pedirían","شما (جمع) درخواست می‌کردید ، سفارش می‌دادید","افعال پایه","","b6581278-1cda-48f5-86b7-159eddf37827"
"1764","ustedes pedían","شما (جمع) درخواست می‌کردید ، سفارش می‌دادید","افعال پایه","","59bd610f-1266-4ae2-abb0-3e311085ff7a"
"1765","ustedes pensaban","شما (جمع) فکر می‌کردید","افعال پایه","","d3cfe69b-42df-40ce-bd2f-8ab653b83e12"
"1766","ustedes pensaron","شما (جمع) فکر کردید","افعال پایه","","717ab340-97a9-45cb-a811-773842c10a79"
"1767","ustedes pensarán","شما (جمع) فکر خواهید کرد","افعال پایه","","c2bdc0a8-e318-452c-a711-a5d0b6a99406"
"1768","ustedes pensarían","شما (جمع) فکر می‌کردید","افعال پایه","","76dd825a-5546-47af-bf1c-2e30547cada3"
"1769","ustedes pidan","شما (جمع) درخواست کنید ، سفارش دهید","افعال پایه","","aaca39c9-7afb-4464-9375-da0285d1d99b"
"1770","ustedes piden","شما (جمع) درخواست می‌کنید ، سفارش می‌دهید","افعال پایه","","d3c82ece-79fa-4369-826e-bca1cc4d6688"
"1771","ustedes pidieron","شما (جمع) درخواست کردید ، سفارش دادید","افعال پایه","","4fed0f27-f056-494b-9df5-a6c1f2a4bd01"
"1772","ustedes piensan","شما (جمع) فکر می‌کنید","افعال پایه","","7ad1199d-c476-47b3-937b-04ce8b061fc0"
"1773","ustedes piensen","شما (جمع) فکر کنید","افعال پایه","","12df24b0-48e8-46e4-b5e2-546569ea4ae2"
"1774","ustedes podrán","شما (جمع) خواهید توانست","افعال پایه","","6f57d575-ddbd-4589-b01c-fa837f1ff0ab"
"1775","ustedes podrían","شما (جمع) می‌توانستید","افعال پایه","","b959648b-6c10-4322-b685-39608ee2ef23"
"1776","ustedes podían","شما (جمع) می‌توانستید","افعال پایه","","544a36f9-08c0-409e-b028-48ba3deef973"
"1777","ustedes pondrán","شما (جمع) خواهید گذاشت ، قرار خواهید داد","افعال پایه","","7db8e3f1-da67-4580-bade-9ebfe99575c1"
"1778","ustedes pondrían","شما (جمع) می‌گذاشتید ، قرار می‌دادید","افعال پایه","","b16f19e7-52a8-405d-a921-0af630296ef3"
"1779","ustedes ponen","شما (جمع) می‌گذارید ، قرار می‌دهید","افعال پایه","","0050499b-aa80-4930-b11c-dcb5c63f32f4"
"1780","ustedes pongan","شما (جمع) بگذارید ، قرار دهید","افعال پایه","","441d0df3-484e-40e6-84a5-004cfc961837"
"1781","ustedes ponían","شما (جمع) می‌گذاشتید ، قرار می‌دادید","افعال پایه","","dcc03ad3-78f0-4abf-9a0d-41869571a7da"
"1782","ustedes preguntaban","شما (جمع) سوال می‌پرسیدید","افعال پایه","","b179ec99-8fcc-45f8-bb01-be9655b54985"
"1783","ustedes preguntan","شما (جمع) سوال می‌پرسید","افعال پایه","","a7d236aa-3b6a-43c2-aaa7-9df683450bb9"
"1784","ustedes preguntaron","شما (جمع) سوال پرسیدید","افعال پایه","","c9b5d077-224a-4e2a-93f6-eab6b8e7792a"
"1785","ustedes preguntarán","شما (جمع) سوال خواهید پرسید","افعال پایه","","968f46e4-77f7-4229-a67c-cc3056cbd581"
"1786","ustedes preguntarían","شما (جمع) سوال می‌پرسیدید","افعال پایه","","fef3dca5-ba46-4f08-8d6c-d754fcabd371"
"1787","ustedes pregunten","شما (جمع) سوال بپرسید","افعال پایه","","8f884309-b4b1-4213-9504-76033b097ef5"
"1788","ustedes pudieron","شما (جمع) توانستید","افعال پایه","","6e04c6c1-800a-417c-83cb-3634312855ce"
"1789","ustedes puedan","شما (جمع) بتوانید","افعال پایه","","69a24749-609d-4d71-a823-706259145fb2"
"1790","ustedes pueden","شما (جمع) می‌توانید","افعال پایه","","8a61404c-168e-4f2a-87ed-3ad990861b0b"
"1791","ustedes pusieron","شما (جمع) گذاشتید ، قرار دادید","افعال پایه","","38c3490f-bcdb-4f93-b56a-105eab1f3597"
"1792","ustedes quedaban","شما (جمع) می‌ماندید","افعال پایه","","8ec47204-3d2c-4f48-b7d3-e6ab94a30e88"
"1793","ustedes quedan","شما (جمع) می‌مانید","افعال پایه","","c3fbaa3b-69f2-4cd9-9824-7b7ca76b5279"
"1794","ustedes quedaron","شما (جمع) ماندید","افعال پایه","","96e7d3b6-2f7a-4c94-bca8-98d536fe96fa"
"1795","ustedes quedarán","شما (جمع) خواهید ماند","افعال پایه","","f4eb8f4f-b02b-47cf-ad1a-ccad0dea1cc2"
"1796","ustedes quedarían","شما (جمع) می‌ماندید","افعال پایه","","87d135a6-25bf-48ad-a5e3-b699cdb8c1a4"
"1797","ustedes queden","شما (جمع) بمانید","افعال پایه","","849df83a-8cec-48f1-864c-fe98febe0187"
"1798","ustedes querrán","شما (جمع) خواهید خواست","افعال پایه","","05816699-9df7-4860-a489-bf3267d290ee"
"1799","ustedes querrían","شما (جمع) می‌خواستید","افعال پایه","","05b7eaf2-cc81-474f-9a9c-5b9e8cb0333c"
"1800","ustedes querían","شما (جمع) می‌خواستید","افعال پایه","","7af6cc9d-cbd9-4c9a-b187-cf2862e6ef30"
"1801","ustedes quieran","شما (جمع) بخواهید","افعال پایه","","3967f15e-2ab6-45b3-b532-02ea8a42a604"
"1802","ustedes quieren","شما (جمع) می‌خواهید","افعال پایه","","5707b7d0-c380-4e47-8f15-2ba67d5b11f3"
"1803","ustedes quisieron","شما (جمع) خواستید","افعال پایه","","c89ac371-12cb-46db-9f8b-e1e0da3eea48"
"1804","ustedes respondan","شما (جمع) پاسخ دهید","افعال پایه","","47eb605d-fb05-4296-a451-3c8a023e0fe9"
"1805","ustedes responden","شما (جمع) پاسخ می‌دهید","افعال پایه","","4d8e2bf1-68a6-4882-b0e1-a82c3019a808"
"1806","ustedes responderán","شما (جمع) پاسخ خواهید داد","افعال پایه","","9513e39a-6692-4d5c-99cc-a6ff9958c23d"
"1807","ustedes responderían","شما (جمع) پاسخ می‌دادید","افعال پایه","","caf5c39b-1765-453b-b04c-ad4aa1523bae"
"1808","ustedes respondieron","شما (جمع) پاسخ دادید","افعال پایه","","7b6d8f7c-d3b7-4765-b157-471556797f6b"
"1809","ustedes respondían","شما (جمع) پاسخ می‌دادید","افعال پایه","","394cdac7-8af8-4b55-8fde-5f9c10734675"
"1810","ustedes saben","شما (جمع) می‌دانید","افعال پایه","","4357014e-407a-4627-8ca1-261088c5b9c6"
"1811","ustedes sabrán","شما (جمع) خواهید دانست","افعال پایه","","b30f0c46-f3b3-4fb0-bcf4-ee03be8e72b6"
"1812","ustedes sabrían","شما (جمع) می‌دانستید","افعال پایه","","e9ed70dc-8796-458f-81c2-aee8edf43ae6"
"1813","ustedes sabían","شما (جمع) می‌دانستید","افعال پایه","","443b0b4f-090f-40d3-9c1a-acfbb0fed694"
"1814","ustedes saldrán","شما (جمع) بیرون خواهید رفت","افعال پایه","","6e2c1cdc-617d-435f-9c6e-619e5ef37e0d"
"1815","ustedes saldrían","شما (جمع) بیرون می‌رفتید","افعال پایه","","0cdf79bb-b31a-4598-89eb-da6ffd8622aa"
"1816","ustedes salen","شما (جمع) بیرون می‌روید","افعال پایه","","63944880-54e3-47f3-83de-7854ad58291f"
"1817","ustedes salgan","شما (جمع) بیرون بروید","افعال پایه","","aa07f2fd-7a30-46d7-a02a-70cf8b453674"
"1818","ustedes salieron","شما (جمع) بیرون رفتید","افعال پایه","","9170d172-85cf-4922-b9ec-adfd76b1ba60"
"1819","ustedes salían","شما (جمع) بیرون می‌رفتید","افعال پایه","","415be48b-ab16-4127-9cfa-9dce4fdb6d0f"
"1820","ustedes sean","شما (جمع) باشید","افعال پایه","","cbed467f-fbbf-4dd5-9214-e230098ab911"
"1821","ustedes sentirán","شما (جمع) احساس خواهید کرد","افعال پایه","","2edfac8b-adca-4b64-8105-b7e60fb44d31"
"1822","ustedes sentirían","شما (جمع) احساس می‌کردید","افعال پایه","","a0a00ac0-15a0-481b-a262-264dd863e361"
"1823","ustedes sentían","شما (جمع) احساس می‌کردید","افعال پایه","","5ecc7eb4-89da-43cf-a8a3-998f5b9244f5"
"1824","ustedes sepan","شما (جمع) بدانید","افعال پایه","","a2d1bb62-0f4c-4d05-9011-da378686744e"
"1825","ustedes serán","شما (جمع) خواهید بود","افعال پایه","","86a6cb89-18b8-4f3e-8f11-96a2397677f6"
"1826","ustedes serían","شما (جمع) بودید","افعال پایه","","36e42c9d-42d4-4eb4-b71f-1f2b21ce9a5f"
"1827","ustedes sientan","شما (جمع) احساس کنید","افعال پایه","","7a594f61-d61f-4c96-9089-5ce244eba42e"
"1828","ustedes sienten","شما (جمع) احساس می‌کنید","افعال پایه","","e8597877-94c0-4190-9715-ea84f6b9ecc9"
"1829","ustedes sintieron","شما (جمع) احساس کردید","افعال پایه","","a683cce5-3c61-4e43-a65d-f7d4d83b7575"
"1830","ustedes son","شما (جمع) هستید","افعال پایه","","3154b78b-4aa8-443d-8556-74a2082ac63b"
"1831","ustedes supieron","شما (جمع) دانستید ، فهمیدید","افعال پایه","","5bfa135f-1e50-450f-b676-32c68e0b4b67"
"1832","ustedes tendrán","شما (جمع) خواهید داشت","افعال پایه","","9c1ac2e7-adee-4f49-b80b-ec3956cab43c"
"1833","ustedes tendrían","شما (جمع) داشتید","افعال پایه","","82854385-ce87-4210-8bc8-cf5138115968"
"1834","ustedes tengan","شما (جمع) داشته باشید","افعال پایه","","31b9759a-c5d7-4f0c-8417-0ce0db45232f"
"1835","ustedes tenían","شما (جمع) داشتید","افعال پایه","","1e9af3b8-6348-4246-af51-595887730c06"
"1836","ustedes terminaban","شما (جمع) تمام می‌کردید","افعال پایه","","d6c51524-dc5e-41ba-81e9-edbcf8f3bba1"
"1837","ustedes terminan","شما (جمع) تمام می‌کنید","افعال پایه","","d3f3adb0-4945-4e8e-a0a7-d2d8aa847c6d"
"1838","ustedes terminaron","شما (جمع) تمام کردید","افعال پایه","","8a321c4e-5748-488d-abda-3215aa521ce5"
"1839","ustedes terminarán","شما (جمع) تمام خواهید کرد","افعال پایه","","e7326003-c83d-4f8e-9f8a-7cbf5739df4b"
"1840","ustedes terminarían","شما (جمع) تمام می‌کردید","افعال پایه","","e60c644b-cc76-4f0f-abcf-21b2b36d1472"
"1841","ustedes terminen","شما (جمع) تمام کنید","افعال پایه","","70e10266-4733-41d4-baa5-c3029b7c484c"
"1842","ustedes tienen","شما (جمع) دارید","افعال پایه","","3b64083f-cb60-4a03-81d6-c4363f3d63be"
"1843","ustedes tomaban","شما (جمع) می‌گرفتید ، می‌نوشیدید","افعال پایه","","9d2add8b-1226-40c1-8e51-97e571e8bb64"
"1844","ustedes toman","شما (جمع) می‌گیرید ، می‌نوشید","افعال پایه","","bc9c9b1a-22e3-48e0-9721-4e10c59fda9b"
"1845","ustedes tomaron","شما (جمع) گرفتید ، نوشیدید","افعال پایه","","ec170716-eb59-4925-a259-ee045df846e0"
"1846","ustedes tomarán","شما (جمع) خواهید گرفت ، خواهید نوشید","افعال پایه","","84995779-e507-41ac-870c-413affcfe606"
"1847","ustedes tomarían","شما (جمع) می‌گرفتید ، می‌نوشیدید","افعال پایه","","76425dc8-919d-4f48-a888-432972319181"
"1848","ustedes tomen","شما (جمع) بگیرید ، بنوشید","افعال پایه","","1ca69816-f9d8-4ed9-98ea-b135c085a97a"
"1849","ustedes trabajaban","شما (جمع) کار می‌کردید","افعال پایه","","bb3129b1-6d73-4cf7-8d14-0c5f6183a169"
"1850","ustedes trabajan","شما (جمع) کار می‌کنید","افعال پایه","","106b7409-9ed9-4130-894a-361a5f5be976"
"1851","ustedes trabajaron","شما (جمع) کار کردید","افعال پایه","","4af7681f-e288-434f-8a5a-f0fe68e31698"
"1852","ustedes trabajarán","شما (جمع) کار خواهید کرد","افعال پایه","","4aaed67f-d127-45a0-aebe-937d55dc37b4"
"1853","ustedes trabajarían","شما (جمع) کار می‌کردید","افعال پایه","","07f3a214-4bc6-48d2-90c2-ed167d06e9a3"
"1854","ustedes trabajen","شما (جمع) کار کنید","افعال پایه","","75598501-52dd-4437-91a6-9374d6716d98"
"1855","ustedes tuvieron","شما (جمع) داشتید","افعال پایه","","036bbe97-5b8b-4a5a-8baf-563c5dcede14"
"1856","ustedes van","شما (جمع) می‌روید","افعال پایه","","44cb6cb2-8870-4057-8e65-926397dfdeeb"
"1857","ustedes vayan","شما (جمع) بروید","افعال پایه","","170e3e52-bfdd-4698-8118-e9cb5b48ac07"
"1858","ustedes vean","شما (جمع) ببینید","افعال پایه","","a8e28897-08a3-4275-8a3b-cd12ac848078"
"1859","ustedes ven","شما (جمع) می‌بینید","افعال پایه","","e9c0dddc-8122-4cb7-b521-747f5be5f7a9"
"1860","ustedes vendrán","شما (جمع) خواهید آمد","افعال پایه","","66530464-4730-4584-a037-91af9c8e4d03"
"1861","ustedes vendrían","شما (جمع) می‌آمدید","افعال پایه","","52faaf81-714f-4efc-8532-348e8d25a551"
"1862","ustedes vengan","شما (جمع) بیایید","افعال پایه","","d59967cb-f647-4c79-a5a4-1e9962ee78aa"
"1863","ustedes venían","شما (جمع) می‌آمدید","افعال پایه","","57f58bc9-66ee-433b-acfc-7882bd27a8bb"
"1864","ustedes verán","شما (جمع) خواهید دید","افعال پایه","","0664bbeb-31a2-46e3-b529-fdf9ac0095b2"
"1865","ustedes verían","شما (جمع) می‌دیدید","افعال پایه","","6e9b7a5f-0a06-4225-b048-50f4cd6b2f03"
"1866","ustedes veían","شما (جمع) می‌دیدید","افعال پایه","","648f1e6a-88d9-4e28-bcf7-bd343a5c1496"
"1867","ustedes vienen","شما (جمع) می‌آیید","افعال پایه","","69ec21e6-5380-4f87-aa63-4d5a546557c5"
"1868","ustedes vieron","شما (جمع) دیدید","افعال پایه","","e9d9b82a-6abd-46f7-b6b6-88c4d026371c"
"1869","ustedes vinieron","شما (جمع) آمدید","افعال پایه","","bd09e78d-b81f-474b-ad1a-80b7cf884f6b"
"1870","ustedes vivan","شما (جمع) زندگی کنید","افعال پایه","","4b9c253d-0d7c-4493-bfd1-9365ad9efcb8"
"1871","ustedes viven","شما (جمع) زندگی می‌کنید","افعال پایه","","3869c61e-7c21-4efc-8ffc-85f6a0a780d7"
"1872","ustedes vivieron","شما (جمع) زندگی کردید","افعال پایه","","7bea1589-bc77-4c77-a937-2a3e3ab7e894"
"1873","ustedes vivirán","شما (جمع) زندگی خواهید کرد","افعال پایه","","8b6f3154-dc72-4db1-8776-42720624540e"
"1874","ustedes vivirían","شما (جمع) زندگی می‌کردید","افعال پایه","","87c4ef77-82f3-4073-9941-ab07cc2476d4"
"1875","ustedes vivían","شما (جمع) زندگی می‌کردید","افعال پایه","","7424d922-3161-4b0e-bbb7-916ca5345faa"
"1876","ustedes volverán","شما (جمع) برخواهید گشت","افعال پایه","","91c3e85d-d268-48a5-9e7f-626209e57642"
"1877","ustedes volverían","شما (جمع) برمی‌گشتید","افعال پایه","","143170a6-a5fc-4754-8a92-e269bb997b41"
"1878","ustedes volvieron","شما (جمع) برگشتید","افعال پایه","","99f9ed25-eab0-4c11-9da4-72ad13d60729"
"1879","ustedes volvían","شما (جمع) برمی‌گشتید","افعال پایه","","4b1de4c8-c1d8-4df5-aa03-43c70f818cdc"
"1880","ustedes vuelvan","شما (جمع) برگردید","افعال پایه","","2e32113f-8769-4dc3-99c3-4d8025ab484d"
"1881","ustedes vuelven","شما (جمع) برمی‌گردید","افعال پایه","","36b5fd0b-8b13-4c77-aedd-9e592d2f9aab"
"1882","vosotros abrid","شماها باز کنید","افعال پایه","","90f2d452-24cf-48be-9500-bc833c2affd8"
"1883","vosotros abriréis","شماها باز خواهید کرد","افعال پایه","","50af743e-fbb3-4f72-9a83-d192103838f6"
"1884","vosotros abriríais","شماها باز می‌کردید","افعال پایه","","45f2483d-9630-4013-955f-aa02a15f2a17"
"1885","vosotros abristeis","شماها باز کردید","افعال پایه","","c9055b12-64ad-4364-86f6-aeabb622b777"
"1886","nosotros enseñamos","ما درس می‌دهیم","افعال پایه","","8b2c48c9-8ebf-41af-9ce5-ddfdc7485224"
"1887","nosotros enseñaremos","ما درس خواهیم داد","افعال پایه","","6150f312-0e6f-4f09-898f-6021168c52e5"
"1888","nosotros enseñaríamos","ما درس می‌دادیم","افعال پایه","","e513e36f-45d6-4292-8263-e8635f55c79a"
"1889","nosotros enseñemos","ما درس بدهیم","افعال پایه","","ff06e865-1db9-4b7a-9c61-f360884633a4"
"1890","nosotros enseñábamos","ما درس می‌دادیم","افعال پایه","","6e87c9f5-6c6e-424c-b2df-ccdf2b8386bc"
"1891","nosotros escribamos","ما بنویسیم","افعال پایه","","e17346cb-339b-4e8d-b24c-098f040583a3"
"1892","nosotros escribimos","ما می‌نویسیم","افعال پایه","","efcc22fd-6506-4dde-bac1-196a4e32da4f"
"1893","nosotros escribiremos","ما خواهیم نوشت","افعال پایه","","8f9368d6-d676-4bcd-97b3-32d86ddfb4ec"
"1894","nosotros escribiríamos","ما می‌نوشتیم","افعال پایه","","0c80b8f0-2614-4aa9-bbc5-612a6f02499c"
"1895","nosotros escribíamos","ما می‌نوشتیم","افعال پایه","","42031a69-3a3c-4ac2-88d2-171b7d6304cb"
"1896","nosotros estamos","ما هستیم","افعال پایه","","18588110-cc06-4dc0-aeb6-f869aad7bae5"
"1897","nosotros estaremos","ما خواهیم بود","افعال پایه","","a4b5b7cf-1099-400a-9f2d-d4897b75081c"
"1898","nosotros estaríamos","ما می‌بودیم","افعال پایه","","f7d475c6-2494-483a-9ca2-db1b0fd1c111"
"1899","nosotros estemos","ما باشیم","افعال پایه","","c3a14b85-a024-4954-b59e-d1324f4e1dae"
"1900","nosotros estuvimos","ما بودیم","افعال پایه","","7502019f-7308-4aff-ac7f-4e272a7711a6"
"1901","nosotros estábamos","ما بودیم","افعال پایه","","eea52b79-13d6-406a-9759-ab3c58c97755"
"1902","nosotros fuimos","ما رفتیم ، ما بودیم","افعال پایه","","90e348bc-0369-420e-8292-10a570cfc0d7"
"1903","nosotros gustamos","ما دوست داریم","افعال پایه","","e288989a-ddfc-48ec-a2ff-5db3c56ed8e0"
"1904","nosotros gustaremos","ما دوست خواهیم داشت","افعال پایه","","7de2b091-c6ac-47d1-8051-3cbde2012df7"
"1905","nosotros gustaríamos","ما دوست داشتیم","افعال پایه","","c7050635-e6a6-441d-8cbc-7dab04f4634f"
"1906","nosotros gustemos","ما دوست داشته باشیم","افعال پایه","","6e1a372a-50c1-498c-b854-e4c9fe4984e9"
"1907","nosotros gustábamos","ما دوست داشتیم","افعال پایه","","452cd528-97b8-4fb2-9850-405a121bd592"
"1908","nosotros hablamos","ما صحبت می‌کنیم","افعال پایه","","6d90d42b-bd73-4bd6-8090-124be5ed83b4"
"1909","nosotros hablaremos","ما صحبت خواهیم کرد","افعال پایه","","dc03a051-9cf9-4920-bb8e-fc2d6d6dec7e"
"1910","nosotros hablaríamos","ما صحبت می‌کردیم","افعال پایه","","98f979f1-d6c1-41ab-914f-b36dba7fe151"
"1911","nosotros hablemos","ما صحبت کنیم","افعال پایه","","21ad4e3e-9fe9-4d9a-bc27-d12d68fba63f"
"1912","nosotros hablábamos","ما صحبت می‌کردیم","افعال پایه","","609ec814-4ae9-4ce6-98d5-cadb98dbbe69"
"1913","nosotros hacemos","ما انجام می‌دهیم ، می‌سازیم","افعال پایه","","c244a125-9cbe-4788-85c2-e738fdc5b04d"
"1914","nosotros hacíamos","ما انجام می‌دادیم ، می‌ساختیم","افعال پایه","","392cf916-0101-4c68-9d41-e9bc109e18f6"
"1915","nosotros hagamos","ما انجام دهیم ، بسازیم","افعال پایه","","13f6f308-e074-40ba-afe5-0326a480abc6"
"1916","nosotros haremos","ما انجام خواهیم داد ، خواهیم ساخت","افعال پایه","","82302417-b0c1-4370-abbf-17c4e1f34e81"
"1917","nosotros haríamos","ما انجام می‌دادیم ، می‌ساختیم","افعال پایه","","2b5c4e1f-add9-4382-a3d1-f3b6d7c15c53"
"1918","nosotros hicimos","ما انجام دادیم ، ساختیم","افعال پایه","","7883ce11-d602-4a7b-84f1-cbc821b5171d"
"1919","nosotros iremos","ما خواهیم رفت","افعال پایه","","b02a0761-7b06-450a-903c-0088f8c6b323"
"1920","nosotros iríamos","ما می‌رفتیم","افعال پایه","","0c2f0ecd-cbd8-4467-8e5f-d81affc04351"
"1921","nosotros leamos","ما بخوانیم","افعال پایه","","db45859a-83d7-4563-bdc7-0cba31c9b01d"
"1922","nosotros leemos","ما می‌خوانیم","افعال پایه","","043534ee-e4df-4328-813e-a6fd9869b50b"
"1923","nosotros leeremos","ما خواهیم خواند","افعال پایه","","07e8c68d-8ddb-42ed-9424-b2bc865158fe"
"1924","nosotros leeríamos","ما می‌خواندیم","افعال پایه","","0895d883-c697-4011-b041-cd0961dc568a"
"1925","nosotros leíamos","ما می‌خواندیم","افعال پایه","","fb4f0699-af67-437a-af58-5d8722a90a4e"
"1926","nosotros leímos","ما خواندیم","افعال پایه","","b61b45fb-890d-4fef-838a-8781d6f43370"
"1927","nosotros llegamos","ما می‌رسیم","افعال پایه","","80f8ef3e-1625-442e-91cf-6330b368da1b"
"1928","nosotros llegaremos","ما خواهیم رسید","افعال پایه","","a634f3b8-4c66-401e-9dc4-e6a6e221fd40"
"1929","nosotros llegaríamos","ما می‌رسیدیم","افعال پایه","","9bebe467-36a4-4fa9-9c89-ce20667afedc"
"1930","nosotros lleguemos","ما برسیم","افعال پایه","","380b1c2e-79e4-4053-a6d7-6ac2de5d7a4b"
"1931","nosotros llegábamos","ما می‌رسیدیم","افعال پایه","","66f99972-34aa-46bb-99d2-280877f56c4e"
"1932","nosotros llevamos","ما می‌بریم ، حمل می‌کنیم","افعال پایه","","5a983d87-0d19-468d-bd90-7a8c6278a0b4"
"1933","nosotros llevaremos","ما خواهیم برد ، حمل خواهیم کرد","افعال پایه","","b38e0728-c07d-4c89-aece-13506c74a9c2"
"1934","nosotros llevaríamos","ما می‌بردیم ، حمل می‌کردیم","افعال پایه","","dc79b83f-6c51-4dd5-a4be-04f2872bae83"
"1935","nosotros llevemos","ما ببریم ، حمل کنیم","افعال پایه","","7a52f69e-e4b7-4ef4-ab4d-7eb69d9153f4"
"1936","nosotros llevábamos","ما می‌بردیم ، حمل می‌کردیم","افعال پایه","","a834d82c-a6c2-436f-82a8-6da6495d02ce"
"1937","nosotros miramos","ما نگاه می‌کنیم","افعال پایه","","3ea6f929-f654-4ceb-a032-b1c29dcdfd73"
"1938","nosotros miraremos","ما نگاه خواهیم کرد","افعال پایه","","c8c0b1c1-c356-4b8c-a17a-4ecfad93797f"
"1939","nosotros miraríamos","ما نگاه می‌کردیم","افعال پایه","","f9631f3c-be87-4d45-a8f1-1644624b1570"
"1940","nosotros miremos","ما نگاه کنیم","افعال پایه","","6c856322-5475-4e58-bba0-fe2934cc6233"
"1941","nosotros mirábamos","ما نگاه می‌کردیم","افعال پایه","","b8e345d5-2279-4980-ad9c-b2453ff9239c"
"1942","nosotros necesitamos","ما نیاز داریم","افعال پایه","","5325e7fd-f565-47ab-8789-dde6756b8045"
"1943","nosotros necesitaremos","ما نیاز خواهیم داشت","افعال پایه","","1fbb2ef3-07c4-44b6-84d4-d9495a08367c"
"1944","nosotros necesitaríamos","ما نیاز داشتیم","افعال پایه","","b07b2da4-ddfc-458b-bb32-7e8cef69f8e8"
"1945","nosotros necesitemos","ما نیاز داشته باشیم","افعال پایه","","543f7502-1ff0-4277-9681-3cf26db65789"
"1946","nosotros necesitábamos","ما نیاز داشتیم","افعال پایه","","a1fd0940-a32f-4ed0-bef4-684e183821de"
"1947","nosotros oigamos","ما بشنویم","افعال پایه","","aa0d0fb2-9948-43d1-a70e-3e0fed61477e"
"1948","nosotros oiremos","ما خواهیم شنید","افعال پایه","","42dc2cc5-c7be-41de-8d14-582b200ce1d9"
"1949","nosotros oiríamos","ما می‌شنیدیم","افعال پایه","","4559913c-2e9c-44f3-8786-c3b57ba2e100"
"1950","nosotros oíamos","ما می‌شنیدیم","افعال پایه","","f72ce568-3737-4519-9dc9-68b5a53d3c6e"
"1951","nosotros oímos","ما شنیدیم","افعال پایه","","12ed971d-c199-4e9e-9f38-776d523affd7"
"1952","nosotros pagamos","ما پرداخت می‌کنیم","افعال پایه","","4fb86fdc-c820-4bc0-8e98-7803742daa68"
"1953","nosotros pagaremos","ما پرداخت خواهیم کرد","افعال پایه","","94b26c28-295e-4eae-8234-5bc02ae37cfc"
"1954","nosotros pagaríamos","ما پرداخت می‌کردیم","افعال پایه","","ffdf8f85-ea39-4ed1-8a52-6ead621de536"
"1955","nosotros paguemos","ما پرداخت کنیم","افعال پایه","","bef8a8b0-5ae0-4a92-a181-8a6fdb358748"
"1956","nosotros pagábamos","ما پرداخت می‌کردیم","افعال پایه","","f5a71b09-4cd6-4215-b993-ba488edf49f6"
"1957","nosotros pedimos","ما درخواست می‌کنیم ، سفارش می‌دهیم","افعال پایه","","a9d351d0-0083-4d8d-9bf7-953756e9eb02"
"1958","nosotros pediremos","ما درخواست خواهیم کرد ، سفارش خواهیم داد","افعال پایه","","1d5bff30-26c6-4b5c-bf55-e24238f47065"
"1959","nosotros pediríamos","ما درخواست می‌کردیم ، سفارش می‌دادیم","افعال پایه","","27a4ed0a-ce4b-4a33-91ed-def104f7012d"
"1960","nosotros pedíamos","ما درخواست می‌کردیم ، سفارش می‌دادیم","افعال پایه","","d1266aae-ee9f-464d-a71e-e0773b49d1dd"
"1961","nosotros pensamos","ما فکر می‌کنیم","افعال پایه","","2c47abc3-aaec-47b2-87b4-d942691c7094"
"1962","nosotros pensaremos","ما فکر خواهیم کرد","افعال پایه","","9dcd54d2-10b9-4909-9a4c-0d8bf67b1aaf"
"1963","nosotros pensaríamos","ما فکر می‌کردیم","افعال پایه","","86da4eb4-4bf3-45b6-b2f8-ce0b998d9a1a"
"1964","nosotros pensemos","ما فکر کنیم","افعال پایه","","220fa228-3d19-4886-909c-b353a11bf75a"
"1965","nosotros pensábamos","ما فکر می‌کردیم","افعال پایه","","1be8b2e5-0a1a-4806-bb18-c9f6bbe9d729"
"1966","nosotros pidamos","ما درخواست کنیم","افعال پایه","","417f0db2-9c93-47a4-a7e3-4c1edfab8bd1"
"1967","nosotros podamos","ما بتوانیم","افعال پایه","","e7c0d490-b451-41ae-a99d-3ef68e9c8afb"
"1968","nosotros podemos","ما می‌توانیم","افعال پایه","","6e3519a5-4e2f-4392-b929-5ca7d92bf601"
"1969","nosotros podremos","ما خواهیم توانست","افعال پایه","","79044c7c-38ff-460d-b38a-3277c3febad6"
"1970","nosotros podríamos","ما می‌توانستیم","افعال پایه","","e3c073c3-6036-410f-a9e6-0e18f0f137dd"
"1971","nosotros podíamos","ما می‌توانستیم","افعال پایه","","e065d430-fd7d-4960-9940-aa3e57689a67"
"1972","nosotros pondremos","ما خواهیم گذاشت ، قرار خواهیم داد","افعال پایه","","f043f832-3806-4ea8-ab71-bd6e507ac5eb"
"1973","nosotros pondríamos","ما می‌گذاشتیم ، قرار می‌دادیم","افعال پایه","","f4361082-7df7-4e30-b8ed-bd5e11a62202"
"1974","nosotros ponemos","ما می‌گذاریم ، قرار می‌دهیم","افعال پایه","","0fab433c-9c9c-4ae7-98bf-b9503e507fde"
"1975","nosotros pongamos","ما بگذاریم ، قرار دهیم","افعال پایه","","c3ad2405-fc35-47f6-b19a-58a89eee1fcf"
"1976","nosotros poníamos","ما می‌گذاشتیم ، قرار می‌دادیم","افعال پایه","","3d68851a-b747-426e-b780-d52d35cebb2b"
"1977","nosotros preguntamos","ما سوال می‌پرسیم","افعال پایه","","e513eb79-57c9-43a8-9253-cae0a8d2448c"
"1978","nosotros preguntaremos","ما سوال خواهیم پرسید","افعال پایه","","05f924eb-539d-447a-9282-3d18358e5d22"
"1979","nosotros preguntaríamos","ما سوال می‌پرسیدیم","افعال پایه","","b4892f3d-866a-4cb9-b512-6f0f9ba6a53b"
"1980","nosotros preguntemos","ما سوال بپرسیم","افعال پایه","","9998cdbe-346e-4acf-ac97-af697f8ea694"
"1981","nosotros preguntábamos","ما سوال می‌پرسیدیم","افعال پایه","","fd2f621e-389c-4bdf-aa85-8c057f6908cc"
"1982","nosotros pudimos","ما توانستیم","افعال پایه","","1c2d8631-95c5-4b8d-9928-ee2a39d4b785"
"1983","nosotros pusimos","ما گذاشتیم ، قرار دادیم","افعال پایه","","a7c3b3f5-f9a3-4493-b12d-a3bcff67a20e"
"1984","nosotros quedamos","ما می‌مانیم ، قرار می‌گذاریم","افعال پایه","","ed7809c0-874e-423c-b660-27bc79c5a119"
"1985","nosotros quedaremos","ما خواهیم ماند","افعال پایه","","ffe8776a-d298-47b3-a2ab-a158a0119966"
"1986","nosotros quedaríamos","ما می‌ماندیم","افعال پایه","","e1e43d90-ba2b-4731-86f6-57cda44d73c5"
"1987","nosotros quedemos","ما بمانیم","افعال پایه","","7bd543fc-a338-418a-807a-8cd7aef41b17"
"1988","nosotros quedábamos","ما می‌ماندیم","افعال پایه","","de3fe74c-1b34-46da-980b-1aef5ecf50bf"
"1989","nosotros queramos","ما بخواهیم","افعال پایه","","f8eb41c5-c9d0-4367-bed6-3529b607dcec"
"1990","nosotros queremos","ما می‌خواهیم","افعال پایه","","6bb87365-c04f-494a-a1aa-6476f9c020d9"
"1991","nosotros querremos","ما خواهیم خواست","افعال پایه","","bc3aceff-7a72-4ab4-9ccf-6f6589030727"
"1992","nosotros querríamos","ما می‌خواستیم","افعال پایه","","4eb7b550-ad7d-4673-b14d-69c9536addb8"
"1993","nosotros queríamos","ما می‌خواستیم","افعال پایه","","f470ee74-34bd-401b-ba9d-f6a12eabeb3d"
"1994","nosotros quisimos","ما خواستیم","افعال پایه","","f558ff4a-b053-4c16-9f51-df8eb542c2d1"
"1995","nosotros respondamos","ما پاسخ دهیم","افعال پایه","","7a66554b-6be7-4c9f-ba4d-2e621ed43acc"
"1996","nosotros respondemos","ما پاسخ می‌دهیم","افعال پایه","","7065603f-87f2-4b46-b50c-4b18495cca97"
"1997","nosotros responderemos","ما پاسخ خواهیم داد","افعال پایه","","ca42ecc4-3f61-4804-8e97-f17cb992ab2f"
"1998","nosotros responderíamos","ما پاسخ می‌دادیم","افعال پایه","","7c6d7393-5c02-465a-8f97-b31e7833106c"
"1999","nosotros respondimos","ما پاسخ دادیم","افعال پایه","","09f359a1-692c-433f-9967-a32cb72d9f22"
"2000","nosotros respondíamos","ما پاسخ می‌دادیم","افعال پایه","","a0ebce43-6f14-40c9-bf0c-e4885dd682e8"
"2001","nosotros sabemos","ما می‌دانیم","افعال پایه","","7c4d1e5f-07b6-4a5f-b5c2-cc7281c32181"
"2002","nosotros sabremos","ما خواهیم دانست","افعال پایه","","f2dde121-31e0-439e-8806-f7aceda50fa9"
"2003","nosotros sabríamos","ما می‌دانستیم","افعال پایه","","ce39602e-f3a1-46d7-97cf-c01543599283"
"2004","nosotros sabíamos","ما می‌دانستیم","افعال پایه","","e22cb493-9615-424b-bd24-af04bbff00f7"
"2005","nosotros saldremos","ما بیرون خواهیم رفت","افعال پایه","","42a0f046-a8c5-46a2-a6a9-6e803260c683"
"2006","nosotros saldríamos","ما بیرون می‌رفتیم","افعال پایه","","ac322507-1cfc-43e1-9f7f-57f8e97638e4"
"2007","nosotros salgamos","ما بیرون برویم","افعال پایه","","1536ca1c-e152-46e3-bc23-3be54df9c3c2"
"2008","nosotros salimos","ما بیرون رفتیم","افعال پایه","","71342f23-3e97-429f-9ee9-cc71e4050b03"
"2009","nosotros salíamos","ما بیرون می‌رفتیم","افعال پایه","","8769b913-7ca2-4d7d-b34e-d1c45964cf7b"
"2010","nosotros seamos","ما باشیم","افعال پایه","","4861db39-6598-4274-8336-2161c19b77d3"
"2011","nosotros sentimos","ما احساس می‌کنیم ، متأسفیم","افعال پایه","","f44730a3-755e-4960-b4ea-aaca95aea309"
"2012","nosotros sentiremos","ما احساس خواهیم کرد","افعال پایه","","1cec010d-0dfc-4e42-b304-5e363429b0bb"
"2013","nosotros sentiríamos","ما احساس می‌کردیم","افعال پایه","","42a7b5bc-a6ea-4961-bde7-de2eb553b6b2"
"2014","nosotros sentíamos","ما احساس می‌کردیم","افعال پایه","","158e098d-f436-4d04-86b9-d6839f0b060b"
"2015","nosotros sepamos","ما بدانیم","افعال پایه","","748c2946-5366-4830-a90b-cb97e8bab8ac"
"2016","nosotros seremos","ما خواهیم بود","افعال پایه","","59698dfe-5f2a-4906-b8dc-89257339ecb9"
"2017","nosotros seríamos","ما بودیم","افعال پایه","","aa7f8183-112d-48d1-8691-b3c3d399c81f"
"2018","nosotros sintamos","ما احساس کنیم","افعال پایه","","b44466a8-a106-4162-9700-58b142be8871"
"2019","nosotros somos","ما هستیم","افعال پایه","","4379f943-e75a-46a9-957a-9a5ae0c1de96"
"2020","nosotros supimos","ما دانستیم ، فهمیدیم","افعال پایه","","26fe0016-f548-4daf-9689-3882b76e0bc7"
"2021","nosotros tendremos","ما خواهیم داشت","افعال پایه","","adf0257b-00bd-4df5-99bd-cd030477a287"
"2022","nosotros tendríamos","ما داشتیم","افعال پایه","","1e16ae84-2e5d-48a7-b0cb-b048fb962d1c"
"2023","nosotros tenemos","ما داریم","افعال پایه","","5980f093-aaa4-4574-a66b-9483f43c078a"
"2024","nosotros tengamos","ما داشته باشیم","افعال پایه","","946a43f5-192d-494b-bc38-7efff6a810ad"
"2025","nosotros teníamos","ما داشتیم","افعال پایه","","b1276f13-ddba-4395-9d8e-41cd83077005"
"2026","nosotros terminamos","ما تمام می‌کنیم","افعال پایه","","eff9619b-9e6d-4bf2-b51f-0cd0b817faa4"
"2027","nosotros terminaremos","ما تمام خواهیم کرد","افعال پایه","","da2af336-04f5-4824-80d0-26e6746628c9"
"2028","nosotros terminaríamos","ما تمام می‌کردیم","افعال پایه","","eeb29adb-53d3-4712-b569-3ae9e48e55e4"
"2029","nosotros terminemos","ما تمام کنیم","افعال پایه","","93aa8598-6089-4b76-a3a7-b9731058e46f"
"2030","nosotros terminábamos","ما تمام می‌کردیم","افعال پایه","","bb2c9c9d-3b20-4f41-96f5-bce44035633b"
"2031","nosotros tomamos","ما می‌گیریم ، می‌نوشیم","افعال پایه","","24daa686-da4c-4d24-bfb0-12b9af3e9b47"
"2032","nosotros tomaremos","ما خواهیم گرفت ، خواهیم نوشید","افعال پایه","","9ac819d3-260d-4b4b-8370-f17005e2d61b"
"2033","nosotros tomaríamos","ما می‌گرفتیم ، می‌نوشیدیم","افعال پایه","","6dacc3b5-81f8-42a9-a80f-b4e7258b82d7"
"2034","nosotros tomemos","ما بگیریم ، بنوشیم","افعال پایه","","bcbf5224-5979-4a7a-97b6-11c28da7e027"
"2035","nosotros tomábamos","ما می‌گرفتیم ، می‌نوشیدیم","افعال پایه","","39770bc5-364f-476e-af44-9aa129d9f2de"
"2036","nosotros trabajamos","ما کار می‌کنیم","افعال پایه","","73dd5e2f-0f9e-49b2-a6d6-936710dae8a1"
"2037","nosotros trabajaremos","ما کار خواهیم کرد","افعال پایه","","936012fe-818e-4de6-8a46-056177be30d9"
"2038","nosotros trabajaríamos","ما کار می‌کردیم","افعال پایه","","c5635012-600d-4276-b855-4df7b2791470"
"2039","nosotros trabajemos","ما کار کنیم","افعال پایه","","49cfd5ea-b79e-440b-9434-ff947f827707"
"2040","nosotros trabajábamos","ما کار می‌کردیم","افعال پایه","","9c79f802-f991-427b-a128-e321051b4c52"
"2041","nosotros tuvimos","ما داشتیم","افعال پایه","","47402241-e28a-4390-9626-b0bb983fb975"
"2042","nosotros vamos","ما می‌رویم","افعال پایه","","a7c9e452-a013-43c2-9192-f358b4a744ff"
"2043","nosotros vayamos","ما برویم","افعال پایه","","08aaecd4-d02b-4d66-967a-b9b4ca267e9d"
"2044","nosotros veamos","ما ببینیم","افعال پایه","","36a5dd21-cfd7-4665-bdde-66158ff982cf"
"2045","nosotros vemos","ما می‌بینیم","افعال پایه","","e6113596-efb6-4232-a61d-5e65f8400288"
"2046","nosotros vendremos","ما خواهیم آمد","افعال پایه","","ed22bd8e-1532-4a61-be75-8ef8b1ab31a8"
"2047","nosotros vendríamos","ما می‌آمدیم","افعال پایه","","c2221e1d-8183-433c-922c-b8dd8f6f3faa"
"2048","nosotros vengamos","ما بیاییم","افعال پایه","","4bfabeec-865a-4716-9a57-91030232ac4c"
"2049","nosotros venimos","ما آمدیم","افعال پایه","","c314f16f-8e63-4490-b7f1-3324b53076fb"
"2050","nosotros veníamos","ما می‌آمدیم","افعال پایه","","7c2ae807-5db4-48ac-97f5-163838c2e22d"
"2051","nosotros veremos","ما خواهیم دید","افعال پایه","","16e9c27c-9609-43c5-805e-17eedadb54a1"
"2052","nosotros veríamos","ما می‌دیدیم","افعال پایه","","5c9c9205-33b6-4c04-a242-8d395d092453"
"2053","nosotros veíamos","ما می‌دیدیم","افعال پایه","","5b33fc8e-f6c6-4237-b775-7b8ad3ac9787"
"2054","nosotros vimos","ما دیدیم","افعال پایه","","92d08d47-ce72-49bc-bc34-1fd28b93183d"
"2055","nosotros vinimos","ما آمدیم","افعال پایه","","c61e8d62-8a1c-458b-b9fc-d6f521d03ce7"
"2056","nosotros vivamos","ما زندگی کنیم","افعال پایه","","bd3c702d-b633-4d1a-8766-d1dc9f731e91"
"2057","nosotros vivimos","ما زندگی می‌کنیم","افعال پایه","","02d78b7c-3b9f-4dc8-8cf1-2368f444728c"
"2058","nosotros viviremos","ما زندگی خواهیم کرد","افعال پایه","","28a07793-f1c8-490a-bb30-4c17a6ac3290"
"2059","nosotros viviríamos","ما زندگی می‌کردیم","افعال پایه","","5637330f-e030-44ef-9403-481570f8d9c1"
"2060","nosotros vivíamos","ما زندگی می‌کردیم","افعال پایه","","659d335a-03a5-4552-b43e-fcbb19735318"
"2061","nosotros volvamos","ما برگردیم","افعال پایه","","afa205a5-6616-4019-b919-c11e64d584a9"
"2062","nosotros volvemos","ما برمی‌گردیم","افعال پایه","","5438eed3-635a-453c-a261-e334cd833ed5"
"2063","nosotros volveremos","ما برخواهیم گشت","افعال پایه","","fbf9f65f-2f95-4080-af7d-660f3d919837"
"2064","nosotros volveríamos","ما برمی‌گشتیم","افعال پایه","","f643a757-a410-415d-b468-ac9a4d74114a"
"2065","nosotros volvimos","ما برگشتیم","افعال پایه","","cec7e141-2c08-4410-8572-46bfb1e3edc1"
"2066","nosotros volvíamos","ما برمی‌گشتیم","افعال پایه","","334c6fce-a75c-4aa8-a3ca-431eb9731255"
"2067","nosotros éramos","ما بودیم","افعال پایه","","02940f92-4071-4633-8e7f-cf4a0a669b51"
"2068","nosotros íbamos","ما می‌رفتیم","افعال پایه","","6c7e0363-348c-4284-a058-3eb9f2179938"
"2069","tú abre","تو باز کن","افعال پایه","","bfb30502-59ae-4f18-ba46-eb9d9f566018"
"2070","tú abres","تو باز می‌کنی","افعال پایه","","3c81c3e6-f075-4e55-b7e0-9b36b168dd63"
"2071","tú abrirás","تو باز خواهی کرد","افعال پایه","","e1458bca-fa83-4de2-ad70-c9907beea9db"
"2072","tú abrirías","تو باز می‌کردی","افعال پایه","","e6366d87-b9ed-4a55-9094-a119c8907ff4"
"2073","tú abriste","تو باز کردی","افعال پایه","","2e59583f-62b0-4bc1-9900-947397dc6157"
"2074","tú abrías","تو باز می‌کردی","افعال پایه","","8a4539a8-ffbb-4754-8faa-acaea58a2f40"
"2075","tú aprende","تو یاد بگیر","افعال پایه","","a76e641a-16f9-4607-938f-d64ce77ec6a5"
"2076","tú aprenderás","تو یاد خواهی گرفت","افعال پایه","","12f93e9e-a86f-494a-b3e6-f585c7c18763"
"2077","tú aprenderías","تو یاد می‌گرفتی","افعال پایه","","46f5ad14-2e1a-4924-84aa-3eca1cd8f557"
"2078","tú aprendes","تو یاد می‌گیری","افعال پایه","","37752f0e-8baf-4d4e-b61d-c4408cbe73e2"
"2079","tú aprendiste","تو یاد گرفتی","افعال پایه","","db798888-e9ef-4a92-aa80-54fa65a56a08"
"2080","tú aprendías","تو یاد می‌گرفتی","افعال پایه","","89b0ad12-4d87-45c4-a797-968e590abae7"
"2081","tú bebe","تو بنوش","افعال پایه","","35b248f6-80f4-43fc-bd1a-32960762206b"
"2082","tú beberás","تو خواهی نوشید","افعال پایه","","9eff9dcb-c6b2-4429-8675-eb3012ee4d51"
"2083","tú beberías","تو می‌نوشیدی","افعال پایه","","3a815645-6cf5-4b29-9f55-890cfbbfafa8"
"2084","tú bebes","تو می‌نوشی","افعال پایه","","0bf9ccd0-401f-415d-8935-f7dd39059044"
"2085","tú bebiste","تو نوشیدی","افعال پایه","","2030c611-50e6-4398-90c4-d24556172880"
"2086","tú bebías","تو می‌نوشیدی","افعال پایه","","16312417-229c-4732-95d0-133cfacc5ae5"
"2087","tú busca","تو جستجو کن","افعال پایه","","b52c36c4-1709-4f8e-8a5f-eb6f2c2bf61e"
"2088","tú buscabas","تو جستجو می‌کردی","افعال پایه","","e827ad01-8fab-42ab-9377-865c161864a4"
"2089","tú buscarás","تو جستجو خواهی کرد","افعال پایه","","9fbe944a-c0c2-43df-a0ba-8ee45ca84bc5"
"2090","tú buscarías","تو جستجو می‌کردی","افعال پایه","","1582aedb-9de6-4f46-b249-cbbe6ee4e437"
"2091","tú buscas","تو جستجو می‌کنی","افعال پایه","","e572b66b-2983-4895-89f0-74d66ff22f94"
"2092","tú buscaste","تو جستجو کردی","افعال پایه","","0475e5a3-1767-4daf-82cc-9b2a26d82f4d"
"2093","tú cerrabas","تو می‌بستی","افعال پایه","","0effe2d8-5618-4932-ab70-efa6954677b1"
"2094","tú cerrarás","تو خواهی بست","افعال پایه","","3223c0d7-6a20-471a-8518-52e3559a842d"
"2095","tú cerrarías","تو می‌بستی","افعال پایه","","70343e2c-bd88-4565-9dd1-933ee60382b8"
"2096","tú cerraste","تو بستی","افعال پایه","","b54681b3-c530-49c4-adac-1099296e057a"
"2097","tú cierra","تو ببند","افعال پایه","","80c35cc5-38db-470c-b7fe-2195c11d1fc8"
"2098","tú cierras","تو می‌بندی","افعال پایه","","0bbb9389-e4ac-4cb1-97a9-b299ed4da631"
"2099","tú come","تو بخور","افعال پایه","","2671ffe8-c360-4dd0-9ec9-5c4ed73447bc"
"2100","tú comerás","تو خواهی خورد","افعال پایه","","24b27a81-3269-4fce-a840-04fea66c738e"
"2101","tú comerías","تو می‌خوردی","افعال پایه","","878f1f4d-e06f-4f3e-8445-503b8fb2ff99"
"2102","tú comes","تو می‌خوری","افعال پایه","","e1b91710-ad53-4683-b943-b89169325f60"
"2103","tú comiste","تو خوردی","افعال پایه","","bf9802a9-6d3a-4e9e-a22a-ed480b48c298"
"2104","tú compra","تو بخر","افعال پایه","","c35b2f14-f79e-48e6-99c2-70e0ba4d8558"
"2105","tú comprabas","تو می‌خریدی","افعال پایه","","50ccadbf-bb69-4a6c-8389-2613d3d08900"
"2106","tú comprarás","تو خواهی خرید","افعال پایه","","8b6b1b5c-7530-4096-85ca-ed662b164cb3"
"2107","tú comprarías","تو می‌خریدی","افعال پایه","","9b810ef3-8fe8-49cf-b29d-8aaf19e57e42"
"2108","tú compras","تو می‌خری","افعال پایه","","6c6038d3-1247-4994-bc1c-e424534421c9"
"2109","tú compraste","تو خریدی","افعال پایه","","f852cf1e-27e1-417d-8ff9-759d86d00267"
"2110","tú comías","تو می‌خوردی","افعال پایه","","55157193-f0df-4700-bf64-6fa36ab2b50a"
"2111","tú conoce","تو بشناس ، آشنا شو","افعال پایه","","15ccc98c-ce2a-4d5c-9ed7-96c8f1f44d46"
"2112","tú conocerás","تو خواهی شناخت","افعال پایه","","39ef54a6-5061-4873-abd4-8f709c7f7441"
"2113","tú conocerías","تو می‌شناختی","افعال پایه","","97b8645e-3ceb-4bd4-8f02-a673f9944fa3"
"2114","tú conoces","تو می‌شناسی","افعال پایه","","1d75a2bd-e72f-41df-bf2a-a3ea5d90cdce"
"2115","tú conociste","تو شناختی","افعال پایه","","7c4d798b-b45f-4afe-bf6c-6c8dc26cd402"
"2116","tú conocías","تو می‌شناختی","افعال پایه","","433d0a8e-e603-4a7c-93e0-4cbf39b9bbda"
"2117","tú cree","تو باور کن","افعال پایه","","8e98d1ff-e725-4ebc-96ee-3776a2765bdb"
"2118","tú creerás","تو باور خواهی کرد","افعال پایه","","799b2c30-e31d-4d5c-9073-75dc146aac37"
"2119","tú creerías","تو باور می‌کردی","افعال پایه","","0a614607-f922-4c0a-a463-c9921c0a1535"
"2120","tú crees","تو باور داری","افعال پایه","","80da1703-d2e7-43e8-97bf-fc74e502cc43"
"2121","tú creías","تو باور می‌کردی","افعال پایه","","cc2ba153-a8f4-4c34-b474-f71c3a097966"
"2122","tú creíste","تو باور کردی","افعال پایه","","f38aed3b-c1b4-4416-af90-932061390872"
"2123","tú da","تو بده","افعال پایه","","d1d489f8-e351-4a0a-860b-8b61365d4c85"
"2124","tú dabas","تو می‌دادی","افعال پایه","","dab5c5c6-32c2-40fe-8f6f-4d8eab94f9ef"
"2125","tú darás","تو خواهی داد","افعال پایه","","5578b63c-2767-4733-8d0c-1a2cf69eacad"
"2126","tú darías","تو می‌دادی","افعال پایه","","1f895500-5bcb-46d8-b6bf-a171c11f14ff"
"2127","tú das","تو می‌دهی","افعال پایه","","98f3ff62-bf68-4059-a37b-41d1f6f2a178"
"2128","Tú decides.","تو تصمیم می‌گیری.","افعال پایه","","33c6c054-d244-4226-81db-f4fab38863bf"
"2129","tú decías","تو می‌گفتی","افعال پایه","","946cee08-21a8-444b-bb86-0f553a8719f8"
"2130","tú deja","تو رها کن ، بگذار","افعال پایه","","66b43e3b-3afd-481a-a189-d2724ed75cc1"
"2131","tú dejabas","تو رها می‌کردی ، می‌گذاشتی","افعال پایه","","7e745918-5e1f-4068-ba71-ce52f7d5e783"
"2132","tú dejarás","تو رها خواهی کرد ، خواهی گذاشت","افعال پایه","","e17e0785-dabf-4535-bd21-2906cccd685f"
"2133","tú dejarías","تو رها می‌کردی ، می‌گذاشتی","افعال پایه","","855ba5bd-0f03-451a-b42f-9b0029b2d1bb"
"2134","tú dejas","تو رها می‌کنی ، می‌گذاری","افعال پایه","","100546bd-47bf-4756-aa4c-3a63516bfcf5"
"2135","tú dejaste","تو رها کردی ، گذاشتی","افعال پایه","","e40ed026-5dc1-4684-a6aa-8bb7e577959e"
"2136","Tú descuida.","نگران نباش.","افعال پایه","","294de7c2-cce1-48e0-87a2-4c0ba1aaf607"
"2137","tú di","تو بگو","افعال پایه","","b67aba47-ecf0-44a1-b13f-afad7cb53ae9"
"2138","tú dices","تو می‌گویی","افعال پایه","","bb35baea-4ea5-4ed0-a725-428b1e4d8bf1"
"2139","tú dijiste","تو گفتی","افعال پایه","","8994d182-0891-412e-99ee-53a51f404a59"
"2140","tú dirás","تو خواهی گفت","افعال پایه","","b375d281-5ed0-4542-9123-3c444273fbdc"
"2141","tú dirías","تو می‌گفتی","افعال پایه","","10534e73-6d13-480c-9c97-9cbe9ef71e37"
"2142","tú diste","تو دادی","افعال پایه","","a99d64fa-836a-41a2-b38a-d3c059300196"
"2143","tú dormirás","تو خواهی خوابید","افعال پایه","","6a6702d6-50e6-4e74-bbcc-09c379bf33f5"
"2144","tú dormirías","تو می‌خوابیدی","افعال پایه","","0b2d816a-020f-42c6-b914-98f497d2704c"
"2145","tú dormiste","تو خوابیدی","افعال پایه","","844922da-a8eb-436a-9ac8-2406f317a272"
"2146","tú dormías","تو می‌خوابیدی","افعال پایه","","2b759290-7bb4-4679-93a3-0fd6414a9539"
"2147","tú duerme","تو بخواب","افعال پایه","","ab1240be-8e7f-47b9-a7dd-483a47eb476e"
"2148","tú duermes","تو می‌خوابی","افعال پایه","","93438dbe-c2bd-42fe-b589-d1f7af9efc8a"
"2149","tú empezabas","تو شروع می‌کردی","افعال پایه","","b7b8f8f1-a96d-47e6-89b5-b40e8dc1072f"
"2150","tú empezarás","تو شروع خواهی کرد","افعال پایه","","e2a45f0f-9832-40db-a324-110f27381d30"
"2151","tú empezarías","تو شروع می‌کردی","افعال پایه","","9835663f-f2c1-4468-9003-5d15be40bc25"
"2152","tú empezaste","تو شروع کردی","افعال پایه","","bcc704ab-8ee3-4a48-9f14-e3ad7fe8d522"
"2153","tú empieza","تو شروع کن","افعال پایه","","85b6bcf7-ab2b-49b9-8a48-87a71e424729"
"2154","tú empiezas","تو شروع می‌کنی","افعال پایه","","37b6e2e1-c0b8-4521-81a9-d09604c0573d"
"2155","tú encontrabas","تو پیدا می‌کردی","افعال پایه","","9fa8e364-5095-4d7a-be61-71796f7654f8"
"2156","tú encontrarás","تو پیدا خواهی کرد","افعال پایه","","ed5b9b8d-5417-4037-a020-cb77c3c1fe8a"
"2157","tú encontrarías","تو پیدا می‌کردی","افعال پایه","","4e2dca8f-c76d-4999-84e6-4a53a71de1e7"
"2158","tú encontraste","تو پیدا کردی","افعال پایه","","954e526f-e14a-469f-a809-f7b77d979e35"
"2159","tú encuentra","تو پیدا کن","افعال پایه","","5fce85ce-7006-4495-a989-6ed6ece276ee"
"2160","tú encuentras","تو پیدا می‌کنی","افعال پایه","","cfe67d00-9a00-40bd-b993-f10062a59949"
"2161","tú enseña","تو درس بده","افعال پایه","","d7652c6f-aeaa-4247-b9e1-69c42464478b"
"2162","tú enseñabas","تو درس می‌دادی","افعال پایه","","72725ed2-197a-4022-b231-0b2b4518b8a7"
"2163","tú enseñarás","تو درس خواهی داد","افعال پایه","","012f8827-63a2-4885-9c8d-a4215371ca4c"
"2164","tú enseñarías","تو درس می‌دادی","افعال پایه","","c7b40a90-0367-42c4-a4ec-43adb30d8f2e"
"2165","tú enseñas","تو درس می‌دهی","افعال پایه","","105152c9-cfe7-446e-a638-8c809aee729d"
"2166","tú enseñaste","تو درس دادی","افعال پایه","","a3ea689d-6dc5-4724-813b-aa02b7d25e0f"
"2167","tú eras","تو بودی","افعال پایه","","d2de983c-7344-4ece-a21d-86ea23b105c1"
"2168","tú eres","تو هستی","افعال پایه","","399906b0-397d-4243-a3fa-4b939781384f"
"2169","tú escribe","تو بنویس","افعال پایه","","d1ecf6df-3e36-4ced-9cb6-cf5fb2fc608c"
"2170","tú escribes","تو می‌نویسی","افعال پایه","","bdf30851-c62a-4db7-b951-8f209b81d7c0"
"2171","tú escribirás","تو خواهی نوشت","افعال پایه","","cca28c67-8100-4bca-ae44-d0869b2d90e2"
"2172","tú escribirías","تو می‌نوشتی","افعال پایه","","0384fe05-0bab-48b4-8dbd-db34f6aea129"
"2173","tú escribiste","تو نوشتی","افعال پایه","","043a95fa-594d-4358-bd12-1b48a79b061e"
"2174","tú escribías","تو می‌نوشتی","افعال پایه","","2f918bd5-60e0-4264-a135-70cd50522b9e"
"2175","tú estabas","تو بودی","افعال پایه","","806cd590-e356-4523-a51a-51e21e160a64"
"2176","tú estarás","تو خواهی بود","افعال پایه","","d8513511-e2a7-470f-8aaa-80a40b71e9bb"
"2177","tú estarías","تو می‌بودی","افعال پایه","","93719cf0-abae-477d-80d6-94a91c821fa8"
"2178","tú estuviste","تو بودی","افعال پایه","","eb66eafd-0c85-48ee-9dc8-0af9057a4ef9"
"2179","tú está","تو باش ، قرار داشته باش","افعال پایه","","8f255cf7-774e-473e-8c61-6af5a17e99c2"
"2180","tú estás","تو هستی","افعال پایه","","465a76ed-93af-4aaa-8ce9-883154718c30"
"2181","tú fuiste","تو بودی ، رفتی","افعال پایه","","b9b40bbb-4e82-41ee-85aa-b535e278b008"
"2182","tú gusta","تو دوست داشته باش","افعال پایه","","646cbb36-1596-469f-8c7d-f01ada7660cc"
"2183","tú gustabas","تو دوست داشتی","افعال پایه","","d11479ac-5708-47de-9d41-616ddca5387c"
"2184","tú gustarás","تو دوست خواهی داشت","افعال پایه","","bc0adadd-a317-469f-8ef3-438c5949db57"
"2185","tú gustarías","تو دوست داشتی","افعال پایه","","fe863d4c-5b3e-47d5-bcf5-ae7da9f037ba"
"2186","tú gustas","تو دوست داری","افعال پایه","","a82096a0-6648-4a32-8a95-da8f1b39f02c"
"2187","tú gustaste","تو دوست داشتی","افعال پایه","","5f8f12c1-8439-43cb-8d11-c35615720c1c"
"2188","tú habla","تو صحبت کن","افعال پایه","","e085ea72-b98b-48e2-a5e7-6b1d56fd8ebf"
"2189","tú hablabas","تو صحبت می‌کردی","افعال پایه","","654202f7-237f-421b-9537-a3d5cd8d9ad5"
"2190","tú hablarás","تو صحبت خواهی کرد","افعال پایه","","97682c46-b29c-4533-8e6e-c3f2894c9c0e"
"2191","tú hablarías","تو صحبت می‌کردی","افعال پایه","","533e2f2a-964e-496a-92a5-b977a02a6242"
"2192","tú hablas","تو صحبت می‌کنی","افعال پایه","","59a495ba-118c-45a9-8acc-8c6b08688ca6"
"2193","tú hablaste","تو صحبت کردی","افعال پایه","","5fae5def-7f23-4152-a404-1dc4558882e1"
"2194","tú haces","تو انجام می‌دهی ، می‌سازی","افعال پایه","","4c5a6140-09d6-4dd4-ae4f-5c8afcd13124"
"2195","tú hacías","تو انجام می‌دادی ، می‌ساختی","افعال پایه","","4fe33fb4-5554-4d5d-a74b-e7bc2563aad0"
"2196","tú harás","تو انجام خواهی داد ، خواهی ساخت","افعال پایه","","6ba0d055-3fb1-4a70-8e5a-0de40752d0dc"
"2197","tú harías","تو انجام می‌دادی ، می‌ساختی","افعال پایه","","1b56e51b-bc0f-4e4a-804d-56e5c9de9669"
"2198","tú haz","تو انجام بده ، بساز","افعال پایه","","f1889ed4-0086-4635-8dd2-bc6d502a4795"
"2199","tú hiciste","تو انجام دادی ، ساختی","افعال پایه","","2202d2f3-7061-4047-91af-dacb25e92770"
"2200","tú ibas","تو می‌رفتی","افعال پایه","","5f961094-6a74-4ebe-bdc4-ccb068992bf4"
"2201","tú irás","تو خواهی رفت","افعال پایه","","70814c0f-4cfa-48e4-9ca5-f7638d9e8bab"
"2202","tú irías","تو می‌رفتی","افعال پایه","","060ae2f3-5521-4584-b0ef-d651a8abb9f5"
"2203","tú lee","تو بخوان","افعال پایه","","9bd57710-2d44-4645-918b-e44e8ab11df1"
"2204","tú leerás","تو خواهی خواند","افعال پایه","","2b8c2607-43b0-4a6f-ab92-54e73d4dc49b"
"2205","tú leerías","تو می‌خواندی","افعال پایه","","d8c55598-6086-4d28-8d69-6f39742c2dcd"
"2206","tú lees","تو می‌خوانی","افعال پایه","","e0b0b7eb-05ac-405c-98af-073d282a7170"
"2207","tú leías","تو می‌خواندی","افعال پایه","","a746e49c-8ac6-4db4-8cd4-a816c5bd91a7"
"2208","tú leíste","تو خواندی","افعال پایه","","a6391cab-9a29-4916-9462-369505518721"
"2209","tú llega","تو برس","افعال پایه","","6cc3ecea-7604-41e7-a6a5-22d84ba919e4"
"2210","tú llegabas","تو می‌رسیدی","افعال پایه","","707fdd36-315d-4018-b7cc-41fb2485a6a5"
"2211","tú llegarás","تو خواهی رسید","افعال پایه","","e5a8056a-ede8-4543-81bb-275bb19f2224"
"2212","tú llegarías","تو می‌رسیدی","افعال پایه","","77b0cabe-7339-4f98-a455-accbbe803333"
"2213","tú llegas","تو می‌رسی","افعال پایه","","d3a5f2bf-2e24-4a5a-a426-0f1d8c5e9cbf"
"2214","tú llegaste","تو رسیدی","افعال پایه","","d3a2bed0-785d-4c9f-9a6e-27b534e49f13"
"2215","tú lleva","تو ببر ، حمل کن","افعال پایه","","9b9b3246-c84d-4bad-9820-d568a69f43d3"
"2216","tú llevabas","تو می‌بردی ، حمل می‌کردی","افعال پایه","","1e445b8c-29d9-451b-9066-f67ae3521172"
"2217","tú llevarás","تو خواهی برد ، حمل خواهی کرد","افعال پایه","","a927afc5-2239-478d-90e6-f7646dfcae43"
"2218","tú llevarías","تو می‌بردی ، حمل می‌کردی","افعال پایه","","5de7dbcb-250d-4681-b4a2-c48eafbf7226"
"2219","tú llevas","تو می‌بری ، حمل می‌کنی","افعال پایه","","5aa40941-71c1-4761-b65e-54db0d582f02"
"2220","tú llevaste","تو بردی ، حمل کردی","افعال پایه","","2b2a2eea-25e2-4321-b626-28c0dfbf6ff9"
"2221","tú mira","تو نگاه کن","افعال پایه","","73a65967-c879-4d9a-8d83-7b7ef0932d05"
"2222","tú mirabas","تو نگاه می‌کردی","افعال پایه","","5326c1c5-771c-4780-8ae6-825cb2ccfc6d"
"2223","tú mirarás","تو نگاه خواهی کرد","افعال پایه","","44989ae6-e488-4352-95e4-e70199dcb122"
"2224","tú mirarías","تو نگاه می‌کردی","افعال پایه","","9b6314d1-8e00-478e-bf96-7da2b780742b"
"2225","tú miras","تو نگاه می‌کنی","افعال پایه","","c67c7119-e47e-43e2-8aa9-dee3c7655c8c"
"2226","tú miraste","تو نگاه کردی","افعال پایه","","4cf46df0-93ce-4858-8910-7fbc5df270cc"
"2227","tú mismo","خودِ تو","افعال پایه","","97e9f1a0-f766-4edd-8b15-fd303207fb5d"
"2228","tú necesita","تو نیاز داشته باش","افعال پایه","","a558e1b6-0783-4ec3-a5f7-5d090e33a9a7"
"2229","tú necesitabas","تو نیاز داشتی","افعال پایه","","e907d29c-ad37-410a-bd1c-6e0dce0dd85f"
"2230","tú necesitarás","تو نیاز خواهی داشت","افعال پایه","","1d004278-b634-42d2-994e-e4fb9228591d"
"2231","tú necesitarías","تو نیاز داشتی","افعال پایه","","4e9b5c7e-e14b-4246-887f-395b07ceae0c"
"2232","tú necesitas","تو نیاز داری","افعال پایه","","826bca98-4b06-4e59-9760-15ba3ba12b09"
"2233","tú necesitaste","تو نیاز داشتی","افعال پایه","","dbb0cafb-6124-4d5f-a077-89cc8815fb25"
"2234","tú no eres","تو نیستی","افعال پایه","","2c08c4ca-c3ff-46a3-9855-10bcfe1b595f"
"2235","tú no eres de aquí, ¿no?","تو اهل اینجا نیستی، مگه نه؟","افعال پایه","","27b1f2d3-e294-427a-ad99-3cc341d96829"
"2236","tú oirás","تو خواهی شنید","افعال پایه","","6128b46d-f468-4f0a-84cc-24b0ee607b65"
"2237","tú oirías","تو می‌شنیدی","افعال پایه","","6243c1c3-5aa0-43d0-a841-b3d900671eba"
"2238","tú oye","تو بشنو ، گوش کن","افعال پایه","","3bb0877a-794d-4f34-9962-5eba41aaa34f"
"2239","tú oyes","تو می‌شنوی","افعال پایه","","a3fdba4a-d515-43fc-9acc-190e073903b1"
"2240","tú oías","تو می‌شنیدی","افعال پایه","","f35c2587-4b7f-46d1-816c-3b8b983dd4fc"
"2241","tú oíste","تو شنیدی","افعال پایه","","801326da-1b3d-4a83-b63d-38310243cee5"
"2242","tú paga","تو پرداخت کن","افعال پایه","","7e88a581-1114-4207-b5c4-04a2989f8306"
"2243","tú pagabas","تو پرداخت می‌کردی","افعال پایه","","bec14998-6da1-4d0c-bef2-5c36f1a098e0"
"2244","tú pagarás","تو پرداخت خواهی کرد","افعال پایه","","d3b03c20-f684-4558-b146-f2ce8b17d9be"
"2245","tú pagarías","تو پرداخت می‌کردی","افعال پایه","","8c5f17b8-eed4-4de8-ad4f-19faca3f6b86"
"2246","tú pagas","تو پرداخت می‌کنی","افعال پایه","","d048024a-cc83-484b-99c3-27f9c6e61340"
"2247","tú pagaste","تو پرداخت کردی","افعال پایه","","21c3b1e2-d114-4d3f-9781-adad93024cee"
"2248","tú pedirás","تو درخواست خواهی کرد ، سفارش خواهی داد","افعال پایه","","e59918c2-b15c-4ecd-8edf-bc4cd1697328"
"2249","tú pedirías","تو درخواست می‌کردی ، سفارش می‌دادی","افعال پایه","","7c0c4261-8ec2-476d-a7f9-41be2b35d73b"
"2250","tú pediste","تو درخواست کردی ، سفارش دادی","افعال پایه","","b85fc8c2-d623-45f4-b29e-1f6078f11705"
"2251","tú pedías","تو درخواست می‌کردی ، سفارش می‌دادی","افعال پایه","","169b1b6d-e6a4-4f53-aecd-32aa6bb2d9dd"
"2252","tú pensabas","تو فکر می‌کردی","افعال پایه","","60150866-0962-4d47-8660-5347eb86b2a0"
"2253","tú pensarás","تو فکر خواهی کرد","افعال پایه","","897edf22-89d3-4aed-b5d2-e3ebdf27e1c1"
"2254","tú pensarías","تو فکر می‌کردی","افعال پایه","","bbd3764d-2c6f-4ab0-abab-f27ca8117b99"
"2255","tú pensaste","تو فکر کردی","افعال پایه","","1f56a6f3-346a-4023-bb5c-842ec9efca4c"
"2256","tú pide","تو درخواست کن ، سفارش بده","افعال پایه","","a2a6b9d0-c624-4c8f-8dc7-95f35238d127"
"2257","tú pides","تو درخواست می‌کنی ، سفارش می‌دهی","افعال پایه","","b860f990-2e50-4216-861b-bcf234e57105"
"2258","tú piensa","تو فکر کن","افعال پایه","","37e9de1a-4d0c-4a85-97eb-3292b9bcebea"
"2259","tú piensas","تو فکر می‌کنی","افعال پایه","","ca962124-8126-46c1-9bb5-ea0537fc0c96"
"2260","tú podrás","تو خواهی توانست","افعال پایه","","ce5cc241-1204-4033-aad5-75d0db5c6c12"
"2261","tú podrías","تو می‌توانستی","افعال پایه","","f7f3f8cf-373a-4750-9367-62f5a2cbe1ad"
"2262","tú podías","تو می‌توانستی","افعال پایه","","3f0988b5-cac8-4618-b68a-74f36df529f7"
"2263","tú pon","تو بگذار ، قرار بده","افعال پایه","","ce4683d7-0e0b-41cf-a9c5-4a2358055605"
"2264","tú pondrás","تو خواهی گذاشت ، قرار خواهی داد","افعال پایه","","b1164a6f-af05-4afb-a2ab-71d6ef0ef5fb"
"2265","tú pondrías","تو می‌گذاشتی ، قرار می‌دادی","افعال پایه","","c40fc440-4783-455d-b63b-caf5661934cb"
"2266","tú pones","تو می‌گذاری ، قرار می‌دهی","افعال پایه","","b77a9ffc-49bf-4b1c-851c-6139319b207a"
"2267","tú ponías","تو می‌گذاشتی ، قرار می‌دادی","افعال پایه","","31438b21-2492-4dca-8ef2-914f60c6683c"
"2268","tú pregunta","تو بپرس","افعال پایه","","172ff38d-9d4d-4129-9ee2-a80922838df3"
"2269","tú preguntabas","تو می‌پرسیدی","افعال پایه","","95558155-c56b-49da-b374-691d31d9f642"
"2270","tú preguntarás","تو خواهی پرسید","افعال پایه","","9721e780-305b-4272-b891-040a01f42405"
"2271","tú preguntarías","تو می‌پرسیدی","افعال پایه","","0c0eb5fb-feb5-4743-a6cb-5b17381bfbb5"
"2272","tú preguntas","تو می‌پرسی","افعال پایه","","717a7f2b-4fd6-4450-9040-cc8b425da965"
"2273","tú preguntaste","تو پرسیدی","افعال پایه","","c33aff8a-4633-40d1-8d0c-a194597b9884"
"2274","tú pudiste","تو توانستی","افعال پایه","","bb788579-6e00-4cec-b3db-790bba25589d"
"2275","tú puede","تو بتوان","افعال پایه","","3fd772bc-c33a-4dde-90dd-fe25ea6d41f4"
"2276","tú puedes","تو می‌توانی","افعال پایه","","4a98a5fb-768a-4e38-8666-a7387f2276f2"
"2277","tú pusiste","تو گذاشتی ، قرار دادی","افعال پایه","","a4a73e25-026b-413f-b0b1-69ba3af0b150"
"2278","tú queda","تو بمان ، قرار بگذار","افعال پایه","","b78b7cb9-f313-4d9f-9021-8bef6ff25712"
"2279","tú quedabas","تو می‌ماندی","افعال پایه","","812ca6de-f518-42f2-be28-0187601f1270"
"2280","tú quedarás","تو خواهی ماند","افعال پایه","","8e1d4428-8631-4410-9fca-097650d401dd"
"2281","tú quedarías","تو می‌ماندی","افعال پایه","","b11517c3-36ef-47f1-b920-f7c0d1e2c1a8"
"2282","tú quedas","تو می‌مانی","افعال پایه","","0b3dd99e-4a5b-4fd0-8180-836d57965c61"
"2283","tú quedaste","تو ماندی","افعال پایه","","aaa7e6d4-7935-405b-9107-756b21fe9193"
"2284","tú querrás","تو خواهی خواست","افعال پایه","","ddd5f1d5-91be-4f68-b2f2-7ce708d8afd6"
"2285","tú querrías","تو می‌خواستی","افعال پایه","","228be272-d2d5-40a1-ad31-ccba90ef2cbe"
"2286","tú querías","تو می‌خواستی","افعال پایه","","0a0fc8ba-8c81-4618-87f4-f79e650ab1cc"
"2287","tú quiere","تو بخواه","افعال پایه","","c3fd1ba8-aa6a-4035-a4a8-6620a35e8fc2"
"2288","tú quieres","تو می‌خواهی","افعال پایه","","854c2b32-6d9a-4e54-a750-b699e5572ee7"
"2289","tú quisiste","تو خواستی","افعال پایه","","9f175198-ac4e-40c4-bef2-ff4c3de98a67"
"2290","tú responde","تو پاسخ بده","افعال پایه","","edb4b4f6-98f9-4fd4-b2e3-36eac01f7279"
"2291","tú responderás","تو پاسخ خواهی داد","افعال پایه","","fb35e75b-44e4-4c5a-8611-0ec998c81368"
"2292","tú responderías","تو پاسخ می‌دادی","افعال پایه","","aca9f3f7-eff1-4ddb-8e3a-0159acf70a03"
"2293","tú respondes","تو پاسخ می‌دهی","افعال پایه","","d06dd81c-4ef7-46ad-9cd3-dc24f5f48102"
"2294","tú respondiste","تو پاسخ دادی","افعال پایه","","37ce2e9b-704a-48a4-89f4-6d161b147a88"
"2295","tú respondías","تو پاسخ می‌دادی","افعال پایه","","627438fd-8f21-46d3-83c9-6943212878af"
"2296","tú sabe","تو بدان","افعال پایه","","113c54cf-0edd-40a2-912b-b46283094250"
"2297","tú sabes","تو می‌دانی","افعال پایه","","c2604c4c-ec5f-41a5-9dff-025830374570"
"2298","tú sabrás","تو خواهی دانست","افعال پایه","","43bf7e4a-3b00-4289-b54e-e16c4fe576ad"
"2299","tú sabrías","تو می‌دانستی","افعال پایه","","3bf64f79-7887-45a7-8c6e-fb2ca0e9fbb0"
"2300","tú sabías","تو می‌دانستی","افعال پایه","","308889c1-86f4-4613-8398-4af4e590a133"
"2301","tú sal","تو بیرون برو","افعال پایه","","8ee78e2a-c5b1-4caf-8bdd-0730b47d7bbe"
"2302","tú saldrás","تو بیرون خواهی رفت","افعال پایه","","f63acefa-4708-40ce-b13d-93d2adf69043"
"2303","tú saldrías","تو بیرون می‌رفتی","افعال پایه","","b52d4ff2-4dd5-4c46-b5ab-8ac89d18303e"
"2304","tú sales","تو بیرون می‌روی","افعال پایه","","ae20c045-5d32-498d-9928-5f88a56c83d9"
"2305","tú saliste","تو بیرون رفتی","افعال پایه","","d27c90be-8d50-4917-b64d-25aa0cab4f04"
"2306","tú salías","تو بیرون می‌رفتی","افعال پایه","","4c5669fc-89d4-4e4c-a9ae-1b9868a083af"
"2307","tú sentirás","تو احساس خواهی کرد","افعال پایه","","db8d7b32-92b1-4159-965b-06f6a33d89f4"
"2308","tú sentirías","تو احساس می‌کردی","افعال پایه","","37f2d8eb-0136-4a25-8073-267fd01d5dda"
"2309","tú sentiste","تو احساس کردی","افعال پایه","","a6e2195c-855b-4fca-a812-41bb7e1c638a"
"2310","tú sentías","تو احساس می‌کردی","افعال پایه","","dbe5e561-2c0c-4875-8a06-ea63a427c04c"
"2311","tú serás","تو خواهی بود","افعال پایه","","2ae6d69d-e387-46c7-94b1-e48c627bc209"
"2312","tú serías","تو بودی","افعال پایه","","39807684-81eb-4789-96b7-7a5b84c68304"
"2313","tú siente","تو احساس کن","افعال پایه","","59f182fd-c454-4859-aeda-8c20b77fe558"
"2314","tú sientes","تو احساس می‌کنی","افعال پایه","","db579a33-8928-497e-8c09-f3ebd1f95420"
"2315","tú solo","تو تنها","افعال پایه","","af616b91-287a-4451-9b33-1201fae741c1"
"2316","tú supiste","تو دانستی ، فهمیدی","افعال پایه","","6540b17f-c6f8-49aa-9d39-f4cf0284b843"
"2317","tú sé","تو باش ، بدان","افعال پایه","","5478d584-3bb4-4f55-8075-2a94548994fd"
"2318","tú ten","تو داشته باش","افعال پایه","","8303aeb8-93cf-4d57-b332-697440921153"
"2319","tú tendrás","تو خواهی داشت","افعال پایه","","00c25a66-59ce-4e1c-9f6c-0de43bf2082d"
"2320","tú tendrías","تو داشتی","افعال پایه","","48e44e24-5569-443b-806c-39fc0661392b"
"2321","tú tenías","تو داشتی","افعال پایه","","151c7ba2-f4a4-4692-8768-f37180138991"
"2322","tú termina","تو تمام کن","افعال پایه","","b67ba661-a577-456d-8968-176efe28cca0"
"2323","tú terminabas","تو تمام می‌کردی","افعال پایه","","cc4bcd60-6202-423e-b8e3-a06681cad09e"
"2324","tú terminarás","تو تمام خواهی کرد","افعال پایه","","6810eddd-3a3c-44e9-87da-f6c5cd4d12c6"
"2325","tú terminarías","تو تمام می‌کردی","افعال پایه","","15eb2900-e920-4876-b505-35b2772b1fe0"
"2326","tú terminas","تو تمام می‌کنی","افعال پایه","","d8fe0ab6-f96b-4fd8-b9e2-cabfb3d1c3e6"
"2327","tú terminaste","تو تمام کردی","افعال پایه","","915ca33c-8f62-4c46-adc2-3f9513244a8f"
"2328","tú tienes","تو داری","افعال پایه","","8faa8ba5-cfce-47cc-93e9-59c03912d2c8"
"2329","tú toma","تو بگیر ، بنوش","افعال پایه","","e91ce7be-f46b-4e98-95e5-4a739b78aa2d"
"2330","tú tomabas","تو می‌گرفتی ، می‌نوشیدی","افعال پایه","","5f85e91b-5aad-4477-ba4b-f6fa853cacec"
"2331","tú tomarás","تو خواهی گرفت ، خواهی نوشید","افعال پایه","","43677a47-4c42-4a6b-a099-777072aad37d"
"2332","tú tomarías","تو می‌گرفتی ، می‌نوشیدی","افعال پایه","","7514cd58-c77e-46c2-af7b-a3e82d6a19d4"
"2333","tú tomas","تو می‌گیری ، می‌نوشی","افعال پایه","","879d2251-211f-4f1c-83ea-60369e564088"
"2334","tú tomaste","تو گرفتی ، نوشیدی","افعال پایه","","26c2e40b-f032-46c8-9157-eb7584328d69"
"2335","tú trabaja","تو کار کن","افعال پایه","","623c8d3d-14f1-4990-939d-4303d7987c60"
"2336","tú trabajabas","تو کار می‌کردی","افعال پایه","","47f6c497-ace6-47e6-9363-33c8396e917b"
"2337","tú trabajarás","تو کار خواهی کرد","افعال پایه","","8017ddcc-0a92-49d3-994c-3124952c136a"
"2338","tú trabajarías","تو کار می‌کردی","افعال پایه","","80fca8bf-3272-430e-942a-5330f37c9401"
"2339","tú trabajas","تو کار می‌کنی","افعال پایه","","5c95f798-dc2a-4088-8db5-fb0d191ddda9"
"2340","tú trabajaste","تو کار کردی","افعال پایه","","4c1d6e32-7343-4074-bb95-9b60df6ad1c3"
"2341","Tú tranquila.","آرام باش (برای مؤنث)","افعال پایه","","27b33c60-0a17-46ec-9b62-24393dc046d8"
"2342","Tú tranquilo.","آرام باش (برای مذكر)","افعال پایه","","b0902530-e3f2-40e5-8ee6-1cf6a9385065"
"2343","tú tuviste","تو داشتی","افعال پایه","","38f1acd1-52ee-4178-9502-d7bb4a9b9e0e"
"2344","tú vas","تو می‌روی","افعال پایه","","a3a21541-8de9-4849-b9d7-ef728a6283ee"
"2345","tú ve","تو برو ، ببین","افعال پایه","","4ac0c259-6e52-4552-9f7b-7e834f36d94f"
"2346","tú ven","تو بیا","افعال پایه","","2286bbf4-fa46-40e9-b310-6503f9b4b4ea"
"2347","tú vendrás","تو خواهی آمد","افعال پایه","","a175794b-e057-4d1b-8699-53a805162417"
"2348","tú vendrías","تو می‌آمدی","افعال پایه","","0b01ace1-6a30-4b7c-b013-e5d51a82ff78"
"2349","tú venías","تو می‌آمدی","افعال پایه","","609b98e6-164f-4277-9c17-bc7b3f5c8942"
"2350","tú verás","تو خواهی دید","افعال پایه","","6ba445e2-edcf-41fc-b7bd-4b7305d7bbbf"
"2351","tú verías","تو می‌دیدی","افعال پایه","","5c641e25-ca51-4419-bc83-dab17540e654"
"2352","tú ves","تو می‌بینی","افعال پایه","","939d8e9e-2084-4495-a1cd-6eafaaeb8501"
"2353","tú veías","تو می‌دیدی","افعال پایه","","d70681f2-0e74-444e-84f8-5445c22c5211"
"2354","tú vienes","تو می‌آیی","افعال پایه","","66b2d1ff-e77e-4d95-a3f2-cd2161ffdb15"
"2355","tú viniste","تو آمدی","افعال پایه","","785ff138-f796-4633-bafd-376f371ba5fb"
"2356","tú viste","تو دیدی","افعال پایه","","9cb98faf-7aec-4844-b0b2-c0f6a11d13a3"
"2357","tú vive","تو زندگی کن","افعال پایه","","7f372c04-a7e8-479f-92db-c8d9cbd52b96"
"2358","tú vives","تو زندگی می‌کنی","افعال پایه","","e55ad7ec-551f-49da-a1e6-a32e6abdeabd"
"2359","tú vivirás","تو زندگی خواهی کرد","افعال پایه","","9bdda33f-2ce9-4bac-b00c-2809633b6d4e"
"2360","tú vivirías","تو زندگی می‌کردی","افعال پایه","","5cd615e4-7e1f-473f-a489-acd5f38c9a26"
"2361","tú viviste","تو زندگی کردی","افعال پایه","","7bc2baee-9b31-4066-af28-0dd303294ecb"
"2362","tú vivías","تو زندگی می‌کردی","افعال پایه","","064afb21-0465-4763-98ef-979116ec43db"
"2363","tú volverás","تو برخواهی گشت","افعال پایه","","7c96c7c4-aa7f-4b8c-bb5a-86be230a7812"
"2364","tú volverías","تو برمی‌گشتی","افعال پایه","","d62175e8-7cdd-462e-9625-44b26f8cddce"
"2365","tú volviste","تو برگشتی","افعال پایه","","03b0569e-2b89-407a-8743-42cc9f1ba08f"
"2366","tú volvías","تو برمی‌گشتی","افعال پایه","","fac9748b-2be5-45ad-aa39-23bf46d07d96"
"2367","tú vuelve","تو برگرد","افعال پایه","","c66a9221-33e5-4aae-bd74-73426c6b8b2c"
"2368","tú vuelves","تو برمی‌گردی","افعال پایه","","a119f785-4b02-4666-bc90-c71428aa7eb2"
"2369","usted abra","شما باز کنید","افعال پایه","","c487e8b3-e08a-46d5-b69c-1457f6b59a8d"
"2370","usted abre","شما باز می‌کنید","افعال پایه","","04cdfa14-1dd8-416a-9fba-16212b295b4e"
"2371","usted abrirá","شما باز خواهید کرد","افعال پایه","","a5669899-7889-452b-b2c9-04f76b685dc6"
"2372","usted abriría","شما باز می‌کردید","افعال پایه","","d272442b-7702-4b35-a32f-da7ce596c750"
"2373","usted abrió","شما باز کردید","افعال پایه","","d8acf861-05ce-46e1-b99c-4903dab2a344"
"2374","usted abría","شما باز می‌کردید","افعال پایه","","8d72dfcb-6c1d-4abe-9bc8-68c1455b5908"
"2375","usted aprenda","شما یاد بگیرید","افعال پایه","","5bce3ada-1f78-4bc7-b6c2-a00c5c531d75"
"2376","usted aprende","شما یاد می‌گیرید","افعال پایه","","01cad173-79b5-4be7-a5d9-3c6674aacc74"
"2377","usted aprenderá","شما یاد خواهید گرفت","افعال پایه","","adc8288e-8bfd-4be5-a64e-f2cd23425e1d"
"2378","usted aprendería","شما یاد می‌گرفتید","افعال پایه","","5be95abb-f177-40f0-bb37-2c874463c852"
"2379","usted aprendió","شما یاد گرفتید","افعال پایه","","65e1fe17-4bdb-4217-bd82-62d80f37b5f9"
"2380","usted aprendía","شما یاد می‌گرفتید","افعال پایه","","63975f95-f626-448f-b55c-a81c89b65e46"
"2381","usted beba","شما بنوشید","افعال پایه","","7fdd1e7e-29d0-428d-80a9-81f2a4937de3"
"2382","usted bebe","شما می‌نوشید","افعال پایه","","5f99fd72-9847-4278-b121-dff562937e4c"
"2383","usted beberá","شما خواهید نوشید","افعال پایه","","dcecaef8-509e-468b-a482-c2afe24b0e3f"
"2384","usted bebería","شما می‌نوشیدید","افعال پایه","","44b3ac66-1771-4197-8fb6-0dd3fb287235"
"2385","usted bebió","شما نوشیدید","افعال پایه","","1eae94bb-567c-4b57-ad44-1254bf00d337"
"2386","usted bebía","شما می‌نوشیدید","افعال پایه","","00be268c-df50-4b7b-9257-f3b71ade9d50"
"2387","usted busca","شما جستجو کنید","افعال پایه","","e179173f-9dde-4964-9a88-cd919a4926f5"
"2388","usted buscaba","شما جستجو می‌کردید","افعال پایه","","9f6cd6f7-8ba9-4235-8cbe-09582a86c133"
"2389","usted buscará","شما جستجو خواهید کرد","افعال پایه","","c9971d22-367e-4cee-a79f-5169a4954859"
"2390","usted buscaría","شما جستجو می‌کردید","افعال پایه","","1ed4540b-760a-4576-9c22-4de5a106cae9"
"2391","usted buscó","شما جستجو کردید","افعال پایه","","c1d026d9-377c-42e5-a22c-505f99431e10"
"2392","usted busque","شما جستجو کنید","افعال پایه","","02ce09fe-441e-4736-9431-af2bb6e08831"
"2393","usted cerraba","شما می‌بستید","افعال پایه","","0c0bb65f-f77f-47f1-998d-604a0966bf0c"
"2394","usted cerrará","شما خواهید بست","افعال پایه","","f9fc0558-d528-459a-a136-b96ef6063e62"
"2395","usted cerraría","شما می‌بستید","افعال پایه","","f87516df-db48-48eb-8f5c-dc0eecb9aeef"
"2396","usted cerró","شما بستید","افعال پایه","","a870b733-a16c-4bab-bf5d-7470442e6058"
"2397","usted cierra","شما ببندید","افعال پایه","","5c4375e0-101f-4540-b67b-16230aea6178"
"2398","usted cierre","شما ببندید","افعال پایه","","26fdc3e8-b52c-403c-a379-d4bf398821d7"
"2399","usted coma","شما بخورید","افعال پایه","","60e5d431-7bfe-4703-8952-51ade3d675b2"
"2400","usted come","شما می‌خورید","افعال پایه","","284c6659-220d-4533-a99a-a5a290fd024c"
"2401","usted comerá","شما خواهید خورد","افعال پایه","","87ab1a1b-f0c0-48a2-b007-199c5cd64156"
"2402","usted comería","شما می‌خوردید","افعال پایه","","cc123305-1a5d-44f5-a434-8292f07c4b48"
"2403","usted comió","شما خوردید","افعال پایه","","489bf82d-d7c9-41bc-957a-8d0f45145d61"
"2404","usted compra","شما بخرید","افعال پایه","","15c34cad-68ca-44f9-8f66-508df2fcb32f"
"2405","usted compraba","شما می‌خریدید","افعال پایه","","dd537b3d-7b27-403e-bd8b-3053d3d6ba08"
"2406","usted comprará","شما خواهید خرید","افعال پایه","","25a94e53-b2d0-4e0e-8fe3-f244d0169a89"
"2407","usted compraría","شما می‌خریدید","افعال پایه","","583b233c-7219-43ed-b32d-083f778bed0f"
"2408","usted compre","شما بخرید","افعال پایه","","7de52ee2-aa64-42b1-bcab-85327de3af53"
"2409","usted compró","شما خریدید","افعال پایه","","a4850287-4ba3-4b24-bcd7-e29b1ab8d02d"
"2410","usted comía","شما می‌خوردید","افعال پایه","","95c1708a-5300-4511-950b-5a6a60565e2f"
"2411","usted conoce","شما بشناسید ، آشنا شوید","افعال پایه","","c0057f68-7daa-4481-8c7b-2113879a8e9d"
"2412","usted conocerá","شما خواهید شناخت","افعال پایه","","26b99357-aaaa-4877-8dc7-094e1527144c"
"2413","usted conocería","شما می‌شناختید","افعال پایه","","00c15024-2be9-4d43-bb85-7a60dcd1fbfb"
"2414","usted conoció","شما شناختید","افعال پایه","","5b4cd96a-7b17-4b4d-80df-76f20d76f005"
"2415","usted conocía","شما می‌شناختید","افعال پایه","","fbb72c1e-08fd-47c1-8b84-00d5ccd663b5"
"2416","usted conozca","شما بشناسید","افعال پایه","","89366350-d815-4b09-ab44-2aaab54f6138"
"2417","usted crea","شما باور کنید","افعال پایه","","36e429b5-64fa-49c2-b104-2201ed7282f5"
"2418","usted cree","شما باور دارید","افعال پایه","","446e0dfd-a906-4965-8189-56af4e37aa4a"
"2419","usted creerá","شما باور خواهید کرد","افعال پایه","","01a3b486-e643-41a4-b82b-8f3585b70102"
"2420","usted creería","شما باور می‌کردید","افعال پایه","","233fe47b-915e-41aa-8857-14d6996f2970"
"2421","usted creyó","شما باور کردید","افعال پایه","","11d894d8-fc72-460e-a236-4f004ea6011f"
"2422","usted creía","شما باور می‌کردید","افعال پایه","","c321f928-e084-4184-9c96-a0030fa01172"
"2423","usted da","شما بدهید","افعال پایه","","3629c935-e14b-4753-94fb-0e79a7689930"
"2424","usted daba","شما می‌دادید","افعال پایه","","5c90ffca-7994-47d7-ab69-1a1812b264f2"
"2425","usted dará","شما خواهید داد","افعال پایه","","543ef3d6-7932-4e9a-b235-f0f8908734c7"
"2426","usted daría","شما می‌دادید","افعال پایه","","9d35d351-d5c3-4f01-ad8c-9711ed7571f3"
"2427","usted decía","شما می‌گفتید","افعال پایه","","5f82e2f9-60c8-4684-976c-9b108c6ed7bc"
"2428","usted deja","شما رها کنید ، بگذارید","افعال پایه","","030430f6-462e-4a82-892d-44850e0737e0"
"2429","usted dejaba","شما رها می‌کردید ، می‌گذاشتید","افعال پایه","","35c96da2-8d76-4184-b6ab-81a84253c079"
"2430","usted dejará","شما رها خواهید کرد ، خواهید گذاشت","افعال پایه","","c5e15b15-a8e9-4958-aaf2-b330a38e88b7"
"2431","usted dejaría","شما رها می‌کردید ، می‌گذاشتید","افعال پایه","","ca9d6235-d78f-42ea-967c-61f737a74727"
"2432","usted deje","شما رها کنید","افعال پایه","","30e5485d-1b77-4e25-91b9-76b5b4ef6585"
"2433","usted dejó","شما رها کردید ، گذاشتید","افعال پایه","","161b74d4-22af-4a80-af75-ba7a5617fdd7"
"2434","usted dice","شما می‌گویید","افعال پایه","","9f8b6637-3f2b-4180-a973-eadbe9194030"
"2435","usted diga","شما بگویید","افعال پایه","","0ce641f1-a9aa-46e0-bf40-f46f40281049"
"2436","usted dijo","شما گفتید","افعال پایه","","a727c54a-85fb-41a3-872b-735c5f492b5c"
"2437","vosotros abríais","در ادامه، معانی فارسی هر یک از خطوط اسپانیایی مربوط به این بخش به صورت خط‌به‌‌خط آورده شده است: ، شماها باز می‌‌کردید","افعال پایه","","bd7aa50a-f7a1-4ecc-be7c-cc454e018f45"
"2438","vosotros abrís","شماها باز می‌کنید","افعال پایه","","8c6e1287-83c9-40f9-9f6d-9866a91d1476"
"2439","vosotros aprended","شماها یاد بگیرید","افعال پایه","","413a1664-b42b-40ca-bb8f-1eac36851c72"
"2440","vosotros aprenderéis","شماها یاد خواهید گرفت","افعال پایه","","7234ad24-d908-4537-8121-e677dc318928"
"2441","vosotros aprenderíais","شماها یاد می‌گرفتید","افعال پایه","","f1030712-11f2-44d9-9e82-982b144ae902"
"2442","vosotros aprendisteis","شماها یاد گرفتید","افعال پایه","","144beb24-1727-468e-bc8b-2b919cc54063"
"2443","vosotros aprendéis","شماها یاد می‌گیرید","افعال پایه","","75b65205-b218-4dfd-8ac9-5ed698498086"
"2444","vosotros aprendíais","شماها یاد می‌گرفتید","افعال پایه","","a23cd689-1053-48b7-9ac5-d2adf604d909"
"2445","vosotros bebed","شماها بنوشید","افعال پایه","","3473417b-aeec-4960-b6e8-c396cf19ad0b"
"2446","vosotros beberéis","شماها خواهید نوشید","افعال پایه","","ee4d76ee-a5d1-4f9b-a5a9-de626c64af06"
"2447","vosotros beberíais","شماها می‌نوشیدید","افعال پایه","","fff05d77-7254-46f1-8a1b-fc606bada370"
"2448","vosotros bebisteis","شماها نوشیدید","افعال پایه","","3125f4a4-d33a-4d98-a19e-390fa896fc4a"
"2449","vosotros bebéis","شماها می‌نوشید","افعال پایه","","9115a67b-24d3-48de-b6c9-3425cc4ba365"
"2450","vosotros bebíais","شماها می‌نوشیدید","افعال پایه","","5d429230-7db9-4e42-a53d-3e40d1c947c0"
"2451","vosotros buscabais","شماها جستجو می‌کردید","افعال پایه","","4623bf5f-388e-417e-8d1c-b59c0eee6d10"
"2452","vosotros buscad","شماها جستجو کنید","افعال پایه","","ebcf8ca3-d134-4c41-a6f0-3722afd758e1"
"2453","vosotros buscaréis","شماها جستجو خواهید کرد","افعال پایه","","ab70d410-7a70-42e7-a2fe-84599a95c5a8"
"2454","vosotros buscaríais","شماها جستجو می‌‌کردید","افعال پایه","","60450924-908e-4025-a7bf-e69e448f6df7"
"2455","vosotros buscasteis","شماها جستجو کردید","افعال پایه","","c1d95768-dd23-4fef-9562-a9fc2527bf67"
"2456","vosotros buscáis","شماها جستجو می‌کنید","افعال پایه","","5fd260ce-255d-49c8-bd6a-5c5b275d426c"
"2457","vosotros cerrabais","شماها می‌بستید","افعال پایه","","9fb5ab34-c561-489c-953f-2e72a3ec1b28"
"2458","vosotros cerrad","شماها ببندید","افعال پایه","","1ba8e3bc-99fc-41c7-bada-7d26a610653f"
"2459","vosotros cerraréis","شماها خواهید بست","افعال پایه","","67b62085-ca38-4b81-a0f5-fc33b86ae57b"
"2460","vosotros cerraríais","شماها می‌بستید","افعال پایه","","2c87c5de-0585-4fb5-a7f0-f44b64b223ba"
"2461","vosotros cerrasteis","شماها بستید","افعال پایه","","5e457dfd-54a5-4db7-882b-ee486a071093"
"2462","vosotros cerráis","شماها می‌بندید","افعال پایه","","b4dae1de-8947-4b83-bd4f-cff43ebc1d5e"
"2463","vosotros comed","شماها بخورید","افعال پایه","","e3453da5-5fa9-4e44-89a5-003f22d9c1c3"
"2464","vosotros comeréis","شماها خواهید خورد","افعال پایه","","c3a783d4-611c-4c24-a2f4-81ac05766fb2"
"2465","vosotros comeríais","شماها می‌خوردید","افعال پایه","","7c1d6b32-727c-4f59-ba80-02ef869f6105"
"2466","vosotros comisteis","شماها خوردید","افعال پایه","","a14583b7-4d6e-4b15-b8f9-b547680a93e6"
"2467","vosotros comprabais","شماها می‌خریدید","افعال پایه","","c2c8f6ce-8940-4052-ba2c-45b5a0fc0761"
"2468","vosotros comprad","شماها بخرید","افعال پایه","","ae70db0d-c8b7-4fa7-847c-d78faef9d3cb"
"2469","vosotros compraréis","شماها خواهید خرید","افعال پایه","","79587ecd-09b7-4bf5-8159-c854fe37871d"
"2470","vosotros compraríais","شماها می‌خریدید","افعال پایه","","191aa777-7243-4269-8330-2859aadd7ac9"
"2471","vosotros comprasteis","شماها خریدید","افعال پایه","","04270093-7ff4-48da-97a5-60762d98f091"
"2472","vosotros compráis","شماها می‌خرید","افعال پایه","","a33a1ed9-fd97-4112-a80e-ddcbef24baa6"
"2473","vosotros coméis","شماها می‌خورید","افعال پایه","","6048af15-105a-4e95-92ce-f3c8abb8ff48"
"2474","vosotros comíais","شماها می‌خوردید","افعال پایه","","31f76211-f002-4649-84cd-8416d34759c6"
"2475","vosotros conoced","شماها بشناسید ، آشنا شوید","افعال پایه","","b5ebacf9-eb98-4cf4-ae1c-3f9a333a1e89"
"2476","vosotros conoceréis","شماها خواهید شناخت","افعال پایه","","05a1e311-214b-4ebb-8d88-3f722563748e"
"2477","vosotros conoceríais","شماها می‌شناختید","افعال پایه","","c6cbcb2c-86e3-455a-8a2a-46801b677f30"
"2478","vosotros conocisteis","شماها شناختید","افعال پایه","","63943d06-453d-4fb3-a6aa-a60f5f44a843"
"2479","vosotros conocéis","شماها می‌شناسید","افعال پایه","","6edd6819-24e4-4e32-9628-a1a81e4339db"
"2480","vosotros conocíais","شماها می‌شناختید","افعال پایه","","2556f5e0-8806-4660-9267-9a1bae29a316"
"2481","vosotros creed","شماها باور کنید ، خلق کنید","افعال پایه","","5d895858-5cf4-4e74-9b25-24e27de05730"
"2482","vosotros creeréis","شماها باور خواهید کرد","افعال پایه","","961b1d24-2e49-4cde-9386-d5f6ae5cbfc7"
"2483","vosotros creeríais","شماها باور می‌کردید","افعال پایه","","cff4dd1c-4bc3-4565-a3bd-815fd2c636b8"
"2484","vosotros creéis","شماها باور دارید ، خلق می‌کنید","افعال پایه","","297e892f-3be9-4161-aa68-72044c9e6a43"
"2485","vosotros creíais","شماها باور می‌کردید","افعال پایه","","cf6dd462-eb57-4e99-a7d9-fc7ee535d424"
"2486","vosotros creísteis","شماها باور کردید","افعال پایه","","1356726b-4db3-4b18-9702-69efde982114"
"2487","vosotros dabais","شماها می‌دادید","افعال پایه","","8c0e32d0-4c90-41ee-a180-a7403e7d3850"
"2488","vosotros dad","شماها بدهید","افعال پایه","","e35645c1-fc4d-416c-a7f2-5e537a2b9dea"
"2489","vosotros dais","شماها می‌دهید","افعال پایه","","b1cbae18-aade-43cc-b5d1-861885b52984"
"2490","vosotros daréis","شماها خواهید داد","افعال پایه","","68d56b2e-0180-42d6-96ed-dc6bee2b54d9"
"2491","vosotros daríais","شماها می‌‌دادید","افعال پایه","","3ebbe156-eaf0-4989-8aaf-f67746049733"
"2492","vosotros decid","شماها بگویید","افعال پایه","","258f9db0-2034-4b8d-9fcb-a9b251235f12"
"2493","vosotros decíais","شماها می‌‌گفتید","افعال پایه","","0cd09578-27f8-4f6d-a635-076bc1c3c7fb"
"2494","vosotros decís","شماها می‌‌گویید","افعال پایه","","87bd1de8-27b5-46ae-8a95-f1aa744ecbda"
"2495","vosotros dejabais","شماها رها می‌کردید ، می‌گذاشتید","افعال پایه","","b74f2211-d000-44e9-b3eb-e424534c923f"
"2496","vosotros dejad","شماها رها کنید ، بگذارید","افعال پایه","","8ec0161e-9578-49d1-afe5-07b8ffc0985f"
"2497","vosotros dejaréis","شماها رها خواهید کرد ، خواهید گذاشت","افعال پایه","","a44f6b34-b267-41d8-a128-2195a42400d4"
"2498","vosotros dejaríais","شماها رها می‌کردید ، می‌گذاشتید","افعال پایه","","671b4d38-71ad-4e2e-bf11-3bd3a5cdd395"
"2499","vosotros dejasteis","شماها رها کردید ، گذاشتید","افعال پایه","","7339b171-50be-4310-9509-fb81df31cc50"
"2500","vosotros dejáis","شماها رها می‌کنید ، می‌گذارید","افعال پایه","","96dec2f0-8acc-4dfa-aef0-e0d8cc1c0974"
"2501","vosotros dijisteis","شماها گفتید","افعال پایه","","a1919e0e-bbdb-4561-85f4-be55903f9b24"
"2502","vosotros diréis","شماها خواهید گفت","افعال پایه","","602bd295-567c-4f1e-aca1-7cec54f72991"
"2503","vosotros diríais","شماها می‌گفتید","افعال پایه","","c380d0c9-f5f9-427e-8de8-dacb9765e688"
"2504","vosotros disteis","شماها دادید","افعال پایه","","110b9f7b-2215-4609-a7cb-4c5b527b9755"
"2505","vosotros dormid","شماها بخوابید","افعال پایه","","1296fa1e-5e9d-410b-9cd2-a51c84af247d"
"2506","vosotros dormiréis","شماها خواهید خوابید","افعال پایه","","d537cd02-78d4-481f-bd04-c829523b66dd"
"2507","vosotros dormiríais","شماها می‌خوابیدید","افعال پایه","","1a23562d-9619-4618-a1ab-57898b44681e"
"2508","vosotros dormisteis","شماها خوابیدید","افعال پایه","","896b91be-a0e6-405c-b16a-e112bf13a060"
"2509","vosotros dormíais","شماها می‌خوابیدید","افعال پایه","","5858a539-635b-4371-86ea-8d083e9cbab6"
"2510","vosotros dormís","شماها می‌خوابید","افعال پایه","","874dfd97-fc19-4bde-b658-bac1ed213b99"
"2511","vosotros empezabais","شماها شروع می‌کردید","افعال پایه","","35291ba8-54d4-4f9a-b28f-ca41ac62a130"
"2512","vosotros empezad","شماها شروع کنید","افعال پایه","","371bd8c1-95ac-451c-a8bb-0283333d0869"
"2513","vosotros empezaréis","شماها شروع خواهید کرد","افعال پایه","","e7a6e723-788e-4453-a6e2-704e8a90df9b"
"2514","vosotros empezaríais","شماها شروع می‌‌کردید","افعال پایه","","3d4c060c-cc86-4067-bcfc-fc62fbf59aca"
"2515","vosotros empezasteis","شماها شروع کردید","افعال پایه","","dc211adf-e650-46dd-9dad-1e89e5c8cebc"
"2516","vosotros empezáis","شماها شروع می‌کنید","افعال پایه","","9f0ff836-9948-4efb-8e78-c37a8516131b"
"2517","vosotros encontrabais","شماها پیدا می‌کردید","افعال پایه","","f417c40c-7245-4ac2-8f9e-3b82d39dc16a"
"2518","vosotros encontrad","شماها پیدا کنید","افعال پایه","","13bd02bf-7cfc-40a7-a537-d150315d8a4f"
"2519","vosotros encontraréis","شماها پیدا خواهید کرد","افعال پایه","","106b9621-9bb5-4494-accf-df039b3cd3a2"
"2520","vosotros encontraríais","شماها پیدا می‌کردید","افعال پایه","","a99b2713-fb67-4d63-81c0-7645fe923da6"
"2521","vosotros encontrasteis","شماها پیدا کردید","افعال پایه","","b6f453f4-7849-4b1b-8d3c-a3364c9de22a"
"2522","vosotros encontráis","شماها پیدا می‌کنید","افعال پایه","","7f28258e-32fd-4df4-afbd-5554df923ef1"
"2523","vosotros enseñabais","شماها درس می‌دادید","افعال پایه","","70540993-d201-4632-a351-2d4caef1f99b"
"2524","vosotros enseñad","شماها درس بدهید","افعال پایه","","e7685f67-d6e9-42db-8151-4b861007929e"
"2525","vosotros enseñaréis","شماها درس خواهید داد","افعال پایه","","d1e6bb58-a878-4d45-b899-6ac5b669914f"
"2526","vosotros enseñaríais","شماها درس می‌دادید","افعال پایه","","8e5fdb6d-8532-4712-a565-7c141df8cdbb"
"2527","vosotros enseñasteis","شماها درس دادید","افعال پایه","","bce7dbb4-5944-4401-a7cc-5f522fb6aef7"
"2528","vosotros enseñáis","شماها درس می‌دهید","افعال پایه","","d1dc1271-779e-4258-a6ff-ae21d1d3aed2"
"2529","vosotros erais","شماها بودید","افعال پایه","","3f0d2441-89ad-431c-acdc-0f38f3b16ed3"
"2530","vosotros escribid","شماها بنویسید","افعال پایه","","2639ec77-08cd-4206-bd39-1210b89357c6"
"2531","vosotros escribiréis","شماها خواهید نوشت","افعال پایه","","16687f41-a4a5-423e-81b1-b29bcfe7f6f3"
"2532","vosotros escribiríais","شماها می‌نوشتید","افعال پایه","","b6644723-3da2-4fd7-b71b-a9e575947394"
"2533","vosotros escribisteis","شماها نوشتید","افعال پایه","","f227122b-11f9-432e-afdb-dbd6a347d010"
"2534","vosotros escribíais","شماها می‌نوشتید","افعال پایه","","cd61af49-8515-411c-96c2-e363b571e4e2"
"2535","vosotros escribís","شماها می‌نویسید","افعال پایه","","562cb699-270c-497c-9725-7623e3fce634"
"2536","vosotros estabais","شماها بودید","افعال پایه","","d03e86aa-3ece-40e3-adbd-bafec33a0a37"
"2537","vosotros estad","شماها باشید","افعال پایه","","a180641e-ae72-4b96-8fa0-304acbd45716"
"2538","vosotros estaréis","شماها خواهید بود","افعال پایه","","857835bc-9185-4d34-952f-7694f13e9d13"
"2539","vosotros estaríais","شماها می‌بودید","افعال پایه","","1f069976-243b-49bf-8a7a-dec92288f3b8"
"2540","vosotros estuvisteis","شماها بودید","افعال پایه","","5a9aeeeb-2d38-40ee-b9d2-1d7bef20a2e7"
"2541","vosotros estáis","شماها هستید","افعال پایه","","81d5f8ce-960e-44df-9e2f-5833c46901a9"
"2542","vosotros fuisteis","شماها بودید ، رفتید","افعال پایه","","02010fbb-5e0f-4a9e-8e34-dce24ca076ed"
"2543","vosotros gustabais","شماها دوست داشتید","افعال پایه","","10c60442-5f97-4f73-8fca-9780e1600431"
"2544","vosotros gustad","شماها دوست داشته باشید","افعال پایه","","38568654-17a9-400d-bb4f-b452cd170516"
"2545","vosotros gustaréis","شماها دوست خواهید داشت","افعال پایه","","8cdbf5ef-a4d4-4450-9631-3687a8420850"
"2546","vosotros gustaríais","شماها دوست داشتید","افعال پایه","","82a8d3fa-1276-4108-a177-918e2a5cb548"
"2547","vosotros gustasteis","شماها دوست داشتید","افعال پایه","","7476774d-d63f-4786-9061-246f38e299f2"
"2548","vosotros gustáis","شماها دوست دارید","افعال پایه","","62bc2776-ecb5-46c2-9332-3c947e7df077"
"2549","vosotros hablabais","شماها صحبت می‌کردید","افعال پایه","","d3e22658-9df4-4956-a7d8-fcabdc25f2b4"
"2550","vosotros hablad","شماها صحبت کنید","افعال پایه","","46ffc46c-9477-4888-9dfb-6ca6b03e2341"
"2551","vosotros hablaréis","شماها صحبت خواهید کرد","افعال پایه","","f21facdd-3ab3-435d-a314-4a949280651b"
"2552","vosotros hablaríais","شماها صحبت می‌کردید","افعال پایه","","896f9541-a3f3-4a08-b226-9ef80bd4a921"
"2553","vosotros hablasteis","شماها صحبت کردید","افعال پایه","","a83a5484-1a33-4ab3-a3d7-a89e4a1c5546"
"2554","vosotros habláis","شماها صحبت می‌کنید","افعال پایه","","9e71c7c3-218a-49a3-8a86-36be258d3a33"
"2555","vosotros haced","شماها انجام دهید ، بسازید","افعال پایه","","c78e9e9d-c211-4c63-a8ad-01b9be620a2b"
"2556","vosotros hacéis","شماها انجام می‌دهید ، می‌سازید","افعال پایه","","c4d175c8-3fc1-4fc3-8ef7-7392b2538c8a"
"2557","vosotros hacíais","شماها انجام می‌دادید ، می‌ساختید","افعال پایه","","fc3e9679-fab0-4d36-b64c-3cd04f01ebb6"
"2558","vosotros haréis","شماها انجام خواهید داد ، خواهید ساخت","افعال پایه","","c3e8776e-953d-40b0-861f-16de2766a826"
"2559","vosotros haríais","شماها انجام می‌دادید ، می‌ساختید","افعال پایه","","acaf04d1-72e6-45ce-9d30-00540cfa46f6"
"2560","vosotros hicisteis","شماها انجام دادید ، ساختید","افعال پایه","","9d8fa6e3-058c-4908-b449-e3bcd19f3a43"
"2561","vosotros ibais","شماها می‌رفتید","افعال پایه","","624e1486-18da-4f96-ba8c-ab1ff4e1fcce"
"2562","vosotros id","شماها بروید","افعال پایه","","9b474f43-7464-4bb1-b782-e66959923bc7"
"2563","vosotros iréis","شماها خواهید رفت","افعال پایه","","a2b9aaf4-4b01-463e-b565-98c100011bdf"
"2564","vosotros iríais","شماها می‌رفتید","افعال پایه","","bb0d244f-c042-4d6d-9ece-ac7632d862cd"
"2565","vosotros leed","شماها بخوانید","افعال پایه","","c06060a0-5e0c-4148-b77f-c9c06fcb718a"
"2566","vosotros leeréis","شماها خواهید خواند","افعال پایه","","c6486c6d-5113-4d78-8b3b-ffb8d49fb3ef"
"2567","vosotros leeríais","شماها می‌خواندید","افعال پایه","","51509c89-26a6-4662-a38b-b51b9e5cc927"
"2568","vosotros leéis","شماها می‌خوانید","افعال پایه","","c215625f-05b3-461d-9962-7b3e6dcb8702"
"2569","vosotros leíais","شماها می‌خواندید","افعال پایه","","70801133-a6a9-408e-8d37-2a11396a9ae9"
"2570","vosotros leísteis","شماها خواندید","افعال پایه","","eb157fa8-dab7-474a-b520-159de76e0d2b"
"2571","vosotros llegabais","شماها می‌رسیدید","افعال پایه","","09af3f20-3256-4020-8205-ef73f5af48df"
"2572","vosotros llegad","شماها برسید","افعال پایه","","7bd4ab36-26c2-4e9a-b8c5-755bde4f04ff"
"2573","vosotros llegaréis","شماها خواهید رسید","افعال پایه","","f424a0ed-01c0-4074-9f37-5ddd0652e2a6"
"2574","vosotros llegaríais","شماها می‌رسیدید","افعال پایه","","12343042-b67a-4648-9b63-d676df3a3cff"
"2575","vosotros llegasteis","شماها رسیدید","افعال پایه","","fe0883c9-ace9-44e4-b710-80ef8b4afe99"
"2576","vosotros llegáis","شماها می‌رسید","افعال پایه","","d02fe0d5-681c-464b-bee5-ba5f7ea80d59"
"2577","vosotros llevabais","شماها می‌بردید ، حمل می‌کردید","افعال پایه","","6fd14e85-d359-46d1-a678-44eb4c7bf2a0"
"2578","vosotros llevad","شماها ببرید ، حمل کنید","افعال پایه","","cff895f3-4864-48e0-912f-e024ee01766c"
"2579","vosotros llevaréis","شماها خواهید برد ، حمل خواهید کرد","افعال پایه","","7feda984-355c-4e15-af9f-f44c5f0180df"
"2580","vosotros llevaríais","شماها می‌بردید ، حمل می‌کردید","افعال پایه","","b5777c27-9e11-4b01-affb-7c0812de1d3b"
"2581","vosotros llevasteis","شماها بردید ، حمل کردید","افعال پایه","","4f9aa2bb-2b65-4f04-842e-65fba507c231"
"2582","vosotros lleváis","شماها می‌برید ، حمل می‌کنید","افعال پایه","","370c86d3-2d8c-4e37-a5c7-e43b62f6ec06"
"2583","vosotros mirabais","شماها نگاه می‌کردید","افعال پایه","","155112d7-1a78-48f3-b5a4-1a08bbaf3253"
"2584","vosotros mirad","شماها نگاه کنید","افعال پایه","","6cce5faf-6182-43b8-9007-44deb62c73a0"
"2585","vosotros miraréis","شماها نگاه خواهید کرد","افعال پایه","","1a56ed57-6a18-48f1-a05d-9002905fb841"
"2586","vosotros miraríais","شماها نگاه می‌کردید","افعال پایه","","76bd0bdf-1cfc-4283-abce-74547fe07a0d"
"2587","vosotros mirasteis","شماها نگاه کردید","افعال پایه","","25a4ba4c-f70c-49c6-bf57-5271658d3686"
"2588","vosotros miráis","شماها نگاه می‌کنید","افعال پایه","","6561ea8f-08cd-449c-9552-60e510ca1fd4"
"2589","vosotros necesitabais","شماها نیاز داشتید","افعال پایه","","e8f9e0f0-0f75-4a00-bf9d-ee583cddf744"
"2590","vosotros necesitad","شماها نیاز داشته باشید","افعال پایه","","63915d02-52c4-4de4-96f8-0d3a0334fff5"
"2591","vosotros necesitaréis","شماها نیاز خواهید داشت","افعال پایه","","d2096aa9-4313-430a-a592-8d45cc65f826"
"2592","vosotros necesitaríais","شماها نیاز داشتید","افعال پایه","","b873d8fd-3489-4498-b06a-414fc7e38c52"
"2593","vosotros necesitasteis","شماها نیاز داشتید","افعال پایه","","fc28283b-4410-4fa0-8c6d-3d4a176098e1"
"2594","vosotros necesitáis","شماها نیاز دارید","افعال پایه","","f665547f-9da9-4b10-84a0-7c519800a217"
"2595","vosotros oiréis","شماها خواهید شنید","افعال پایه","","636544d9-156d-4afb-b65b-6a0267356a28"
"2596","vosotros oiríais","شماها می‌‌شنیدید","افعال پایه","","4db2ac87-273c-49d3-833e-7702ef2330f4"
"2597","vosotros oíais","شماها می‌شنیدید","افعال پایه","","2203335a-5c8d-4e81-b6e2-b9c64b7ccc1c"
"2598","vosotros oíd","شماها بشنوید","افعال پایه","","c770f2d6-74fb-4b96-9c6e-1b24982416ae"
"2599","vosotros oís","شماها می‌شنوید","افعال پایه","","035601b2-436e-4239-8def-3461d4a2c654"
"2600","vosotros oísteis","شماها شنیدید","افعال پایه","","3211a4fa-e921-43c0-9619-eba1b77fee57"
"2601","vosotros pagabais","شماها پرداخت می‌کردید","افعال پایه","","e7057210-7651-4ab4-a460-7d68b8917284"
"2602","vosotros pagad","شماها پرداخت کنید","افعال پایه","","c93f0967-2223-4afc-8496-5228f4b1075e"
"2603","vosotros pagaréis","شماها پرداخت خواهید کرد","افعال پایه","","a095e800-066c-4d73-a298-e2b682a6f4f2"
"2604","vosotros pagaríais","شماها پرداخت می‌کردید","افعال پایه","","60ee5f64-0564-469f-9cbd-c10a0e3e073b"
"2605","vosotros pagasteis","شماها پرداخت کردید","افعال پایه","","002a1e14-d777-4f15-9e45-7b6a3ceaed14"
"2606","vosotros pagáis","شماها پرداخت می‌کنید","افعال پایه","","8db3da42-3039-4052-9da0-8ee9400a4f76"
"2607","vosotros pedid","شماها درخواست کنید ، سفارش دهید","افعال پایه","","adf56026-530e-47d5-8257-09f5adbe1047"
"2608","vosotros pediréis","شماها درخواست خواهید کرد ، سفارش خواهید داد","افعال پایه","","55863d54-0d99-4cc7-8e85-b1b5f0989b34"
"2609","vosotros pediríais","شماها درخواست می‌کردید ، سفارش می‌دادید","افعال پایه","","43847c02-5d99-4719-bd97-e3acf2e192cd"
"2610","vosotros pedisteis","شماها درخواست کردید ، سفارش دادید","افعال پایه","","5adad2f7-0642-49e7-9731-3b06bb2095d8"
"2611","vosotros pedíais","شماها درخواست می‌کردید ، سفارش می‌دادید","افعال پایه","","c9c112a0-9ef2-4691-a31f-68ee8d6b999c"
"2612","vosotros pedís","شماها درخواست می‌کنید ، سفارش می‌دهید","افعال پایه","","23f1355a-6fc7-40b7-94d0-19304e03904e"
"2613","vosotros pensabais","شماها فکر می‌کردید","افعال پایه","","a2142fca-27e9-4f31-8b0f-44d6b7509490"
"2614","vosotros pensad","شماها فکر کنید","افعال پایه","","e3283c41-4ffe-4fed-82d5-599c7b10a906"
"2615","vosotros pensaréis","شماها فکر خواهید کرد","افعال پایه","","4048fddf-ce5f-423f-bcdc-4c3674924612"
"2616","vosotros pensaríais","شماها فکر می‌کردید","افعال پایه","","e7563681-d840-4c42-9ebe-3507585ee81e"
"2617","vosotros pensasteis","شماها فکر کردید","افعال پایه","","237f4aa4-3dbb-4121-b551-9bb276010cf4"
"2618","vosotros pensáis","شماها فکر می‌کنید","افعال پایه","","ad7fee9d-4344-46d5-9a47-ff13daa46f98"
"2619","vosotros poded","شماها بتوانید","افعال پایه","","d89ce54b-4747-4370-b5f6-744718940835"
"2620","vosotros podréis","شماها خواهید توانست","افعال پایه","","cdbe2c80-c21a-415f-af0f-c5439cb50efd"
"2621","vosotros podríais","شماها می‌توانستید","افعال پایه","","15c38ae2-01ef-45f2-b663-e58bb14b7994"
"2622","vosotros podéis","شماها می‌توانید","افعال پایه","","bee1fd55-522b-4f53-ae06-902e935d13b0"
"2623","vosotros podíais","شماها می‌توانستید","افعال پایه","","2ea007e6-3355-4183-8343-1a78662257e7"
"2624","vosotros pondréis","شماها خواهید گذاشت ، قرار خواهید داد","افعال پایه","","76e2494c-bc71-454c-a75a-d6ad62327423"
"2625","vosotros pondríais","شماها می‌گذاشتید ، قرار می‌دادید","افعال پایه","","354e0e05-5807-42b3-9ac5-f2d725f82aa4"
"2626","vosotros poned","شماها بگذارید ، قرار دهید","افعال پایه","","5ef747f1-140f-4168-961c-357debedc83d"
"2627","vosotros ponéis","شماها می‌گذارید ، قرار می‌دهید","افعال پایه","","610c7054-5a5d-4362-ba84-cea7ff5e9773"
"2628","vosotros poníais","شماها می‌گذاشتید ، قرار می‌دادید","افعال پایه","","c9189387-be35-43f2-9fde-031c803c9e96"
"2629","vosotros preguntabais","شماها سوال می‌پرسیدید","افعال پایه","","33939a5f-e200-4894-861e-042da572e7c4"
"2630","vosotros preguntad","شماها سوال بپرسید","افعال پایه","","0a168df6-4d6a-4b87-b6ff-a37506f154c7"
"2631","vosotros preguntaréis","شماها سوال خواهید پرسید","افعال پایه","","68d4e31c-a90a-4e69-b6b0-505005cd1662"
"2632","vosotros preguntaríais","شماها سوال می‌پرسیدید","افعال پایه","","79c9cf84-5b4d-41f4-a14f-79c79a9c9b39"
"2633","vosotros preguntasteis","شماها سوال پرسیدید","افعال پایه","","d8a9f645-41e6-4331-916b-d9df4e9428e7"
"2634","vosotros preguntáis","شماها سوال می‌پرسید","افعال پایه","","585a457d-7103-4c90-a1f7-25c38e35d75c"
"2635","vosotros pudisteis","شماها توانستید","افعال پایه","","a03ba858-df2d-4b05-9ba1-f1c9795402d6"
"2636","vosotros pusisteis","شماها گذاشتید ، قرار دادید","افعال پایه","","4fa48c68-046d-4c76-8bbf-9120f5195590"
"2637","vosotros quedabais","شماها می‌ماندید","افعال پایه","","b302dae1-01b8-48dc-a919-da78a1f51613"
"2638","vosotros quedad","شماها بمانید","افعال پایه","","c7f629a3-810b-40ef-836f-2b51b240fd58"
"2639","vosotros quedaréis","شماها خواهید ماند","افعال پایه","","10a3e270-32a2-4c92-b41f-e211d1c4bb28"
"2640","vosotros quedaríais","شماها می‌ماندید","افعال پایه","","7772172f-87e7-4050-8778-4a63fbf6c4d0"
"2641","vosotros quedasteis","شماها ماندید","افعال پایه","","63da69ca-7f22-463e-b382-6645e1f3dbed"
"2642","vosotros quedáis","شماها می‌مانید","افعال پایه","","8c834b0c-d449-4cb8-90c7-7bb0296b1174"
"2643","vosotros quered","شماها بخواهید","افعال پایه","","686beddf-a625-4717-8063-f1436265bc03"
"2644","vosotros querréis","شماها خواهید خواست","افعال پایه","","f85a8d9d-2713-45a5-b72d-5c3e8399f269"
"2645","vosotros querríais","شماها می‌خواستید","افعال پایه","","d51b9d40-5d90-4514-b2ce-8d2f5f7063a8"
"2646","vosotros queréis","شماها می‌خواهید","افعال پایه","","5e0d82ea-824b-412f-84cc-121f5a55b042"
"2647","vosotros queríais","شماها می‌خواستید","افعال پایه","","460d1732-3916-45bc-af3c-5367ce77d5c8"
"2648","vosotros quisisteis","شماها خواستید","افعال پایه","","e48e22a8-7b6d-4512-9c35-556a010f78a8"
"2649","vosotros responded","شماها پاسخ دهید","افعال پایه","","d6abb737-75df-4d52-ab59-b01d2863801a"
"2650","vosotros responderéis","شماها پاسخ خواهید داد","افعال پایه","","885b488d-07a4-49bd-8cb0-2ec19a665806"
"2651","vosotros responderíais","شماها پاسخ می‌دادید","افعال پایه","","2049c29e-5bfd-4be4-82c4-2ba94135d91e"
"2652","vosotros respondisteis","شماها پاسخ دادید","افعال پایه","","9185b40e-898d-460f-a4f9-f01809a72009"
"2653","vosotros respondéis","شماها پاسخ می‌دهید","افعال پایه","","61bb6f50-9c60-497b-9974-b5cd9a2193b0"
"2654","vosotros respondíais","شماها پاسخ می‌دادید","افعال پایه","","dc1a3b8f-454e-4be9-a552-2c83998a1238"
"2655","vosotros sabed","شماها بدانید","افعال پایه","","3308f5c5-441a-4164-a365-b2bd9b071cd8"
"2656","vosotros sabréis","شماها خواهید دانست","افعال پایه","","aa9201fc-d70f-47f1-bbe7-e722c64307a7"
"2657","vosotros sabríais","شماها می‌دانستید","افعال پایه","","bcb29e58-1113-40fa-b806-9ecc42e3a288"
"2658","vosotros sabéis","شماها می‌دانید","افعال پایه","","e9bf9485-9d45-433a-9735-36d414e1d98a"
"2659","vosotros sabíais","شماها می‌دانستید","افعال پایه","","68d92428-6673-4c09-ae75-160ca752e520"
"2660","vosotros saldréis","شماها بیرون خواهید رفت","افعال پایه","","934f60be-26cd-4f8d-a22e-e79300034348"
"2661","vosotros saldríais","شماها بیرون می‌رفتید","افعال پایه","","0f4fa0f2-cde2-4a90-a9d7-b4a5c644b44b"
"2662","vosotros salid","شماها بیرون بروید","افعال پایه","","d907e533-9f30-4b5b-b1c7-6e152d27728f"
"2663","vosotros salisteis","شماها بیرون رفتید","افعال پایه","","98b87bb6-411e-4775-a6c1-3944d6484593"
"2664","vosotros salíais","شماها بیرون می‌رفتید","افعال پایه","","c0b85edd-b171-425c-b062-e907870db500"
"2665","vosotros salís","شماها بیرون می‌روید","افعال پایه","","c5d48212-7189-4363-b933-41116c468090"
"2666","vosotros sed","شماها باشید","افعال پایه","","5783bac5-89d7-47df-ad80-f4ab06f9fcd1"
"2667","vosotros sentid","شماها احساس کنید","افعال پایه","","b4879485-3260-48e8-97d4-7a1539226952"
"2668","vosotros sentiréis","شماها احساس خواهید کرد","افعال پایه","","fc44b3d1-03ad-4bc1-9963-ceb2c05f9ca0"
"2669","vosotros sentiríais","شماها احساس می‌کردید","افعال پایه","","939230e5-7072-4363-883d-e6f0bf76db78"
"2670","vosotros sentisteis","شماها احساس کردید","افعال پایه","","a5a6231c-16e9-4e6a-914e-b1ba7a16affb"
"2671","vosotros sentíais","شماها احساس می‌کردید","افعال پایه","","820c1791-e05f-444e-b97c-b19f9d2ed54b"
"2672","vosotros sentís","شماها احساس می‌کنید","افعال پایه","","a522f53e-0c6c-4b89-b516-e93aba94901a"
"2673","vosotros seréis","شماها خواهید بود","افعال پایه","","83101335-bcf7-45c4-bebd-357252b11ea1"
"2674","vosotros seríais","شماها بودید","افعال پایه","","27f2eec0-56c1-4752-8bd3-062eb119cb1d"
"2675","vosotros sois","شماها هستید","افعال پایه","","c75be950-f998-4982-aaa7-211c91cef7f0"
"2676","vosotros supisteis","شماها دانستید ، فهمیدید","افعال پایه","","5f403318-2f40-4ccb-9638-56e4bd5f58f5"
"2677","vosotros tendréis","شماها خواهید داشت","افعال پایه","","2f6349d5-abb1-45de-9545-2d5cb36d1120"
"2678","vosotros tendríais","شماها داشتید","افعال پایه","","7bb43903-1b97-46fc-8912-22d871a6abc3"
"2679","vosotros tened","شماها داشته باشید","افعال پایه","","d24f2918-eb70-441b-9793-9f3d8fccd53d"
"2680","vosotros tenéis","شماها دارید","افعال پایه","","d6a429da-37d4-4585-87db-450e80d29941"
"2681","vosotros teníais","شماها داشتید","افعال پایه","","cb98a471-7cdd-42f9-a6a2-0cfba0ea6d4d"
"2682","vosotros terminabais","شماها تمام می‌کردید","افعال پایه","","220c4136-6e35-4552-9c5a-43a0dd953ad5"
"2683","vosotros terminad","شماها تمام کنید","افعال پایه","","6f3d6f36-a9f3-4330-8d2e-c953e9536479"
"2684","vosotros terminaréis","شماها تمام خواهید کرد","افعال پایه","","b3ef1004-922f-42cd-ac65-b783f0d8fbe5"
"2685","vosotros terminaríais","شماها تمام می‌کردید","افعال پایه","","9e89550f-6ad8-41ec-bd30-67943f86a234"
"2686","vosotros terminasteis","شماها تمام کردید","افعال پایه","","cdce1ed1-f65c-4259-a432-24bb7fd50cf1"
"2687","vosotros termináis","شماها تمام می‌کنید","افعال پایه","","61b05bea-fda8-479f-992b-d5bf021f793c"
"2688","vosotros tomabais","شماها می‌گرفتید ، می‌نوشیدید","افعال پایه","","dd41e110-5421-4ad1-8e94-7a11e40eeab6"
"2689","vosotros tomad","شماها بگیرید ، بنوشید","افعال پایه","","9049054a-3374-4ba7-ab05-bce9a934c684"
"2690","vosotros tomaréis","شماها خواهید گرفت ، خواهید نوشید","افعال پایه","","4b79d335-1b8b-4fde-9b9c-152da00ceb51"
"2691","vosotros tomaríais","شماها می‌گرفتید ، می‌نوشیدید","افعال پایه","","b8429203-3aea-42ca-b44c-27108e757e20"
"2692","vosotros tomasteis","شماها گرفتید ، نوشیدید","افعال پایه","","494a3236-f080-4ec6-b0f7-7edb4a5d4f85"
"2693","vosotros tomáis","شماها می‌گیرید ، می‌نوشید","افعال پایه","","f94a48a1-b3fe-41e7-8649-f4dacdf67ecc"
"2694","vosotros trabajabais","شماها کار می‌کردید","افعال پایه","","9c705e5c-5091-471b-b83a-f12fe070605c"
"2695","vosotros trabajad","شماها کار کنید","افعال پایه","","4304d462-c707-44fd-a930-67f31b97d7a4"
"2696","vosotros trabajaréis","شماها کار خواهید کرد","افعال پایه","","e3e16539-198e-40ed-ac22-048b1b8471f0"
"2697","vosotros trabajaríais","شماها کار می‌کردید","افعال پایه","","9ae86ac5-3a40-4205-a31b-64c3ef0884cf"
"2698","vosotros trabajasteis","شماها کار کردید","افعال پایه","","0a9ccd87-5ab2-4643-8860-50f6b09405e6"
"2699","vosotros trabajáis","شماها کار می‌کنید","افعال پایه","","d9238368-d1d6-4fe7-a9bf-b938a842c8f6"
"2700","vosotros tuvisteis","شماها داشتید","افعال پایه","","a5a7f874-49fd-415d-928e-2c0b2e8a3eaf"
"2701","vosotros vais","شماها می‌روید","افعال پایه","","c0b776d8-21d5-47c6-9e49-a248f75c3a50"
"2702","vosotros ved","شماها ببینید","افعال پایه","","1c2b9408-2f68-4893-9d5f-7064d3c7974d"
"2703","vosotros veis","شماها می‌بینید","افعال پایه","","f54417df-febe-4251-8817-121f18877728"
"2704","vosotros vendréis","شماها خواهید آمد","افعال پایه","","1a0daee0-97ab-44ac-bda0-87f98b584285"
"2705","vosotros vendríais","شماها می‌آمدید","افعال پایه","","be06ff37-f742-4a75-8aba-062ddc2cb6ab"
"2706","vosotros venid","شماها بیایید","افعال پایه","","84b8e651-91c7-4b9f-a94d-24fda4a04649"
"2707","vosotros veníais","شماها می‌آمدید","افعال پایه","","282c4f84-4874-4b22-a977-02ba290f59c2"
"2708","vosotros venís","شماها می‌آیید","افعال پایه","","ace03ee9-e751-4a88-9ccb-4cb11bc16a1a"
"2709","vosotros veréis","شماها خواهید دید","افعال پایه","","6a476e6e-7101-4754-8897-9aa2ae65bf0b"
"2710","vosotros veríais","شماها می‌دیدید","افعال پایه","","928b99ee-f62b-4bc2-851a-2471e17b93ae"
"2711","vosotros veíais","شماها می‌دیدید","افعال پایه","","a2abdc32-1aba-42a3-8fe5-46beac9982e9"
"2712","vosotros vinisteis","شماها آمدید","افعال پایه","","30de27b6-881f-4c34-94fd-5135de229843"
"2713","vosotros visteis","شماها دیدید","افعال پایه","","34f29b6e-89c7-493f-b2a6-7399b203e200"
"2714","vosotros vivid","شماها زندگی کنید","افعال پایه","","16284b07-f652-43d2-b68f-03accebea093"
"2715","vosotros viviréis","شماها زندگی خواهید کرد","افعال پایه","","dc50b541-02d3-4511-8467-ada65f8468b0"
"2716","vosotros viviríais","شماها زندگی می‌کردید","افعال پایه","","56ec26cf-c39f-47f6-a256-2db4c15ea0d3"
"2717","vosotros vivisteis","شماها زندگی کردید","افعال پایه","","03974b47-9bdb-4fd5-b354-6e634fa13a88"
"2718","vosotros vivíais","شماها زندگی می‌کردید","افعال پایه","","98881412-697e-4727-96a1-0ff029687cdd"
"2719","vosotros vivís","شماها زندگی می‌کنید","افعال پایه","","45d18ea6-e8c8-434a-a98e-08d3814e2a3e"
"2720","vosotros volved","شماها برگردید","افعال پایه","","4c16a7f7-8e80-42ee-bf23-93a0ce612cea"
"2721","vosotros volveréis","شماها برخواهید گشت","افعال پایه","","83daf076-a193-44ca-9ada-c63609fe99f9"
"2722","vosotros volveríais","شماها برمی‌گشتید","افعال پایه","","82d85351-f059-4107-a13a-cf1deeb84f0b"
"2723","vosotros volvisteis","شماها برگشتید","افعال پایه","","519dd5ee-3e60-4f5d-ad9f-f1a078fb25b2"
"2724","vosotros volvéis","شماها برمی‌گردید","افعال پایه","","315e5b79-08d4-439d-942e-edee337c2c40"
"2725","vosotros volvíais","شماها برمی‌گشتید","افعال پایه","","85a4887f-a179-46fb-a358-f3dd76613fe7"
"2726","yo abriré","من باز خواهم کرد","افعال پایه","","478fd03d-1598-43de-9247-0fab213bb549"
"2727","yo abriría","من باز می‌کردم","افعال پایه","","9356e7bc-0d8b-4fd9-8077-4789d36b48ae"
"2728","yo abro","من باز می‌کنم","افعال پایه","","9f3ce52f-adde-4908-b46d-f5ba9686103b"
"2729","yo abrí","من باز کردم","افعال پایه","","75310c1b-c20a-47c2-95f5-655c2653aa1e"
"2730","yo abría","من باز می‌کردم","افعال پایه","","600dc113-9e77-4a80-b91a-f082a4914b91"
"2731","yo aprenderé","من یاد خواهم گرفت","افعال پایه","","0ec3489b-64af-48ae-96aa-63af1c2593fa"
"2732","yo aprendería","من یاد می‌گرفتم","افعال پایه","","7286e827-b916-4e39-87c3-dabfc5ae5cc9"
"2733","yo aprendo","من یاد می‌گیرم","افعال پایه","","964baa3c-60b5-4a30-a830-15791d57b82b"
"2734","yo aprendí","من یاد گرفتم","افعال پایه","","2fe76874-2c65-4a92-ab02-882a453a545e"
"2735","yo aprendía","من یاد می‌گرفتم","افعال پایه","","e196b35f-1fab-42bc-8f66-6f88693846c6"
"2736","yo beberé","من خواهم نوشید","افعال پایه","","90b17381-c39f-4039-bc47-953c08f810ce"
"2737","yo bebería","من می‌نوشیدم","افعال پایه","","f54b9a5f-4ed8-446d-935c-254e36d17e13"
"2738","yo bebo","من می‌نوشم","افعال پایه","","31d54ac6-ae35-42f7-8344-52738163d458"
"2739","yo bebí","من نوشیدم","افعال پایه","","b5aaa9b6-6acc-4905-a154-0601426442a1"
"2740","yo bebía","من می‌نوشیدم","افعال پایه","","b0e224da-c18c-4ef0-a0cf-948af695943a"
"2741","yo buscaba","من جستجو می‌کردم","افعال پایه","","7c048fb0-0172-4e31-9cd0-f31e603e258c"
"2742","yo buscaré","من جستجو خواهم کرد","افعال پایه","","db4d67ca-936b-41ff-a349-61357f8cd54a"
"2743","yo buscaría","من جستجو می‌کردم","افعال پایه","","9380501f-c87f-4577-8974-753daf87657c"
"2744","yo busco","من جستجو می‌کنم","افعال پایه","","37fea8b8-862e-4e45-8863-90c9d732529e"
"2745","yo busqué","من جستجو کردم","افعال پایه","","ee609721-defe-4954-985c-dd3fe2656b8f"
"2746","yo cerraba","من می‌بستم","افعال پایه","","ed012fda-6e25-4eb0-b2fb-dd65c0057bda"
"2747","yo cerraré","من خواهم بست","افعال پایه","","04e68d93-85c5-44b7-9a94-b3707b52804d"
"2748","yo cerraría","من می‌بستم","افعال پایه","","fbf548d1-99d9-4744-a556-961084fbf2fb"
"2749","yo cerré","من بستم","افعال پایه","","c7bd617e-0ff4-487e-b2c1-1882b1629990"
"2750","yo cierro","من می‌بندم","افعال پایه","","3ae85043-90a1-48e2-900f-8ee5ed8e66a1"
"2751","yo comeré","من خواهم خورد","افعال پایه","","40f26f9c-81ee-4344-94e0-28095d0e901d"
"2752","yo comería","من می‌خوردم","افعال پایه","","b7e8af94-5462-4b9b-b45b-119be0691264"
"2753","yo como","من می‌خورم","افعال پایه","","7fd13fff-1dca-4827-b1ab-a7bf503cdcef"
"2754","yo compraba","من می‌خریدم","افعال پایه","","86563deb-4111-4367-8b38-c1f68e485593"
"2755","yo compraré","من خواهم خرید","افعال پایه","","fb0f98aa-717d-496e-949d-4501a3684ee5"
"2756","yo compraría","من می‌خریدم","افعال پایه","","a58eaa77-f5aa-46fa-845f-eab529b099e9"
"2757","yo compro","من می‌خرم","افعال پایه","","581b4d90-561f-4a26-aca9-9f6c8ed7f35d"
"2758","yo compré","من خریدم","افعال پایه","","6e967fb7-a9c7-422b-845c-098983c66a5d"
"2759","yo comí","من خوردم","افعال پایه","","b9c39f74-035a-479e-a693-1659b2b6d875"
"2760","yo comía","من می‌خوردم","افعال پایه","","c18461a1-492a-4c91-b177-1e233cc10bec"
"2761","yo conoceré","من خواهم شناخت","افعال پایه","","afa9f195-4b2e-4d24-b34f-eb0ff6ca47f6"
"2762","yo conocería","من می‌شناختم","افعال پایه","","56708692-b732-4c51-9de2-f93110c55ba5"
"2763","yo conocí","من شناختم","افعال پایه","","1ecee998-82c8-4888-8ae7-cb16bc95d6ae"
"2764","yo conocía","من می‌شناختم","افعال پایه","","fd2ee6a9-d175-4ca4-86c6-638379b51461"
"2765","yo conozco","من می‌شناسم","افعال پایه","","8a38973b-2d6b-44ea-9325-fa6bb75f5605"
"2766","yo creeré","من باور خواهم کرد ، خلق خواهم کرد","افعال پایه","","4d191d0f-d97b-4eb5-87ef-66f8101abb8b"
"2767","yo creería","من باور می‌کردم","افعال پایه","","8331dc9e-8eba-403b-a305-a83b655f5a44"
"2768","yo creo","من باور دارم ، خلق می‌کنم","افعال پایه","","13ebdf12-c05b-44fe-a551-20c4855f0364"
"2769","Yo creo que...","من فکر می‌کنم که... ، به نظرم...","افعال پایه","","cee543b0-ad1c-43ad-a104-8f489908ead3"
"2770","yo creí","من باور کردم","افعال پایه","","ea0c465d-2f9f-4a0c-a2ec-b85689c951cc"
"2771","yo creía","من باور می‌کردم","افعال پایه","","2f822c2a-24b8-4eb9-acbb-968b4625c86e"
"2772","yo daba","من می‌دادم","افعال پایه","","8bec61c1-e0b4-42fb-8859-46390133979b"
"2773","yo daré","من خواهم داد","افعال پایه","","8e6571d0-47be-4800-9e3a-e983f4627c26"
"2774","yo daría","من می‌دادم","افعال پایه","","b5a0327a-d502-467b-b43a-df9ee962be5f"
"2775","yo decía","من می‌گفتم","افعال پایه","","4b5f26d9-e1b0-4e90-8c8e-84468d3d2aa1"
"2776","yo dejaba","من رها می‌کردم ، می‌گذاشتم","افعال پایه","","b975f4ed-32fa-4c18-8502-ba10337a8eb5"
"2777","yo dejaré","من رها خواهم کرد ، خواهم گذاشت","افعال پایه","","470d76b8-6b60-4cfb-b0bb-86bfdd7f34a5"
"2778","yo dejaría","من رها می‌کردم ، می‌گذاشتم","افعال پایه","","6a20c00b-4f69-42b5-8428-1ba0399d263b"
"2779","yo dejo","من رها می‌کنم ، می‌گذارم","افعال پایه","","b698694a-0b46-4081-9135-89f898643270"
"2780","yo dejé","من رها کردم ، گذاشتم","افعال پایه","","4806406d-add2-46d5-aa51-34c93e2a2c06"
"2781","yo di","من دادم","افعال پایه","","2f41844e-0325-496d-a7b2-1a65a2fb44bf"
"2782","yo digo","من می‌گویم","افعال پایه","","52f581f2-cecf-41a4-ac0f-b77a5a7a0986"
"2783","yo dije","من گفتم","افعال پایه","","7f6b2d2b-638c-411f-96da-2d21c75d2e51"
"2784","yo diré","من خواهم گفت","افعال پایه","","b8d47f5c-9347-4907-9087-87a1380986ea"
"2785","yo diría","من می‌گفتم","افعال پایه","","8fd639cd-478e-4c02-88eb-b076edf4da0f"
"2786","yo dormiré","من خواهم خوابید","افعال پایه","","15d9555b-63ab-4f62-888c-65394ff72356"
"2787","yo dormiría","من می‌خوابیدم","افعال پایه","","927c94fa-4bc4-49af-a223-bee0450d3136"
"2788","yo dormí","من خوابیدم","افعال پایه","","e9bc9c61-96f5-476c-8bae-79ceb8ab8ccc"
"2789","yo dormía","من می‌خوابیدم","افعال پایه","","7cf3ed0c-b5b1-4e44-9389-7ef3c9cb8cdd"
"2790","yo doy","من می‌دهم","افعال پایه","","a995155b-93f2-4625-b5e9-529ebfff4f88"
"2791","yo duermo","من می‌خوابم","افعال پایه","","153a128f-2cf8-4912-91d3-698fa5c809d3"
"2792","yo empecé","من شروع کردم","افعال پایه","","aec84713-c486-480f-b68d-6b30f8030f9d"
"2793","yo empezaba","من شروع می‌کردم","افعال پایه","","13aae055-ea40-4aa6-8f15-4df76ff0a01d"
"2794","yo empezaré","من شروع خواهم کرد","افعال پایه","","341a3cc2-2477-4adc-ac25-bb36c1722796"
"2795","yo empezaría","من شروع می‌کردم","افعال پایه","","d527aacb-4dd9-43d2-9629-a9a33bc43d4a"
"2796","yo empiezo","من شروع می‌کنم","افعال پایه","","6a5f5443-4cc2-4501-97e8-9e21fb1366c3"
"2797","Yo en tu lugar...","من اگر جای تو بودم...","افعال پایه","","699f27a8-e2d2-482e-8f36-37cb8fa5859f"
"2798","yo encontraba","من پیدا می‌‌کردم","افعال پایه","","42e3de37-c52d-4124-b332-405817120581"
"2799","yo encontraré","من پیدا خواهم کرد","افعال پایه","","e0fe0ec2-ecf0-40ff-a0d6-3732a261db28"
"2800","yo encontraría","من پیدا می‌کردم","افعال پایه","","c42e9036-0399-4a2b-9058-143434171c32"
"2801","yo encontré","من پیدا کردم","افعال پایه","","6abb1495-138b-49c9-941b-4238b9615d44"
"2802","yo encuentro","من پیدا می‌کنم","افعال پایه","","13b31998-9b05-4d27-93c5-43d052ac1e44"
"2803","yo enseñaba","من درس می‌دادم","افعال پایه","","a1b2e215-6e15-48ba-9597-28d528d11397"
"2804","yo enseñaré","من درس خواهم داد","افعال پایه","","fef07f79-7150-44b4-8066-4e243a67c1cd"
"2805","yo enseñaría","من درس می‌دادم","افعال پایه","","ecc62ed8-57d4-42dd-a52e-2db7c16e1dc1"
"2806","yo enseño","من درس می‌دهم","افعال پایه","","0102ad32-bf52-4e4b-98c9-d3d3ce4877a0"
"2807","yo enseñé","من درس دادم","افعال پایه","","ab9e182f-348f-4da5-a227-7448433696e6"
"2808","yo era","من بودم","افعال پایه","","450f294d-3b64-431f-aaec-109a547be4ad"
"2809","yo escribiré","من خواهم نوشت","افعال پایه","","60f61f7f-a695-44fe-afbe-4d556ea5fadc"
"2810","yo escribiría","من می‌نوشتم","افعال پایه","","8acc23c4-9136-47ee-a19d-9e92fd33c1ee"
"2811","yo escribo","من می‌نویسم","افعال پایه","","f1b3cbb3-99a7-47f0-b210-ce8d12ef27da"
"2812","yo escribí","من نوشتم","افعال پایه","","cf5fa408-7b53-463e-9f4f-5fc975d9799f"
"2813","yo escribía","من می‌نوشتم","افعال پایه","","9133bf44-f5c9-43c6-bb43-5d0d40ba5d37"
"2814","yo escucho de todo","من هر جور موسیقی ، صدایی گوش می‌دهم","افعال پایه","","fefa45eb-77fd-4ec3-9eca-cc64aee7f2f7"
"2815","yo estaba","من بودم","افعال پایه","","634b5477-8083-4f33-8c27-6f5afe24cae6"
"2816","yo estaré","من خواهم بود","افعال پایه","","11c8b167-65c3-4440-81ec-bbe9496e5b3d"
"2817","yo estaría","من می‌بودم","افعال پایه","","1aa105bb-a593-4f63-a706-63954872c09d"
"2818","yo estoy","من هستم","افعال پایه","","cf629a6b-0ac2-4057-8596-8ca51ab50c01"
"2819","yo estuve","من بودم","افعال پایه","","fbf833fe-3494-4145-a2cf-3e22a089d9e3"
"2820","yo fui","من بودم ، رفتم","افعال پایه","","1239e0f6-1b66-478b-8dd6-9f26a2acb8c3"
"2821","yo gustaba","من دوست داشتم","افعال پایه","","69fc0bd3-3f90-4a6d-8fc8-d5206d70f4d5"
"2822","yo gustaré","من دوست خواهم داشت","افعال پایه","","8ad65ff9-cf3d-44f1-8295-b4797f288a84"
"2823","yo gustaría","من دوست داشتم","افعال پایه","","4b42623c-beca-4e45-90c3-ea40e0108fd4"
"2824","yo gusto","من دوست دارم","افعال پایه","","af9a6da6-7e2f-4cd7-9754-69f8a7f64d06"
"2825","yo gusté","من دوست داشتم","افعال پایه","","384c9467-32fb-4410-9ae6-214762150ed2"
"2826","yo hablaba","من صحبت می‌کردم","افعال پایه","","54073551-21f5-4ef4-a3ae-a31a94ac78d6"
"2827","yo hablaré","من صحبت خواهم کرد","افعال پایه","","2289ea54-0045-4c35-b7fa-f5f0306d0959"
"2828","yo hablaría","من صحبت می‌کردم","افعال پایه","","e33027ab-6398-4167-b879-9f59c6b466da"
"2829","yo hablo","من صحبت می‌کنم","افعال پایه","","02a1c4d9-868a-416b-b706-4bc9d536ad2f"
"2830","yo hablé","من صحبت کردم","افعال پایه","","4ead53e0-c6ae-465f-ad6a-395da44ac5c6"
"2831","yo hacía","من انجام می‌دادم ، می‌ساختم","افعال پایه","","0471a811-3650-4566-9eb4-7ac12efd15e7"
"2832","yo hago","من انجام می‌دهم ، می‌سازم","افعال پایه","","d3921ec8-9080-4d6a-bc62-52aaa0fa84f5"
"2833","yo haré","من انجام خواهم داد ، خواهم ساخت","افعال پایه","","37364e00-4a2f-4ce8-931e-6f684fc173db"
"2834","yo haría","من انجام می‌دادم ، می‌ساختم","افعال پایه","","f006f929-f2af-401d-b65c-90401508c597"
"2835","yo hice","من انجام دادم ، ساختم","افعال پایه","","32b1a496-45cf-452a-ae19-9e3fef169463"
"2836","yo iba","من می‌رفتم","افعال پایه","","4fe4b30b-394b-4376-bedc-f4d258a1dd6f"
"2837","yo invito","من دعوت می‌کنم ، مهمان می‌کنم","افعال پایه","","954bf5cf-400f-4974-971c-b4345ad192c1"
"2838","yo iré","من خواهم رفت","افعال پایه","","1bc77b0c-1b27-46eb-8299-d8aab2f6a3f2"
"2839","yo iría","من می‌رفتم","افعال پایه","","565fb09e-4983-4e58-91aa-95c23f264d84"
"2840","yo leeré","من خواهم خواند","افعال پایه","","0a12f48f-8201-4938-8792-8d9f0a0d162a"
"2841","yo leería","من می‌خواندم","افعال پایه","","32d11f61-406b-4a97-824e-823beb30c1a4"
"2842","yo leo","من می‌خوانم","افعال پایه","","12370381-ae92-4e6d-93d0-0464fc2de8f6"
"2843","yo leí","من خواندم","افعال پایه","","d8cb8b81-a390-4f4c-beb6-3f89bc187650"
"2844","yo leía","من می‌خواندم","افعال پایه","","01e1e5c8-07dd-449c-a146-a4d2b8d2abe5"
"2845","yo llegaba","من می‌رسیدم","افعال پایه","","c1eeb66f-a34e-4c66-b755-33986312e364"
"2846","yo llegaré","من خواهم رسید","افعال پایه","","975fd0e6-4418-45f3-93e2-597ff21ee97c"
"2847","yo llegaría","من می‌رسیدم","افعال پایه","","90d1759f-428c-4d07-b72d-ede47c953dbc"
"2848","yo llego","من می‌رسم","افعال پایه","","1b9cfdd0-9bf5-469c-aa15-8fee9f17459e"
"2849","yo llegué","من رسیدم","افعال پایه","","8e0cf8b2-b1c2-4b25-a9bc-6e71d9bf440e"
"2850","yo llevaba","من می‌بردم ، حمل می‌کردم","افعال پایه","","988f4b71-633d-4521-b821-a68e8f114a3c"
"2851","yo llevaré","من خواهم برد ، حمل خواهم کرد","افعال پایه","","a61dad05-e2a4-4d5d-b642-3507cbb9e832"
"2852","yo llevaría","من می‌بردم ، حمل می‌کردم","افعال پایه","","2ede9b25-5356-4396-9d00-32a59b40eae2"
"2853","yo llevo","من می‌برم ، حمل می‌کنم","افعال پایه","","61f04f1f-732f-4d00-8136-19d6db2e5e70"
"2854","yo llevé","من بردم ، حمل کردم","افعال پایه","","588d2336-b745-47b7-b748-44a755e50df7"
"2855","Yo lo arreglo.","من آن را درست می‌کنم ، حل می‌کنم","افعال پایه","","127bc326-1399-4b87-96fb-bd412489d33c"
"2856","Yo lo hago.","من آن را انجام می‌دهم","افعال پایه","","b220a886-35de-47ed-94e8-42d1b35235d3"
"2857","Yo lo soluciono.","من آن را حل می‌کنم","افعال پایه","","51df28d7-d8fc-49c4-89f8-876660187a7f"
"2858","Yo me encargo.","من مسئولیتش را بر عهده می‌گیرم","افعال پایه","","3555ba99-2c42-44ca-a844-4813e655ea9f"
"2859","yo miraba","من نگاه می‌کردم","افعال پایه","","81b3666d-71b9-4be7-bc02-a5d342dd7242"
"2860","yo miraré","من نگاه خواهم کرد","افعال پایه","","17520f0b-6604-4156-8bae-bc5a7de665cd"
"2861","yo miraría","من نگاه می‌کردم","افعال پایه","","f85cbec9-c38e-4206-8ecd-b03e3ab9a383"
"2862","yo miro","من نگاه می‌کنم","افعال پایه","","ba2082e0-4e5e-48ba-b6d5-293c9dc7c513"
"2863","yo miré","من نگاه کردم","افعال پایه","","60a63ea3-b321-4d8f-b60a-99ce9dde3e1f"
"2864","yo necesitaba","من نیاز داشتم","افعال پایه","","a093e132-5f96-400b-8af0-8904e546e0d9"
"2865","yo necesitaré","من نیاز خواهم داشت","افعال پایه","","c47b4922-f31a-4a83-acf2-31a76ba1d79b"
"2866","yo necesitaría","من نیاز داشتم","افعال پایه","","e432f46d-184a-4dae-abc8-1fcd99eea658"
"2867","yo necesito","من نیاز دارم","افعال پایه","","7a622f82-26c8-4157-9c46-f5814b024096"
"2868","yo necesité","من نیاز داشتم","افعال پایه","","967c3f1b-c344-45c2-8c7b-749a749e2e40"
"2869","yo no lo veo así","من این‌طور نمی‌بینم ، این‌طور نگاه نمی‌کنم","افعال پایه","","41e92318-3396-464d-a05e-144aa75bdc24"
"2870","yo no me veo así","من خودم را این‌طور نمی‌‌بینم","افعال پایه","","a2042375-233b-41df-a386-8fc8131d8f76"
"2871","yo oigo","من می‌شنوم","افعال پایه","","74318d9c-1f75-4ebc-b1b4-0982ccb11516"
"2872","yo oiré","من خواهم شنید","افعال پایه","","0bfe65c7-2a62-43b2-8945-104c7319979b"
"2873","yo oiría","من می‌شنیدم","افعال پایه","","5b20042e-6329-4ae1-be66-789a53ab42cb"
"2874","yo oí","من شنیدم","افعال پایه","","299fc42a-383c-487b-9c6a-f594338a075e"
"2875","yo oía","من می‌شنیدم","افعال پایه","","448c75b0-3ccb-4810-ac82-ff418aad2677"
"2876","yo pagaba","من پرداخت می‌کردم","افعال پایه","","c34a7cf6-cd34-4f43-b142-b253e2447e9e"
"2877","yo pagaré","من پرداخت خواهم کرد","افعال پایه","","a36bc667-3b3f-474f-bd97-2bf4e8ef0290"
"2878","yo pagaría","من پرداخت می‌کردم","افعال پایه","","00dc4f96-a723-48ec-bb50-22709e0b85c9"
"2879","yo pago","من پرداخت می‌کنم","افعال پایه","","1076232a-4752-4996-9304-089f0ea805fb"
"2880","yo pagué","من پرداخت کردم","افعال پایه","","55e4b513-19d5-44b6-9a45-d5a3c2f7c696"
"2881","yo pediré","من درخواست خواهم کرد ، سفارش خواهم داد","افعال پایه","","8fe08aef-ded7-4971-bf09-a5748dc59283"
"2882","yo pediría","من درخواست می‌کردم ، سفارش می‌دادم","افعال پایه","","574d68d4-a284-406e-8961-482ed1981922"
"2883","yo pedí","من درخواست کردم ، سفارش دادم","افعال پایه","","adc64377-f37c-45bc-80ff-fab7f463c5d0"
"2884","yo pedía","من درخواست می‌کردم ، سفارش می‌دادم","افعال پایه","","0daf7ad4-1851-498b-8f2c-0cc0950c5ee0"
"2885","yo pensaba","من فکر می‌کردم","افعال پایه","","19717f6b-ddde-4ba6-aed0-5c5a192db6fe"
"2886","yo pensaré","من فکر خواهم کرد","افعال پایه","","77f84521-5c16-4d95-a396-ef85a3f90a02"
"2887","yo pensaría","من فکر می‌کردم","افعال پایه","","18eb3bb9-5beb-448b-893b-616893688070"
"2888","yo pensé","من فکر کردم","افعال پایه","","3a65d759-8d3c-4534-96ac-9673b670a940"
"2889","yo pido","من درخواست می‌کنم ، سفارش می‌دهم","افعال پایه","","9e259056-a67b-4288-84c0-c731b42d596f"
"2890","yo pienso","من فکر می‌کنم","افعال پایه","","b123dafe-c572-4b9d-b466-b478b55c120e"
"2891","yo pienso como tú","من مثل تو فکر می‌کنم","افعال پایه","","50d5cb4c-238b-4431-a398-58f370ac7fc5"
"2892","Yo pienso que...","من فکر می‌کنم که...","افعال پایه","","f127654f-51d8-4944-a645-f4278054e9c0"
"2893","yo podré","من خواهم توانست","افعال پایه","","4056b056-ce1a-4a82-a7c6-8c48134d2b19"
"2894","yo podría","من می‌توانستم","افعال پایه","","5fd94975-5a11-4068-8a2a-dcd0dfa4d728"
"2895","yo podía","من می‌توانستم","افعال پایه","","9d96da60-4c80-44bc-a698-c2d7f69ad7a1"
"2896","yo pondré","من خواهم گذاشت ، قرار خواهم داد","افعال پایه","","e00b4cbb-19ec-4fc8-9808-ca7deec8fcc1"
"2897","yo pondría","من می‌گذاشتم ، قرار می‌دادم","افعال پایه","","b474715f-2e56-4b78-8e83-78df4fa06417"
"2898","yo pongo","من می‌گذارم ، قرار می‌دهم","افعال پایه","","e7dad11f-241a-4474-9316-3e324a5434f3"
"2899","yo ponía","من می‌گذاشتم ، قرار می‌دادم","افعال پایه","","e95b5f9b-bf25-4295-92a3-0377ce50a576"
"2900","yo preguntaba","من سوال می‌پرسیدم","افعال پایه","","094d5a5d-dfcb-474c-b24c-674561bb20b4"
"2901","yo preguntaré","من سوال خواهم پرسید","افعال پایه","","7c2e28f7-bbd7-4dae-a690-ac0d3ad0010a"
"2902","yo preguntaría","من سوال می‌پرسیدم","افعال پایه","","1a943365-620f-40e0-861d-b2879dd3a97b"
"2903","yo pregunté","من سوال پرسیدم","افعال پایه","","95100b17-aa90-4f27-865a-7341f6f22217"
"2904","yo pude","من توانستم","افعال پایه","","f0b69c0a-3edf-4aa1-b3e4-de1f126bb944"
"2905","yo puedo","من می‌توانم","افعال پایه","","69077d99-4321-4091-8fae-754f47797377"
"2906","yo puse","من گذاشتم ، قرار دادم","افعال پایه","","f35ee32b-cefe-45e8-a13b-ac90dc11ff60"
"2907","Yo que tú...","من اگر جای تو بودم...","افعال پایه","","7249b9be-30b4-4505-bd46-73ed5459fd2b"
"2908","yo quedaba","من می‌ماندم ، قرار می‌گذاشتم","افعال پایه","","80069ff4-2228-482a-bd64-511ed703d95e"
"2909","yo quedaré","من خواهم ماند","افعال پایه","","9bc5cf2d-a7ad-4be3-83d7-4e298e04c857"
"2910","yo quedaría","من می‌ماندم","افعال پایه","","d2a46154-20b5-4204-9187-e4881c5baafa"
"2911","yo quedo","من می‌مانم","افعال پایه","","c9e1a67c-1858-4f86-878c-6b64358a4717"
"2912","yo quedé","من ماندم","افعال پایه","","bcd1ddc2-e6e9-4335-b24d-27dc2d0a05aa"
"2913","yo querré","من خواهم خواست","افعال پایه","","5ef08c44-2bc9-4710-a8f1-a5fe7a14a0d6"
"2914","yo querría","من می‌خواستم","افعال پایه","","cc39a707-4346-4a73-b754-ac188807d136"
"2915","yo quería","من می‌خواستم","افعال پایه","","6e0e0753-c9c0-4de6-b637-14bba3b52037"
"2916","yo quiero","من می‌خواهم","افعال پایه","","cd4f7237-a125-4a93-af3e-0a57329c6254"
"2917","yo quise","من خواستم","افعال پایه","","84cd6833-4957-4532-8bca-e8bb6b38d05c"
"2918","yo responderé","من پاسخ خواهم داد","افعال پایه","","2e9ca792-815c-4e97-ba05-9fb6a540d76f"
"2919","yo respondería","من پاسخ می‌دادم","افعال پایه","","dde4a6b3-8346-4781-b7d7-4c15361aa6fc"
"2920","yo respondo","من پاسخ می‌دهم","افعال پایه","","727605cd-dead-459d-b658-bd92531bb209"
"2921","yo respondí","من پاسخ دادم","افعال پایه","","36d61583-66a5-4071-b317-fd009b345d4a"
"2922","yo respondía","من پاسخ می‌دادم","افعال پایه","","00af60d8-228e-4cbb-9713-a077532505ca"
"2923","yo sabré","من خواهم دانست","افعال پایه","","933fc945-30ba-4c72-b586-0e600fed8c85"
"2924","yo sabría","من می‌دانستم","افعال پایه","","bb817373-9b35-4da9-bef4-8e6d17a8be2c"
"2925","yo sabía","من می‌دانستم","افعال پایه","","71a54e7a-9ca3-446a-a29d-af893318b7eb"
"2926","yo saldré","من بیرون خواهم رفت","افعال پایه","","b5edfaeb-0323-44e0-afe8-4ff5dbd3208c"
"2927","yo saldría","من بیرون می‌رفتم","افعال پایه","","39178537-0cc7-419c-a04e-eaf708541fa4"
"2928","yo salgo","من بیرون می‌‌روم","افعال پایه","","2e211150-fef8-47b8-8805-0039b66e568e"
"2929","yo salí","من بیرون رفتم","افعال پایه","","21ff20ac-a30e-4fca-b22f-bf8c55c4fa2b"
"2930","yo salía","من بیرون می‌رفتم","افعال پایه","","941178a1-ab7e-4230-b2d5-1e92b8e82d46"
"2931","yo sentiré","من احساس خواهم کرد","افعال پایه","","c242e1ed-0809-4aea-bcbb-8e91bb404952"
"2932","yo sentiría","من احساس می‌کردم","افعال پایه","","026132e3-8bd7-47af-a77d-8dbe30d4e87a"
"2933","yo sentí","من احساس کردم","افعال پایه","","2d9b6615-771b-42de-9972-fba4f9a4f357"
"2934","yo sentía","من احساس می‌کردم","افعال پایه","","ade7a6bb-318b-4b18-b332-cf3aa32b3b1e"
"2935","yo seré","من خواهم بود","افعال پایه","","09ff8d2a-2b54-4f3a-aa7f-080145b30589"
"2936","yo sería","من بودم","افعال پایه","","7c8e8471-e0ed-4792-a086-2348e628c685"
"2937","yo siento","من احساس می‌کنم ، متأسفم","افعال پایه","","4af1955f-6450-4ca0-a2a0-0ad2157f9866"
"2938","yo solo","من تنها","افعال پایه","","4e7aa195-a0c1-4012-b289-d4ef264074da"
"2939","yo soy","من هستم","افعال پایه","","8190cde4-f6dd-4039-a341-81073b83c45b"
"2940","yo supe","من دانستم ، فهمیدم","افعال پایه","","be815c19-1cd5-4aa0-876e-ffa626d9e567"
"2941","yo sé","من می‌دانم ، باش","افعال پایه","","390cfdaa-8751-4c15-9cc4-793ccb7adda4"
"2942","yo tendré","من خواهم داشت","افعال پایه","","aa4b8c61-b250-4a96-a537-e776a2545531"
"2943","yo tendría","من داشتم","افعال پایه","","03bd811c-0a3f-4678-9f2b-f0b1a90f9647"
"2944","yo tengo","من دارم","افعال پایه","","fc248ffe-583f-432e-aad5-b69815674227"
"2945","yo tenía","من داشتم","افعال پایه","","6befadce-41eb-4de9-a634-89df4f4c1af2"
"2946","yo terminaba","من تمام می‌کردم","افعال پایه","","9f3d467f-6a53-4854-b55b-580cb62c41e2"
"2947","yo terminaré","من تمام خواهم کرد","افعال پایه","","61c70e9b-b6d7-4ad3-968b-c76e27f6f406"
"2948","yo terminaría","من تمام می‌کردم","افعال پایه","","e1d4744c-36bf-459c-b476-537d325e2df9"
"2949","yo termino","من تمام می‌کنم","افعال پایه","","539cc822-1962-4067-8437-a309430684d7"
"2950","yo terminé","من تمام کردم","افعال پایه","","34172b30-e5cf-4f26-8784-37c389bad4ed"
"2951","yo tomaba","من می‌گرفتم ، می‌نوشیدم","افعال پایه","","028b47be-c4ba-4887-abe0-92fc7428a847"
"2952","yo tomaré","من خواهم گرفت ، خواهم نوشید","افعال پایه","","64d0c33d-e946-4a05-b856-5855735e75fd"
"2953","yo tomaría","من می‌گرفتم ، می‌نوشیدم","افعال پایه","","16a9585b-e5c1-4cef-86ed-2cb8c29c76c1"
"2954","yo tomo","من می‌گیرم ، می‌نوشم","افعال پایه","","9673df35-4235-413b-adbd-eb0cd94748c6"
"2955","yo tomé","من گرفتم ، نوشیدم","افعال پایه","","c4db9bda-6910-4ab9-b544-a85b3ef3d7c3"
"2956","yo trabajaba","من کار می‌کردم","افعال پایه","","11ff1794-03c7-4fa6-912b-e2adc85583bc"
"2957","yo trabajaré","من کار خواهم کرد","افعال پایه","","b89773ec-f454-418d-bb7a-67b989da4f81"
"2958","yo trabajaría","من کار می‌کردم","افعال پایه","","de396094-213c-4346-b6f1-90d1162a365c"
"2959","yo trabajo","من کار می‌کنم","افعال پایه","","3b85cbc3-4c8f-4de8-bc8f-78f7d137878b"
"2960","yo trabajé","من کار کردم","افعال پایه","","3d6557ac-801c-472c-ae07-29b2de3a1f10"
"2961","yo tuve","من داشتم","افعال پایه","","3a3c1c60-0948-4511-b733-5303f8afe8da"
"2962","yo vendré","من خواهم آمد","افعال پایه","","fa679897-a8eb-4e3f-9061-bbf55faa00f4"
"2963","yo vendría","من می‌آمدم","افعال پایه","","2d417ca9-cf5b-4315-8bbf-ed6b1a261d5f"
"2964","yo vengo","من می‌آیم","افعال پایه","","d0fee4fa-e39a-42e3-aecf-d98d233e589c"
"2965","yo venía","من می‌آمدم","افعال پایه","","61b19b86-b675-4d05-a36e-ae0df52dbf9a"
"2966","yo veo","من می‌بینم","افعال پایه","","d679ef0a-f73b-4802-a62c-aeb8dd67e45c"
"2967","yo veré","من خواهم دید","افعال پایه","","b444219d-842d-4f45-a043-db6a14c7fd06"
"2968","yo vería","من می‌دیدم","افعال پایه","","92adeca6-a9fe-4b02-909f-8f1178985ef0"
"2969","yo veía","من می‌دیدم","افعال پایه","","10eab3aa-63cd-4d42-b844-07293c156541"
"2970","yo vi","من دیدم","افعال پایه","","35e592a1-0e4d-43a1-815a-2564fd20cb06"
"2971","yo vine","من آمدم","افعال پایه","","3ce73199-5c14-43de-8351-27d829d33b81"
"2972","yo viviré","من زندگی خواهم کرد","افعال پایه","","a249f4b2-6e00-4eb5-af70-6634f90c246a"
"2973","yo viviría","من زندگی می‌کردم","افعال پایه","","dfcc5dd2-fe8e-46a6-87b6-7dded57bf998"
"2974","yo vivo","من زندگی می‌کنم","افعال پایه","","b033fef5-d82e-44b1-9b8a-27c10d0e1c64"
"2975","yo viví","من زندگی کردم","افعال پایه","","ea8032a1-0cb6-4435-a540-446b44f4c846"
"2976","yo vivía","من زندگی می‌کردم","افعال پایه","","d6f9e843-380d-47e5-b869-c5528ed900f0"
"2977","yo volveré","من برخواهم گشت","افعال پایه","","0cca368b-eb31-4128-907f-24f00e05aa06"
"2978","yo volvería","من برمی‌گشتم","افعال پایه","","1bcb651f-36c9-49e4-81bb-0430794d0a79"
"2979","yo volví","من برگشتم","افعال پایه","","2bcce766-1548-4fdf-a35b-a77f7347d9b9"
"2980","yo volvía","من برمی‌گشتم","افعال پایه","","55dcd152-6665-43c1-bc8e-5c5960f67b5d"
"2981","yo voy","من می‌روم","افعال پایه","","8edd487a-cfd8-481f-bca3-e5d6a6136d9a"
"2982","yo voy sí o sí","من خواه ناخواه می‌روم ، حتماً می‌روم","افعال پایه","","b4a7c710-81c0-4d10-8b1e-64c2ed55a8f3"
"2983","yo vuelvo","من برمی‌گردم","افعال پایه","","18dcff0b-bfa7-4a3d-aa21-63d8abd786f1"
"2984","A partes iguales","به سهم‌های برابر ، به‌طور مساوی","سفر","","09ad7d4e-495c-4619-8ce5-5b40d9923e9d"
"2985","Muy amable de tu parte.","خیلی از طرف شما لطف است. ، خیلی محبت دارید.","سفر","","b44ada39-d062-42ca-93e9-51a74e0eef90"
"2986","¿De parte de quién?","از طرف چه کسی؟ ، جنابعالی؟ (موقع پاسخ به تلفن)","سفر","","1ca25bda-89f0-4be3-901b-ea0dab705f95"
"2987","¿Puedo hacer deporte?","می‌توانم ورزش کنم؟","سفر","","430df4f1-5d34-438c-9c64-ecf9fa050278"
"2988","el fútbol es el deporte más popular","فوتبال محبوب‌ترین ورزش است","سفر","","fef62147-3400-4eee-885b-d9ad124f1d64"
"2989","me lo paso bien jugando al fútbol","از فوتبال بازی کردن لذت می‌برم ، با فوتبال بازی کردن به من خوش می‌گذرد","سفر","","76d4bc37-c997-41b0-954d-007ed8c14ed8"
"2990","el partido del siglo","بازی قرن ، مسابقه قرن","سفر","","1f9400ba-16f0-4dae-be97-1b5eb3316a4b"
"2991","es el partido del siglo","این بازی قرن است","سفر","","42bf91b5-6ca6-4c40-a834-76b73d3c9ba8"
"2992","es el jugador del año","او بازیکن سال است","سفر","","53280e89-a295-4601-bc28-6fdb6019ed14"
"2993","el hombre del partido","بهترین بازیکن زمین ، مرد میدان","سفر","","637f48d9-cf34-4911-b48e-05485512b9b7"
"2994","fue el hombre del partido","او بهترین بازیکن زمین بود","سفر","","13de2a89-37db-4e1e-842d-c41010b33587"
"2995","es un jugador con mucho talento","او بازیکنی با استعداد بسیار است","سفر","","6eafbdbe-face-4d79-8a49-bbe4ed73908f"
"2996","¡vaya golazo!","عجب سوپرگلی! ، چه گل فوق‌العاده‌ای!","سفر","","f19a389e-c19c-409c-bdcc-bfa38c722ad0"
"2997","¡ha sido falta!","خطا بود!","سفر","","2588f605-a4a1-4e20-925b-0d591bd6b457"
"2998","tarjeta amarilla","کارت زرد","سفر","","2072de7c-f6f9-4913-9fc3-5b4640716ac3"
"2999","tarjeta roja","کارت قرمز","سفر","","5422a8cd-4f31-4018-8226-4b4241f3072f"
"3000","el árbitro","داور","سفر","","cbf980c6-442a-44f0-807e-bae0ceff86c4"
"3001","el árbitro está comprado","داور خریده شده است ، داور تبانی کرده","سفر","","80ae71a2-edd6-4cc9-86a1-f4fe5dae0bda"
"3002","ningún punto","بدون امتیاز ، هیچ امتیازی","سفر","","c5d4e9e2-aa8e-4eac-ae0e-15f809631849"
"3003","si ganan este partido, ganarán la liga","اگر این بازی را ببرند، قهرمان لیگ خواهند شد","سفر","","94b2e79f-8c01-474e-9319-7ce362edd233"
"3004","puede que ganen la liga, pero es improbable","ممکن است لیگ را ببرند، اما بعید است","سفر","","8aff34e9-ed84-4326-a71d-e122abb8c1fd"
"3005","la temporada siempre empieza en agosto","فصل همیشه در اوت (مرداد ، شهریور) شروع می‌شود","سفر","","b61dc0c7-baca-47f5-ae25-bc897f5c3734"
"3006","se me dan mal los deportes","من در ورزش‌ها استعدادی ندارم ، ورزشم خوب نیست","سفر","","88327672-9811-4c91-873a-3d80816b9c12"
"3007","siempre he soñado con convertirme en jugador profesional de golf","همیشه آرزو داشتم یک گلف‌باز حرفه‌ای شوم","سفر","","8e37d39b-bda7-4ade-a277-cec5cbd5bc68"
"3008","El jugador logró un birdie en el hoyo nueve con un putt largo y preciso","بازیکن در حفره نهم با یک ضربه پات دقیق و بلند به امتیاز بردی دست یافت","سفر","","75d2a9e4-d973-43dd-9695-6008688b0ad8"
"3009","Roger golpeó un revés cruzado imparable para ganar el set","راجر یک بک‌هند کراس مهارنشدنی زد تا ست را ببرد","سفر","","cdaa0efb-21bc-4e93-9a59-1eeb11dbc465"
"3010","punto de quiebre","بریک پوینت (نقطه شکست در تنیس)","سفر","","16e75243-04bd-4705-a96b-89da4b9880cb"
"3011","pista de arcilla","زمین خاک رس (تنیس)","سفر","","3dd03a19-583c-4015-b9e9-9d9ca07043b9"
"3012","El base dribló a dos defensas y anotó un mate espectacular","پست گارد دو مدافع را دریبل زد و یک اسلم دانک تماشایی به ثمر رساند","سفر","","5020a51a-ffe2-441b-a159-d102f231f80e"
"3013","lanzar a canasta","شوت زدن به سمت سبد (بسکتبال)","سفر","","7cbd7ab0-6275-44f7-a888-aba42d858cdd"
"3014","El apertura pateó la conversión después de que el ala marcara un try espectacular","بازیکن پست ۱۰ بعد از ثبت یک ترای دیدنی توسط بازیکن جناح، ضربه تبدیلی را زد","سفر","","62f1f4c6-ef3c-4267-bf7a-2d3309968e30"
"3015","formar un scrum","تشکیل اسکرام دادن (در راگبی)","سفر","","504903c3-a438-4c0b-9544-68690cfa0100"
"3016","El rematador saltó alto y bloqueó el remate contrario en la red","آبشارزن بالا پرید و اسپک حریف را روی تور دفاع کرد","سفر","","595953ff-d882-4230-a916-57e25b30bec9"
"3017","El púgil esquivó el gancho y respondió con un uppercut directo a la mandíbula","بوکسور از هوک جا خالی داد و با یک آپارکات مستقیم به فک پاسخ داد","سفر","","0c95d26f-9632-41cb-ab66-292c67908ddc"
"3018","La gimnasta realizó una doble pirueta en la barra de equilibrio sin caerse","ژیمناست روی چوب موازنه بدون افتادن یک چرخش دوگانه انجام داد","سفر","","c3d739ad-3a07-496d-bf3b-445f1a7b70bf"
"3019","barra de equilibrio","چوب موازنه (ژیمناستیک)","سفر","","e8e017e5-84d8-41f2-8f80-b08789458204"
"3020","hacer gimnasia","ورزش ژیمناستیک انجام دادن","سفر","","18d7f3a7-695e-4559-a31a-cec63f044e88"
"3021","la maratón","دو دویدن ماراتن","سفر","","0032dc1f-c832-4984-83fa-ff8a9da67ace"
"3022","se lo pasa bien jugando al bádminton, pero le gusta más navegar","از بدمینتون بازی کردن لذت می‌برد، اما قایقرانی را بیشتر دوست دارد","سفر","","506b480c-822e-4e1c-b5d1-f2bbfd30b3aa"
"3023","Los niños patinan en la pista de hielo mientras la música suena de fondo","کودکان در پیست یخ پاتیناژ می‌کنند در حالی که موسیقی در پس‌زمینه پخش می‌شود","سفر","","509e22e2-b63a-4d0f-8fd6-133545ad1d4b"
"3024","pista de hielo","پیست پاتیناژ ، زمین یخ","سفر","","921adf6b-0335-4aaf-81d9-2116fe1112d5"
"3025","Esquiamos por la pista roja hasta llegar al telesilla que sube a la cima","در پیست قرمز اسکی کردیم تا به تله‌سیژ رسیدیم که به قله می‌رفت","سفر","","aae06473-a2c0-4a4a-9d0c-711fe8e67fba"
"3026","pista negra","پیست اسکی سیاه (سطح پیشرفته)","سفر","","24b52359-d192-4e9c-8194-4d51308121a9"
"3027","pista verde","پیست اسکی سبز (سطح مبتدی)","سفر","","2a398f6b-e119-42a9-bf95-1ada73646e3c"
"3028","El surfista montó la gran ola y entró en el tubo perfectamente","موج‌سوار سوار موج بزرگ شد و به‌زیبایی وارد تونل موج شد","سفر","","90d05c0f-f267-4c17-873c-ca68687a8370"
"3029","montar una ola","موج‌سواری کردن ، سوار موج شدن","سفر","","b2f4bf08-548a-451f-9791-3a4c85793a24"
"3030","Navegamos en canoa por el río de aguas cristalinas y cruzamos debajo de un puente antiguo","با کانو در رودخانه‌ای با آب زلال پارو زدیم و از زیر یک پل قدیمی گذشتیم","سفر","","dba8b17e-8992-4b8d-945e-56569d81be6e"
"3031","pista de doma","میدان درساژ (اسب‌دوانی)","سفر","","9cee5d37-cdbf-41ab-961a-eccfa02b2976"
"3032","montar a caballo","اسب‌سواری کردن","سفر","","3ec539a3-b7ac-4c55-8ced-7268e9e953a0"
"3033","hacer excursiones","به گردش و تفریح رفتن ، تور پیاده‌روی رفتن","سفر","","c996a147-a5b3-4954-bfbe-3144804096d2"
"3034","recoger setas","قارچ چیدن","سفر","","377cf16d-478b-484c-af0e-40dc0d01e2fa"
"3035","el hockey sobre hielo","هاکی روی یخ","سفر","","f1cd38fa-a0ab-4d5e-847f-8c2b2d36c80c"
"3036","el club deportivo","باشگاه ورزشی","سفر","","c6a1576e-ee0a-4ada-bfa5-abc73112c5a0"
"3037","tiempo muerto","وقت استراحت (تایم اوت)","سفر","","8fa51a77-b12a-4712-9ded-772dc7846885"
"3038","Esta noche vamos al cine a ver la nueva película de ciencia ficción","امشب می‌رویم سینما تا فیلم جدید علمی-تخیلی را ببینیم","سفر","","de3ac3ca-bb81-4081-bb0a-c4c414168d30"
"3039","¿podríamos ir al cine?","می‌توانیم برویم سینما؟","سفر","","eb666bad-2303-4959-b548-b5e41754a3e4"
"3040","¿vamos al cine?","بریم سینما؟","سفر","","e9039efd-6d56-4465-9dcf-357b751b480c"
"3041","el cine está muy lejos","سینما بسیار دور است","سفر","","d7c553fb-7501-4f9c-9ec0-aa51c1af06be"
"3042","me gustó más la película","فیلم را بیشتر دوست داشتم","سفر","","a8b1d1fc-0ae6-4683-b080-1f353a26a99e"
"3043","¿cuánto dura la película?","فیلم چقدر طول می‌کشد؟","سفر","","24d05e2e-96e2-4e39-8dd0-0f208438860d"
"3044","¿has leído este libro?","آیا این کتاب را خوانده‌ای؟","سفر","","90d5eda9-3ef4-4354-9c31-0c777935f5ac"
"3045","me encantan las comedias","عاشق فیلم‌های کمدی هستم","سفر","","4df4d068-b3b6-4bdd-ac9c-8299eb452a39"
"3046","prefiere los dramas","فیلم‌های درام را ترجیح می‌دهد","سفر","","bcaf0360-14eb-452c-a68f-a651ff3e726f"
"3047","¿qué tipo de películas te gustan?","چه سبک فیلم‌هایی را دوست داری؟","سفر","","19e5a875-7917-40fa-ab53-992f3c246028"
"3048","Bailamos toda la noche al ritmo de la música latina en la discoteca del centro","تمام شب را با ریتم موسیقی لاتین در دیسکوی مرکز شهر رقصیدیم","سفر","","b4fa6c43-2cef-48e2-b256-47c1eef5d622"
"3049","El público coreó todas las canciones en el concierto al aire libre","تماشاگران تمام ترانه‌ها را در کنسرت فضای باز همخوانی کردند","سفر","","3f056012-1a57-4a63-90e6-8da32a1ab467"
"3050","asistir a un concierto","شرکت در یک کنسرت","سفر","","103f3490-d65a-4e6e-a076-bb549dc42d68"
"3051","me flipa esta canción","دیوانه این آهنگم ، عاشق این آهنگم","سفر","","6be7393c-902b-49d0-833b-e5a877816b1d"
"3052","me encanta escuchar música","عاشق گوش دادن به موسیقی هستم","سفر","","bf0e3876-3bcc-4c05-a26d-410bd4886c28"
"3053","¿qué tipo de música escuchas?","چه نوع موسیقی گوش می‌دهی؟","سفر","","4655b4e5-ba4d-48de-b2dd-49556c9500f6"
"3054","¿vas a ir a algún festival este año?","امسال به فستیوالی خواهی رفت؟","سفر","","e3839daf-1f92-45b7-8541-fd37d84c1c3d"
"3055","¿y si cambiamos la música?","چطوره آهنگ را عوض کنیم؟","سفر","","41015873-1602-4138-9651-1037bd28953e"
"3056","tocar un instrumento","نواختن یک ساز","سفر","","69f149a3-1816-415e-a892-30ea3752715e"
"3057","el instrumento","ساز ، ابزار","سفر","","49fc1dd4-c2eb-42a1-b65b-6532ca6c263a"
"3058","es bueno tocando el piano","پیانو زدنش خوب است","سفر","","7a4681a2-50ab-42f1-8e16-bad35836cbf8"
"3059","me encanta jugar a videojuegos","عاشق بازی‌های ویدئویی هستم","سفر","","60b27e3a-e154-4763-9624-b64d2b510a31"
"3060","el juego de mesa","بازی فکری ، بردگیم","سفر","","b5f08fd7-44ba-4504-94f4-dc40b120419b"
"3061","jugar a un juego de mesa","بردگیم بازی کردن","سفر","","35d41e61-f53c-4149-a628-bde0113322a1"
"3062","jugar a las cartas","کارت‌بازی ، پاسور بازی کردن","سفر","","221b9239-d1f8-42e6-84dd-34869007860f"
"3063","es una exposición muy interesante","نمایشگاه بسیار جالبی است","سفر","","e9a8daa8-32c8-455b-acff-7006bfdc2255"
"3064","¿hay un museo cerca de aquí?","آیا موزه نزدیک اینجا هست؟","سفر","","e3a042e4-e6ba-4400-9cc2-96df7f6c1747"
"3065","va a ir a un museo esta tarde","او بعدازظهر به موزه خواهد رفت","سفر","","30d6730e-01b3-43f2-ac22-eea725620e25"
"3066","Recorrimos el museo del Prado y admiramos los cuadros de Goya","از موزه پرادو بازدید کردیم و نقاشی‌های گویا را تحسین نمودیم","سفر","","cc9895a6-e3a9-40b0-bf6f-dd6f05579296"
"3067","¿te interesa el arte?","به هنر علاقه داری؟","سفر","","075c5119-51bb-4c2e-bf1b-4652b5aa064a"
"3068","quiero encontrar el teatro","می‌خواهم تئاتر را پیدا کنم","سفر","","7d1919ba-33d3-454a-84f5-8c900b528d65"
"3069","odio los musicales","از نمایش‌ها ، فیلم‌های موزیکال متنفرم","سفر","","87c9e458-7bc6-4fe4-95ce-609490df7cad"
"3070","Veo la tele.","تلویزیون تماشا می‌کنم.","سفر","","943a7e04-cd82-44df-a0be-30b9503d2a30"
"3071","mi madre y yo vamos a ver mi programa de televisión favorito","من و مادرم قرار است برنامه تلویزیونی مورد علاقه‌ام را ببینیم","سفر","","5ef2c73f-4515-477d-99de-9274f1cccf9c"
"3072","el programa de televisión","برنامه تلویزیونی","سفر","","06da5d07-3959-42c0-965b-9ea915d70839"
"3073","oí los resultados en la radio","نتایج را از رادیو شنیدم","سفر","","e9018278-4d61-4a4c-b337-4001e717c44b"
"3074","¿has visto la serie de … ?","سریال ... را دیده‌ای؟","سفر","","0f27e6f3-5b96-4e0e-80b0-f94847eb8710"
"3075","recomiéndame una serie","یک سریال به من پیشنهاد کن","سفر","","9b7fceea-6939-4fc0-ae28-a846373c8e41"
"3076","el documental","مستند","سفر","","93a99dc7-f955-47a4-9ec2-1cd16d751026"
"3077","el chiste","جوک ، لطیفه","سفر","","0944051a-8fcb-4e53-935d-c8849d804b34"
"3078","soy malo contando chistes","جوک گفتنم بد است ، بلد نیستم جوک بگویم","سفر","","cc111380-921e-4a5c-be6a-674b85298562"
"3079","el parque acuático","پارک آبی","سفر","","b97a7297-0cc7-4bbe-8cfe-72a08e0da376"
"3080","punto de referencia","نقطه شاخص ، مبنا","سفر","","4d6ea4c7-c44f-465e-9662-53e9de4ba174"
"3081","punto de encuentro","محل قرار ، نقطه تجمع","سفر","","31e7cfbc-4989-4c27-8058-f8098e461b58"
"3082","Observamos un águila real volando en círculos sobre el valle","عقاب طلایی را دیدیم که بالای دره چرخ می‌زد","سفر","","ce3f3dd3-f3c3-4718-b464-41f275ac9f93"
"3083","hoy van de compras en vez de ir al museo","امروز به جای موزه رفتن می‌روند خرید","سفر","","99d6335c-63e2-4cab-849f-3eb0a6f44485"
"3084","las zapatillas de deporte","کفش‌های ورزشی ، کتانی","سفر","","57faa81e-fd2e-48ae-9f86-b7c17262a0e8"
"3085","esas zapatillas de deporte son mías","آن کتانی‌ها مال من هستند","سفر","","a48cdcec-1c53-413c-9a59-634bc7d2e362"
"3086","estas zapatillas de deporte son mías","این کتانی‌ها مال من هستند","سفر","","5984fdd7-a11e-4663-8f91-2c5d3603b5af"
"3087","¿Aceptan tarjeta?","کارت می‌پذیرید؟","سفر","","b118d340-e7e5-41ec-958f-2a47f79d51f3"
"3088","¿aceptan tarjetas?","آیا پرداخت با کارت قبول می‌کنید؟","سفر","","78890281-5bdc-48a7-9ebc-82d35c3d08d8"
"3089","El cajero se ha tragado mi tarjeta.","عابربانک کارت مرا ضبط کرده ، خورده است.","سفر","","b0338919-61bb-40d9-9740-7e77cc146585"
"3090","Quiero bloquear mi tarjeta.","می‌خواهم کارتم را مسدود کنم.","سفر","","90f3140a-d710-4ccf-a247-7f1330ffac55"
"3091","He perdido mi tarjeta.","کارتم را گم کرده‌ام.","سفر","","e1c98399-dc25-4692-ba9f-d7316204ca9c"
"3092","la tarjeta de crédito","کارت اعتباری","سفر","","53d6c926-8407-49db-a4e4-5a362ecaf065"
"3093","tarjeta de débito","کارت بدهی ، کارت نقدی (دبیت کارت)","سفر","","131991d1-2a47-4ed6-aa5e-ea9d9ebf2f59"
"3094","banca telefónica","تلفن‌بانک ، خدمات بانکی تلفنی","سفر","","57860865-633d-418c-a3d6-1e28a703fd27"
"3095","código de barras","بارکد ، شناسه میله‌ای","سفر","","b3d4690f-d3ab-4a8a-9be3-8f1f317940c0"
"3096","te recomendaría enfocarte en …","توصیه می‌کنم روی ... تمرکز کنی","سفر","","1b04a8ae-ec9d-4a9b-aaee-cc2d9c57107b"
"3097","te recomendaría enfocarte en...","توصیه می‌کنم تمرکزت را روی ... بگذاری","سفر","","ec9b9908-d3d6-49ba-9554-e8dd3dd82967"
"3098","falta una agenda definida","یک دستور کار تعریف‌شده کم است","سفر","","8893a1bd-bfc7-4a88-a145-4eb24b04ac1c"
"3099","podríamos usar herramientas digitales para colaborar","می‌توانیم از ابزارهای دیجیتال برای همکاری استفاده کنیم","سفر","","e3a2fd5e-9726-4ce0-bf7b-3e5a8d69da95"
"3100","falta seguimiento después de las reuniones","پیگیری بعد از جلسات وجود ندارد ، کم است","سفر","","8721b79f-1a70-4f46-b006-9881e986cc92"
"3101","todos tenemos que poner de nuestra parte","همه ما باید سهم خودمان را ایفا کنیم","سفر","","56c18c59-aebb-4a54-a7cd-48179fe7c00b"
"3102","falta personal","کمبود نیرو ، پرسنل وجود دارد","سفر","","e5fdc66d-c7f7-4325-aa93-e4724b9f6c75"
"3103","el surfista","موج‌سوار","سفر","","7687de89-9f92-46d5-ae0a-916c467e1f5a"
"3104","El púgil","مشت‌زن ، بوکسور","سفر","","5621500f-a416-4f53-9264-6b07ccf8bc0b"
"3105","¿Puedo ayudarte?","می‌توانم کمکت کنم؟","سفر","","a4abee17-7a4f-4dea-b7ad-bec21b696222"
"3106","¿En qué puedo ayudarte?","در چه زمینه‌ای می‌توانم کمکت کنم؟","سفر","","d0367d72-d4d3-47ca-8f96-2386a83a6a0e"
"3107","Me han robado la cartera.","کیف پولم را دزدیده‌اند.","سفر","","b80a33f8-d9c9-452c-ba9e-eab97a4285c0"
"3108","cuidado con los carteristas","مراقب جیب‌برها باشید","سفر","","d9e20349-e2a2-4517-98f3-d63695130b5a"
"3109","había testigos por todas partes","همه جا شاهدان حضور داشتند","سفر","","b2ab6aab-415a-4f31-baf1-656ea43b0ba7"
"3110","la pistola","کلت ، اسلحه کمری","سفر","","ae4e8031-0551-43d4-8673-00a1e9f06b99"
"3111","ola de frío","موج سرما","سفر","","5eece6ae-b8ac-4cff-8c46-dc34f79c2ff0"
"3112","a las cuatro en punto","راس ساعت چهار","سفر","","3dc96c6d-bda8-4971-94f1-584ad02e7792"
"3113","a las siete en punto","راس ساعت هفت","سفر","","696ad6a4-239b-4e87-8f11-48e7f2af710b"
"3114","esta tarde quiero ir a nadar","امروز بعدازظهر می‌خواهم بروم شنا","سفر","","a2171af9-83f9-4169-a775-60578b69cb6e"
"3115","setenta y cinco","هفتاد و پنج (۷۵)","سفر","","27b03a41-e999-4986-9871-11b6d6831232"
"3116","los debates sobre la economía ponen nervioso al Partido Popular","بحث‌ها درباره اقتصاد، حزب مردم (پوپولار) را نگران ، عصبی می‌کند","سفر","","8fffbcd9-794b-4c5a-a241-45870f2268ce"
"3117","me siento sola","احساس تنهایی می‌کنم (مؤنث)","سفر","","76e4d388-6e72-4d03-959c-b188b924c43d"
"3118","Estoy sola.","تنها هستم (مؤنث).","سفر","","b496ed81-55b1-4d89-a718-3c8f095f060f"
"3119","Tengo falta de motivación:","کمبود انگیزه دارم:","سفر","","1b01f766-6575-46c1-bf24-0f0dc64948ab"
"3120","Bajo mi punto de vista...","از دیدگاه من...","سفر","","d7b955c7-6d6b-4503-8090-a54ee9e7988e"
"3121","Desde mi punto de vista...","از نظر من...","سفر","","182219dc-17d4-4d66-8b5b-7820e9f4b7ad"
"3122","es una falta de educación","این بی‌ادبی ، بی‌تربیتی است","سفر","","8f8fceb4-d07b-4cd2-a5e3-fd34ba74c0fd"
"3123","SER UN LIGÓN O UN GOLFO","دخترباز ، زن‌باز یا لاابالی بودن","سفر","","2228adce-7e46-479f-b153-bd08ba1d1bcf"
"3124","si pudiera volar, podría alcanzar las estrellas","اگر می‌توانستم پرواز کنم، می‌توانستم به ستارگان برسم","سفر","","75d12c95-1fa9-456f-9fa7-b1ba66b54a52"
"3125","si tuviese una nave espacial, volaría hasta el límite del universo","اگر یک سفینه فضایی داشتم، تا انتهای جهان پرواز می‌کردم","سفر","","ae9c7940-7d4f-4513-8a15-0598534f0289"
"3126","¡cálmate!","آرام باش!","سفر","","3c820345-3dc1-4db6-b5e0-8314ed73d71a"
"3127","!deja de quejarte!","دست از شکایت بردار!","سفر","","f61dd243-1bc9-4495-9ccd-f0e5fbccd446"
"3128","!se está colando!","دارد نوبت را می‌زند! ، بدون صف جلو می‌رود!","سفر","","07340a45-8af2-4aef-95b2-4e1c42eab5fe"
"3129","ponte a la cola","برو ته صف ، برو تو صف","سفر","","d1653026-e385-4845-9d9e-c3dadebcca14"
"3130","¿lo hiciste tú sola?","خودت تنهایی انجامش دادی؟ (خطاب به مؤنث)","سفر","","37bc1be6-e61c-4574-ae72-aab163858013"
"3131","el punto de vista","دیدگاه ، زاویه دید","سفر","","3cce79c2-1bd4-4fb1-bff1-5465a4f3277f"
"3132","el punto","نقطه ، امتیاز","سفر","","274f3ad9-b877-4898-be5c-93a65402f2c3"
"3133","déjame darte un consejo","بگذار یک نصیحت ، توصیه به تو بکنم","سفر","","78f21ac0-8693-448a-a041-7280b3b8ea1b"
"3134","el Partido Socialista es bastante grande","حزب سوسیالیست بسیار بزرگ است","سفر","","4bac6532-a464-4077-9531-b742a3f0a5e5"
"3135","este año, el Partido Socialista conseguirá mejores resultados","امسال حزب سوسیالیست نتایج بهتری به دست خواهد آورد","سفر","","093b0654-66dd-4a90-b4b2-32951b9e5d35"
"3136","en realidad, los políticos no controlan nada","در واقع سیاستمداران هیچ چیزی را کنترل نمی‌کنند","سفر","","00b7fedb-cb5c-4b40-94b2-f9e6adf1f92b"
"3137","la tarjeta","کارت","سفر","","01d2dcd9-fc3e-4705-af01-32f2729ec314"
"3138","la música","موسیقی","سفر","","26d0ff2b-0bc9-4423-ae68-6da48f53460a"
"3139","la canción","ترانه ، آهنگ","سفر","","5e125ea9-c653-41cb-a1b5-cf09bd5e5c5b"
"3140","el deporte","ورزش","سفر","","6c7f006d-2f7b-4f1a-919e-1e3156104e12"
"3141","el partido","مسابقه ، بازی ، حزب سیاسی","سفر","","93b94d17-460f-4d1d-9a7f-4ea35e195bcf"
"3142","el jugador","بازیکن","سفر","","5aaafad1-63d5-49c1-8928-10116c5ac0b8"
"3143","el estadio","ورزشگاه ، استادیوم","سفر","","cd9dd436-e831-4515-a8cf-6c4d8d637a25"
"3144","es el mayor estadio de Europa","بزرگ‌ترین استادیوم اروپا است","سفر","","a96c70f5-fd3a-41d6-b740-c6315be08f4a"
"3145","la entrada","بلیط ورودی ، ورودی","سفر","","2e6b0f32-b6bd-4518-b00a-0d9f3965a9d6"
"3146","tengo una entrada de sobra","یک بلیت اضافی دارم","سفر","","cfa0fb4c-7e9e-45b2-93ae-e8443dd82c07"
"3147","el espectáculo","نمایش ، شو","سفر","","8a5241b7-8220-430a-8b66-e085a540dc34"
"3148","el arte","هنر","سفر","","7e7868e7-683b-416c-a57c-022463fe8a38"
"3149","la película","فیلم","سفر","","d9f35855-33e1-43b6-9ca8-5b625945df47"
"3150","el libro","کتاب","سفر","","0e12a86d-4530-4405-803c-a5363c242959"
"3151","SER PAN COMIDO","مثل آب خوردن بودن / خیلی آسان بودن ، مثل آب خوردن بودن ، خیلی آسان بودن","اصطلاح","","c73afcb5-d78a-4ab2-949b-44a96d81ba67"
"3152","SOLTAR LA PASTA","سرفه کردن پول (پول دادن ناخواسته یا زیاد) ، پیاده شدن پول ، پیاده شدن جیرینگی","اصطلاح","","a4c4485b-d6ab-4d42-a673-e086b75b1d0a"
"3153","Ser la leche","فوق‌العاده و حرفه‌ای بودن ، عجیب و غریب بودن (بسته به متن، منفی یا مثبت)","اصطلاح","","b43a2f4b-e46f-43ff-949f-4aa7364afdf0"
"3154","Ser la pera","بی‌نظیر و جالب بودن ، اعصاب‌خردکن یا عجیب بودن","اصطلاح","","c2b89c9e-bde8-404e-a84d-8017d2debd4f"
"3155","media naranja","نیمه گم‌شده ، همسر یا معشوق کامل","اصطلاح","","f65faadc-e860-4c3d-ac51-b21efdeffe9a"
"3156","luna de miel","ماه عسل","اصطلاح","","3d41c202-34df-40ce-843e-6b437d22cd33"
"3157","Levanté una ceja con incredulidad cuando me contó la increíble historia de su viaje","وقتی داستان باورنکردنی سفرش را تعریف کرد، از روی بی‌باوری ابرویی بالا انداختم ، با تعجب و شک ابرویم را بالا بردم وقتی داستان عجیب سفرش را شنیدم","اصطلاح","","50d8d2e7-e1bc-4d2e-b8af-d26e4a660381"
"3158","Sentimos el rocío de la cascada en la cara mientras tomábamos fotografías increíbles","در حالی که عکس‌های فوق‌العاده‌ای می‌گرفتیم، قطرات شبنم‌مانند آبشار را روی صورتمان احساس کردیم","اصطلاح","","875c1742-2d79-4866-af6b-a870e113fa2b"
"3159","pájaro en mano ...","سیلی نقد (اشاره به ضرب‌المثل: سیلی نقد به از حلوای نسیه ، سربزرگ زیر بال)","اصطلاح","","7d73f227-29e1-46e5-9048-04e9229d26bc"
"3160","pájaro en mano …","گنجشک نقد در دست...","اصطلاح","","4ba1168d-5b7e-4be0-9ab7-413504d89bbd"
"3161","pájaro en mano...","پرنده در دست...","اصطلاح","","e483d935-d047-45d9-aca3-d9adb992619c"
"3162","ESTAR COMO UN TREN","بسیار جذاب و خوش‌تیپ بودن ، جذابیت ظاهری بسیار بالا داشتن","اصطلاح","","4f21a8e6-d614-4009-9200-e80c49134231"
"3163","ESTAR EN TU SALSA","در محیط و موقعیت دلخواه خود بودن ، کاملاً راحت و سر و مر و گاوخون بودن در یک جمع","اصطلاح","","a8e26334-4629-4aef-8e17-4e83df1cecea"
"3164","ESTAR HASTA LOS COJONES","جان به لب شدن (امامی و بسیار عامیانه) ، کارد به استخوان رسیدن","اصطلاح","","0a20c79e-db92-4248-bd5c-d0e19cc56601"
"3165","ESTAR HASTA LOS HUEVOS","کلافه و بی‌نهایت خسته شدن (عامیانه شدئد) ، تا خفت کشیده شدن ، کلافگی کامل","اصطلاح","","1e0122de-2596-478d-a068-75cd7bd8526c"
"3166","ESTAR HASTA EL COÑO","شدیداً جان به لب شدن (عامیانه مؤنث)","اصطلاح","","302e4acf-9afd-487c-b89b-8b151c1ae8d1"
"3167","Estar hasta el gorro.","تا خفت پر بودن ، جان به لب شدن. ، خسته و کلافه شدن.","اصطلاح","","6e936ea2-08ee-42d3-bf22-677d7f99e980"
"3168","Estar hasta el mismísimo.","دیگر طاقتش تمام شدن ، کلافه شدن.","اصطلاح","","ca2878c6-9908-429d-aedb-8363a2295b32"
"3169","Estar hasta el moño.","حوصله کسی سر رفتن ، کلافه شدن.","اصطلاح","","e8d993a6-70f4-4c3c-a28b-283745d7be05"
"3170","Estar hasta la coronilla.","جان به لب شدن. ، تا فرق سر زیر بار خستگی و کلافگی بودن.","اصطلاح","","e8cf6c4d-0c67-4e1f-86b2-25b97ac8d669"
"3171","ESTAR HASTA LAS NARICES","تا نوک دماغ کلافه بودن ، جان به لب بودن","اصطلاح","","ca0e8ba1-9623-4c71-b317-5d9636f580b2"
"3172","Estar hasta arriba.","سرشار و غرق در کار بودن. ، تا خفت پر بودن.","اصطلاح","","7a7263db-9e1c-4557-af8c-bb833adc2f3e"
"3173","SER UN CRACK","استاد و نخبگی در کاری داشتن ، خیلی کاردرست بودن","اصطلاح","","3b1d5ab2-ef59-4dde-aa71-a7a25868c802"
"3174","SER UN FENÓMENO","پدیده بودن ، نابغه بودن","اصطلاح","","4fe62c15-96a4-4ba8-8a78-1680b46205f4"
"3175","Ser la leche.","خیلی عالی یا خیلی خفن بودن.","اصطلاح","","450bed13-5566-4c3e-b243-1468d52c004a"
"3176","Ser la pera.","خیلی جالب و معرکه بودن.","اصطلاح","","76e51859-6378-4f4f-8d4a-2c2d9f2a0ad5"
"3177","Ser coser y cantar.","مثل آب خوردن بودن. ، کاری بسیار آسان و بی‌دردسر بودن.","اصطلاح","","2ca5a13c-84e5-43d3-b9ad-b18ab9bee8a2"
"3178","Ser la caña.","فوق‌العاده بودن ، آخرش بودن.","اصطلاح","","03dda2e2-6f50-4aaa-b7e6-5366dee173ab"
"3179","Ser la hostia.","فوق‌العاده خفن بودن (شدیداً عامیانه) ، عجیب و غیرمنتظره بودن","اصطلاح","","3f93e74e-b685-4a01-8bf0-9c82cf882f91"
"3180","TENER MALA PINTA","ظاهر بدی داشتن ، مشکوک به نظر رسیدن ، اوضاع بدی داشتن","اصطلاح","","05cc30f8-032b-432f-a906-058ff1ee488f"
"3181","TENER ROLLO CON ALGUIEN","با کسی سر و سرّی داشتن ، پل زدن عاشقانه ، رابطه داشتن با کسی","اصطلاح","","fd32134a-2e9f-4d7f-91a2-70828775e9b0"
"3182","TENER UN CACAO","گیج و سردرگم بودن","اصطلاح","","a990fbdf-7b14-493c-93c6-c542823122b9"
"3183","TENER UN CACAO MENTAL","اشفتگی ذهنی داشتن ، سردرگمی شدید فکری داشتن","اصطلاح","","3a82a04e-3727-4260-85d4-eeebdf60d926"
"3184","HACER UN APAÑO","سر و سامان دادن موقت ، وصله پینه‌کردن ، ردیف کردن کار","اصطلاح","","dd9cb769-680d-4929-ad01-a9a7c3bbdc20"
"3185","HACER UN SIMPA","جیم زدن بدون پرداخت صورت‌حساب (در رستوران یا تاکسی)","اصطلاح","","b911ed28-5623-4926-812e-80bc6cf08867"
"3186","IRSE DE LAS MANOS","از دست در رفتن ، از کنترل خارج شدن","اصطلاح","","6a50dacc-960b-4c2f-a165-4defcc9fea34"
"3187","IR AL LÍO","رفتن سر اصل مطلب ، شروع کردن کار اصلی","اصطلاح","","6ad4c8d8-a590-4a56-b7d8-2e884879881b"
"3188","IR DE CULO","اوضاع خراب بودن ، وقت کم داشتن و عقب بودن","اصطلاح","","0f302d4b-6eb8-415d-a108-6b3a650dec54"
"3189","APUNTASE A UN BOMBARDEO","پایه همه چی بودن ، در هر جمع و برنامه حاضربودن","اصطلاح","","2d37e5a6-81a9-4597-a966-e4db8eef8239"
"3190","CORTAR EL ROLLO","حال‌گیری کردن ، خراب کردن فاز","اصطلاح","","b6a6eee6-61ed-4f7d-8f42-56b283874b19"
"3191","DAR GUERRA","اذیت کردن ، دردسر درست کردن","اصطلاح","","11f0c6a2-2266-48e6-9b8c-1752d2479109"
"3192","DAR LA TURRA","مغز کسی را خوردن ، مخ‌زنی و سردرد آوردن با حرف زدن","اصطلاح","","84017cff-573b-4627-ad74-2979755716ad"
"3193","DAR LARGAS","پاس‌کاری کردن ، طفره رفتن و امروز فردا کردن","اصطلاح","","960850fe-0ead-4b3d-b330-bf22effdb36d"
"3194","DAR UN TOQUE","یک تک‌زنگ زدن ، خبر دادن کوتاه","اصطلاح","","0260a7bc-221c-42ba-8d3f-91cb1342df5f"
"3195","DORMIRSE EN LOS LAURELES","روی افتخارات گذشته خوابیدن ، غفلت کردن","اصطلاح","","dac59a41-e16b-4eca-a3e0-1b16c773d4db"
"3196","ECHAR UN CABLE","کمک رساندن ، دست کسی را گرفتن","اصطلاح","","e4b937f9-f777-4b59-8d7c-b98fb7fd7c4c"
"3197","METER LA PATA","سوتی دادن ، دسته‌گل به آب دادن","اصطلاح","","48f3da1b-53e4-49b6-a988-69b537bb7c0f"
"3198","METERSE EN UN FREGAO","خود را وارد یک دردسر یا معرکه کردن","اصطلاح","","2a2c6f8b-ec1a-4742-bbd9-f2ff03285e20"
"3199","NO COMERSE UN ROSCO","هیچی دستگیر کسی نشدن ، بی‌نصیب ماندن (به‌ویژه در دوستی و عشق)","اصطلاح","","900a329a-f966-4ffb-aff5-2837762c1b5f"
"3200","NO DAR ABASTO","از پس کارها برنیامدن ، وقت کم آوردن","اصطلاح","","f664c9a4-88bf-462e-861e-57094a1b830d"
"3201","NO PINTAR NADA","کاره‌ای نبودن ، هیچ نقش و اهمیتی نداشتن","اصطلاح","","e065b119-8d9b-4d3d-805e-b50455610752"
"3202","NO TENER DESPERDICIO","سراسر حیاتی و جالب بودن ، ذره‌ای ضایعات نداشتن","اصطلاح","","ddaf5acb-0afb-461f-8bbb-3619021c3490"
"3203","NI PUTA IDEA","روحم هم خبر ندارد (اصطلاح عامیانه و تند) ، مطلقاً هیچ ایده‌ای ندارم","اصطلاح","","c5bcb3bb-6496-4f85-bcea-54af6a38a034"
"3204","PASAR OLÍMPICAMENTE","کاملاً بی‌محلی کردن ، به تخم چشم خود هم نیاوردن (دایره بی‌تفاوتی)","اصطلاح","","75ec77e9-f12f-4c5a-9c67-480661c8c8d9"
"3205","Pillar un trancazo","سرماخوردگی شدید خوردن ، آنفولانزای سخت گرفتن","اصطلاح","","1edef7e2-6446-4a28-ab59-8cebfd06c234"
"3206","PINTAR BIEN","خوب به نظر رسیدن ، آینده روشنی داشتن","اصطلاح","","e1037d27-6373-4d54-ad99-3fbdd0e4a279"
"3207","RAJAR DE ALGUIEN","پشت سر کسی بد گفتن ، غیبت کردن","اصطلاح","","2605be0b-7180-41f3-8b2f-2211ac85e6dc"
"3208","QUEDARSE A CUADROS","کپ کردن ، شاخ درآوردن از تعجب","اصطلاح","","939426bb-69e3-46b1-8c16-2f58011a0f36"
"3209","QUEDARSE EN NADA","به هیچ جا نرسیدن ، نقش بر آب شدن","اصطلاح","","4ae902e5-5a83-4037-b946-c61334b7b64b"
"3210","VENIRSE MUY ARRIBA","جوگیر شدن ، بیش از حد هیجان‌زده یا مغرور شدن","اصطلاح","","5463d481-b4a9-476f-903f-5b5b779bff48"
"3211","¡Flipante!","حیرت‌انگیز! ، برگ‌ریزان!","اصطلاح","","1ec085a0-d5a1-4771-a650-b9efd514b6ae"
"3212","¡Increíble!","باورنکردنی!","اصطلاح","","9b04f3ec-7c44-4e6b-b4ca-f2a069408e52"
"3213","¡Madre mía!","وای من! ، ای وای!","اصطلاح","","0ceb6e9c-d1a8-4ea7-88d4-b63fc768853e"
"3214","¡Qué barbaridad!","چه فاجعه‌ای! ، چه عجیب! ، عجب چیزی!","اصطلاح","","f7e3cecf-6aa0-4c98-a290-9136d3ef811d"
"3215","Qué fuerte.","چقدر عجیب ، تکان‌دهنده.","اصطلاح","","cfc87d36-e22b-42f4-bc29-5cf43b060c6c"
"3216","¡Qué fuerte!","چه شوکه‌کننده!","اصطلاح","","e5201ff8-46ac-4dfa-97f5-39cdb51d99bb"
"3217","Qué locura.","چه دیوانگی‌ای.","اصطلاح","","751f4d66-deb4-445e-90ca-39b0d52e4080"
"3218","¡Qué locura!","عجب دیوانه‌بازی‌ای!","اصطلاح","","f92ca423-fc8b-4a5f-a2e1-8ff16d90039b"
"3219","Qué lástima.","چه حیف.","اصطلاح","","59ca33fa-908a-44f4-8224-40407644a7ad"
"3220","¡Qué lástima!","چقدر حیف!","اصطلاح","","29a07432-d69b-4f71-8db8-09617132ccc2"
"3221","Qué pena.","چه افسوسی.","اصطلاح","","3fc88448-2822-404e-826f-bb654408762d"
"3222","¡Qué pena!","چه بد شد!","اصطلاح","","dcdf8d9c-471a-4a32-951d-c2fce56c0258"
"3223","Qué pereza.","چقدر تنبلی‌آور ، حسش نیست.","اصطلاح","","2c1375f6-71bf-4d2c-bacf-25c55676d98d"
"3224","¡Qué pereza!","اصلاً حسش نیست!","اصطلاح","","e2fd245f-ed96-449e-8c35-d6431de59d05"
"3225","Qué rollo.","چقدر خسته‌کننده.","اصطلاح","","6d824e15-d455-4d39-90e4-0f6e46887991"
"3226","¡Qué rollo!","چه حوصله‌سربر!","اصطلاح","","9047ba19-38b1-46a1-8003-40c939663eb2"
"3227","¡Qué asco!","چقدر چندش‌اور!","اصطلاح","","d623b8e1-cd7f-415c-92f0-42791c830a31"
"3228","¡ay, qué asco!","ای وای، چه حالم به هم خورد!","اصطلاح","","eeefcc3f-e5fd-411b-8b53-53b0e7e7504c"
"3229","¡qué cara!","عجب رویی! ، چه پررویی!","اصطلاح","","0d3a862e-ad8b-4bc9-be56-fd870c8675e2"
"3230","¡Qué padre!","چقدر باحال! (مکزیکی)","اصطلاح","","2f96f6f4-09f4-4a0f-b799-53a692657820"
"3231","¡qué va!","عمراً! ، اصلاً این‌طور نیست!","اصطلاح","","73674188-88b5-4f7e-a019-6e3db04f416e"
"3232","¡qué me dices!","چی می‌گی! ، راست می‌گی؟","اصطلاح","","38cdf169-62eb-449d-a8ee-0a1499b2e7a1"
"3233","¡Vaya por Dios!","ای بابا! ، خدا به دور!","اصطلاح","","a37d6b66-bcd5-4027-acc6-6ead942cefca"
"3234","¡Venga ya!","بی‌خیال بابا! ، ول کن!","اصطلاح","","ce71cb82-81c2-4808-a6b8-ae182ff6df95"
"3235","sin más","همین‌طوری ، بدون هیچ دلیل خاصی","اصطلاح","","66fc7ff7-fb7e-4897-9f12-df0be4c40523"
"3236","No estar el horno para bollos.","اوضاع مناسب نیست ، وقت نان قرض دادن نیست.","اصطلاح","","50f1dd18-c1b1-4098-9622-e1414d1b009e"
"3237","No estar el horno para pasteles.","شرایط برای شوخی و پیشنهادهای اضافه مساعد نیست.","اصطلاح","","fd66a5e0-ad9c-41b3-a1b1-843f84aff719"
"3238","No hay tu tía.","هیچ چاره‌ای ندارد ، مرغ یک پا دارد.","اصطلاح","","ce22be3e-c18f-4651-9289-35ba5909fc7b"
"3239","no seas modesto","شکسته‌نفسی نکن","اصطلاح","","3a9bab3f-576a-4fb6-932f-619de33ffb17"
"3240","no lo gafes","نفوس بد نزن ، چشمش نکن","اصطلاح","","758a81e5-55e7-4d92-b5e5-2df292273630"
"3241","no te rajes","جا نزن ، شانه خالی نکن","اصطلاح","","336b33d4-a2d8-464e-8533-63f72101560d"
"3242","agarrarse un pedo","مست مست شدن (عامیانه)","اصطلاح","","415b225e-1048-4bd6-ad6c-df6c80161628"
"3243","sin café no soy persona","بدون قهوه هنوز آدم نشده‌ام ، حواسم جمع نیست","اصطلاح","","b2b95b94-c286-4346-babd-2c8243256eb4"
"3244","madre mía, ¡qué cursi!","وای خدا، چقدر جواد ، سبک و لوس!","اصطلاح","","34c8c61b-fd85-46a3-9c1b-ec33c19c8872"
"3245","la curiosidad mató al gato","فضولی باعث دردسر می‌شود (کنجکاوی بلاست)","اصطلاح","","e2abe6fa-752e-438a-b5c4-3ac8b4972f9b"
"3246","a caballo regalado, no le mires el diente","اسب پیشکشی را دندان نمی‌شمارند","اصطلاح","","6ca45128-6e66-4b19-a0d0-036b07db57d1"
"3247","de tal palo, tal astilla","پسر کو ندارد نشان از پدر ، از کوزه همان برون طراود که در اوست","اصطلاح","","eb17d232-ee42-4e20-90fa-d8499cbc8297"
"3248","en todas las casas cuecen habas","این دیگ برای همه می‌جوشد ، این مشکلات در هر خانه‌ای هست","اصطلاح","","43f47544-aeea-446a-8bd9-666456cd0306"
"3249","la experiencia es la madre de la ciencia","تجربه مادر علم و دانش است","اصطلاح","","469715b7-17a4-41b5-953e-466f7da97006"
"3250","la esperanza es lo último que se pierde","امید آخرین چیزی است که از دست می‌رود","اصطلاح","","b165c06c-7dce-449f-98ef-7adbccc0b820"
"3251","lo barato sale caro","هیچ ارزانی بی‌علت نیست","اصطلاح","","628593d4-24ca-4df3-8895-b81386f022f0"
"3252","No hay mal que por bien no venga.","در هر شرّی، خیر و صلاحی نهفته است.","اصطلاح","","02ed8adc-8672-4ccf-bcb5-6431da3f5870"
"3253","no puedes hacer una tortilla sin romper huevos","بدون تاوان و هزینه نمی‌توان به نتیجه رسید","اصطلاح","","0165f44c-6c19-4ea5-af11-8a902792c3a1"
"3254","Roma no se construyó en un día","گر صبر کنی ز غوره حلوا سازی ، امور زمان‌بر هستند","اصطلاح","","b2469a23-ed7f-4938-b122-9b3e985256be"
"3255","todos los caminos llevan a Roma","همه راه‌ها به رم ختم می‌شوند","اصطلاح","","88e094ae-44d6-4fef-8139-9118563d8512"
"3256","todos los caminos del Señor son misteriosos","راه و روش‌های خداوند اسرارآمیز است","اصطلاح","","274ef5aa-0dd7-4342-8774-97188339a097"
"3257","dos no discuten si uno no quiere","دعوا با یک دست صدا ندارد","اصطلاح","","850f9f89-f6cd-4481-a7c7-a1fd3dba238c"
"3258","es como buscar una aguja en un pajar","مثل سوزن گشتن در انبار کاه است","اصطلاح","","86af33ef-4b84-44ec-95d3-a4eadc798263"
"3259","hacer una montaña de un grano de arena","از یک کلاغ چهل کلاغ ساختن ، کاه را کوه کردن","اصطلاح","","b1a77a59-1aa8-48b8-b1b3-18e2adc489c8"
"3260","en un abrir y cerrar de ojos","در یک پلک زدن","اصطلاح","","eee7553f-1fc0-4580-863c-f41779d99e79"
"3261","la suerte está echada","کار از کار گذشته ، تیر از چله کمان رها شده","اصطلاح","","867334f7-e369-4c31-aa3c-aeabb010cf45"
"3262","para chuparse los dedos","انگشت‌به‌دهان‌ماندنی ، انگشت‌لیسک‌زدنی","اصطلاح","","4945ddd4-a753-4f89-bf7c-7a28d85ddf7f"
"3263","se me hace la boca agua","دهانم آب افتاد","اصطلاح","","b5bffeb0-ef2a-4b14-92ed-783bc2e365f0"
"3264","cuesta un ojo de la cara","بسیار گران است ، مثل جان آدم می‌ارزد","اصطلاح","","e2d1f9c1-f266-490b-b66e-efc7ec780297"
"3265","eres mi media naranja","تو نیمه گم‌شده من هستی","اصطلاح","","fb4b87a4-9fe0-4fb1-8788-96b44b9ae28d"
"3266","... y vivieron felices para siempre","... و سال‌های سال به خوبی و خوشی زندگی کردند","اصطلاح","","45a76830-111c-4377-af28-dbc690d6df8b"
"3267","...y vivieron felices para siempre","... و تا ابد با خوشبختی زندگی کردند","اصطلاح","","13728db8-bde5-4970-9abf-af962a2beb93"
"3268","érase una vez ...","یکی بود یکی نبود...","اصطلاح","","0c22feb5-3795-45cf-a779-76459c4f3f43"
"3269","érase una vez …","روزی روزگاری…","اصطلاح","","0882f6ba-8107-4931-b56e-3ed2b21c6384"
"3270","érase una vez...","روزی روزگاری...","اصطلاح","","098ebc07-5089-48c4-b484-80df7564e60a"
"3271","¿Qué valor declaro?","چه ارزشی را اظهار کنم؟","اصطلاح","","2ae0d47f-7fba-43ab-95bd-7b894c1fed9f"
"3272","Buen provecho","نوش جان ، عافیت باشد","غذا","","f782eba7-0a91-4bb9-a2c8-5b84c77a0c43"
"3273","Chin chin","به سلامتی ، جیرجیر","غذا","","94c9232e-bffa-4c45-b820-b20be96376eb"
"3274","Saludos a todos","با درود به همه ، سلام به همگی ، درود بر همه","غذا","","644e1c1c-a9ac-41d4-af14-19087ceab831"
"3275","Sin lactosa","بدون لاکتوز ، بدون قند شیر","غذا","","08a1f01f-d863-461f-8de7-fa2f62dbdd15"
"3276","Tengo hambre","گشنه‌ام است ، من گرسنه هستم ، گرسنه‌ام","غذا","","4fe5b19e-fc51-4483-ba23-626aa5cc59ec"
"3277","Tengo sed","تشنه‌ام است ، من تشنه هستم ، تشنه‌ام","غذا","","e9dced7b-270f-4291-ad12-9d6944628ef2"
"3278","Tomo un té","چای می‌نوشم ، یک چای می‌خورم ، یک چای می‌نوشم","غذا","","9a442d1c-62e1-442b-b08d-bf32571004c7"
"3279","¡Chin chin!","به سلامتی!","غذا","","c798a6e9-211d-412b-bbc1-7a1a03db6c6c"
"3280","¿Qué me cuentas?","چه خبر؟ ، چی تعریف می‌کنی؟ ، چه خبرها؟","غذا","","1a7b7201-f904-421a-985a-e11e88420ee8"
"3281","me ha saltado el contestador","پیام‌گیر تلفن وصل شد ، تلفن روی پیغام‌گیر رفت ، منشی تلفنی پاسخ داد","غذا","","caf1425b-cc28-4a46-89cf-d8e988c61b8c"
"3282","Contéstame, por favor.","لطفاً پاسخ مرا بده. ، لطفاً جوابم را بده. ، لطفاً به من پاسخ بده.","غذا","","1b8d39f4-f023-474a-b8e0-7b0ad6650fe6"
"3283","Me quemé la lengua con el café caliente y perdí el sabor por varias horas","زبانم با قهوه داغ سوخت و تا چند ساعت حس چشایی‌ام را از دست دادم ، زبانم را با قهوه داغ سوزاندم و برای چند ساعت طعم را احساس نکردم","غذا","","8a357868-703c-472f-b7d1-ee34d4238c20"
"3284","¿Dónde está la sala de espera?","سالن انتظار کجا است؟ ، اتاق انتظار کجاست؟","غذا","","4bfbed69-4062-482b-a8fc-74f546e2e7c9"
"3285","Te voy a recetar algo","برای تو چیزی تجویز می‌کنم ، برایت دارویی می‌نویسم ، یک چیزی برایت تجویز خواهم کرد","غذا","","7cce8d03-dea8-4680-a05e-c74638a03da7"
"3286","¿Puede recetarme algo?","می‌توانید چیزی برایم تجویز کنید؟ ، می‌شود دارویی برایم بنویسید؟","غذا","","6a87931c-7b09-4c40-abf9-5be8340315f9"
"3287","¿Necesito una receta médica para comprar este medicamento?","آیا برای خرید این دارو به نسخه پزشک نیاز دارم؟ ، آیا خرید این دارو نسخه می‌خواهد؟","غذا","","d64ec9f5-70dd-4a0a-9f4a-be3b1eac033c"
"3288","¿Se necesita receta?","نسخه لازم است؟ ، آیا نسخه می‌خواهد؟","غذا","","118fb3d2-25ef-4c37-99c7-4215580dd0a3"
"3289","¿Antes o después de comer?","قبل از غذا یا بعد از غذا؟ ، پیش از خوردن یا پس از آن؟","غذا","","1dbdc2eb-5172-4adb-bcf9-ddfda30697a8"
"3290","¿Puedo beber alcohol?","آیا می‌توانم الکل بنوشم؟ ، مجاز به مصرف الکل هستم؟","غذا","","2f80008d-ffd8-4d72-af02-2668dd61d1f5"
"3291","¿Hay algo que deba evitar comer o hacer?","آیا چیزی هست که باید از خوردن یا انجام دادنش پرهیز کنم؟ ، آیا پرهیز غذایی یا رفتاری خاصی دارم؟","غذا","","b97273b0-5f68-43b0-b8fa-df6b7b62e042"
"3292","Chasqueé los dedos para llamar la atención del camarero en el restaurante lleno","در رستوران شلوغ برای جلب توجه پیشخدمت بشکن زدم ، انگشتانم را صدا درآوردم تا گارسون در رستوران شلوغ متوجه من شود","غذا","","4d6eb118-f2b0-446a-ac58-e1bbfb0146da"
"3293","Levanté el pulgar para mostrar mi aprobación cuando probé el delicioso plato de pasta","وقتی غذای خوشمزه پاستا را چشیدم، برای نشان دادن تاییدم شستم را بالا آوردم ، با چشیدن پاستای خوشمزه، به نشانه رضایت شست نشان دادم (علامت لایک دادم)","غذا","","29d3ef7a-129b-4449-963b-a3eee94f21d7"
"3294","Moví la cintura al ritmo de la salsa hasta que sentí un tirón en el costado izquierdo","کمرم را با ریتم موسیقی سالسا تکان دادم تا اینکه در سمت چپ بدنم احساس گرفتگی ، کشیدگی کردم ، با ریتم سالسا رقصیدم تا اینکه پهلوی چپم رگ‌به‌رگ شد","غذا","","577a7625-9e34-498b-8a89-36841509c5f2"
"3295","¡expúlsalo!","اخراجش کن! ، بیرونش بینداز! ، آن را دفع کن!","غذا","","6197cc25-7fae-430f-9732-abb220b0246d"
"3296","Nado cincuenta metros estilo crol en menos de treinta segundos","پنجاه متر شنای کرال را در کمتر از سی ثانیه می‌پیمایم ، من پنجاه متر کرال را زیر سی ثانیه شنا می‌کنم","غذا","","4a0d5002-8725-439d-89ba-bc8e25524fc3"
"3297","La jinete galopó a través del campo saltando los obstáculos con gran habilidad","اسب‌سوار زن با مهارت بسیار از روی مانع‌ها پرید و در دشت تاخت ، زن سوارکار با مهارت بالا از موانع گذشت و در صحرا تاخت","غذا","","395bfb81-a371-468b-9df0-c5fc6b2a0bd3"
"3298","Salté en paracaídas desde una altura de cuatro mil metros y superé mi miedo al vértigo","از ارتفاع چهار هزار متری با چتر نجات پریدم و بر ترسم از سرگیجه ، ارتفاع غلبه کردم ، با چتر از ارتفاع ۴۰۰۰ متری سقوط آزاد کردم و ترس از ارتفاعم از بین رفت","غذا","","2b26bc54-6ab3-4e2f-9f5c-f42356495a30"
"3299","disfrutar de un libro","لذت بردن از یک کتاب ، از خواندن کتاب لذت بردن","غذا","","c37695e4-7012-4674-a24f-c2a089c2931e"
"3300","¿cuándo sale el nuevo disco?","آلبوم جدید چه زمانی منتشر می‌شود؟ ، سی‌دی جدید کی به بازار می‌آید؟","غذا","","9f369246-a664-4615-97af-efb603d5cdf7"
"3301","¿A qué hora sale el tren?","قطار چه ساعتی حرکت می‌کند؟ ، چه ساعتی قطار راه می‌افتد؟","غذا","","f21cbb70-0307-489b-bc64-38d33cce9eb8"
"3302","salir de la vía","از ریل خارج شدن ، از مسیر منحرف شدن","غذا","","781bc604-b67d-4f71-9ccb-d1239c6ce46e"
"3303","¿Están incluidas las comidas?","آیا وعده‌های غذایی شامل می‌شود؟ ، آیا وعده‌های غذایی روی قیمت حساب شده است؟","غذا","","6a7f45b0-96ff-4a3e-be14-8a87edd8dea8"
"3304","¿A qué hora abre el restaurante?","رستوران چه ساعتی باز می‌شود؟ ، چه زمانی رستوران شروع به کار می‌کند؟","غذا","","dc99305e-b568-441b-91f8-f27a033f2f91"
"3305","¿Hay restaurante?","آیا رستوران وجود دارد؟ ، رستورانی هست؟","غذا","","9829b419-1cbb-4abe-9936-1b8891bba66e"
"3306","¿Tenéis restaurante?","شما رستوران دارید؟ ، آیا رستوران دارید؟","غذا","","669da202-5f33-4dfb-bfb7-d9e28276d9b8"
"3307","¿Puedo ver el menú?","می‌توانم منو را ببینم؟ ، آیا امکان دیدن صورت غذا هست؟","غذا","","2d8913a5-20d4-42b5-bebd-03c571edc808"
"3308","¿Cuál es la sopa del día?","سوپ روز چیست؟ ، سوپ مخصوص امروز چیست؟","غذا","","0ec715f6-1673-4d47-9d61-5f56d13870be"
"3309","¿Cuáles son los platos del día?","غذاهای مخصوص امروز چیستند؟ ، غذاهای روز کدامند؟","غذا","","73e65d62-92b1-410d-9569-f264aa3669d3"
"3310","El postre del día","دسر روز ، دسر مخصوص امروز","غذا","","3760f16e-705d-4ee7-9247-9a43fb07207e"
"3311","Pedimos el plato típico de la región y disfrutamos de la comida con vino local","غذای محلی منطقه را سفارش دادیم و از غذا همراه با نوشیدنی محلی لذت بردیم ، غذای سنتی آنجا را خواستیم و با نوشیدنی محلی خوردیم","غذا","","87e1e08a-ef75-46a0-92e6-b3bcf45cb2fd"
"3312","¿Tenéis arroz?","برنج دارید؟ ، آیا برنج موجود است؟","غذا","","352bcacf-1982-47f0-bcc4-c067867f7515"
"3313","¿Viene con ensalada?","همراه با سالاد سرو می‌شود؟ ، سالاد هم کنارش دارد؟","غذا","","62e8a790-9e2b-4d2d-b5a7-a325078f1dc0"
"3314","Para beber...","برای نوشیدن... ، به عنوان نوشیدنی...","غذا","","e01f9dd9-735c-4547-b716-5651bb54da37"
"3315","queremos algo de comer, por favor","لطفاً چیزی برای خوردن می‌خواهیم ، لطفاً یک چیزی برای خوردن به ما بدهید","غذا","","f0e88f90-7517-49e0-81c7-1eb8e8fdf2b9"
"3316","quiero desayunar, por favor","لطفاً می‌خواهم صبحانه بخورم ، صبحانه میل دارم، لطفاً","غذا","","85bcfe9a-29a8-4c89-a98e-0eeb5cc17f14"
"3317","la paella no lleva chorizo","پائیا (غذای اسپانیایی) سوسیس چوریزو ندارد ، در پائیا سوسیس چوریزو به کار نمی‌رود","غذا","","052a4bca-4fa4-48ec-93eb-a8e89e0b450b"
"3318","Mi madre cocina el mejor plato de paella los fines de semana para toda la familia","مادرم آخر هفته‌ها بهترین غذای پائیا را برای کل خانواده می‌پزد ، مادرم آخر هفته‌ها خوشمزه‌ترین پائیا را برای همه خانواده درست می‌کند","غذا","","5287005d-fea0-4034-8c94-bc0138ca618c"
"3319","¿hago una paella?","پائیا درست کنم؟ ، آیا غذای پائیا بپزم؟","غذا","","e263ec6e-5c38-4f75-82ce-31db1975d251"
"3320","el restaurante indio era definitivamente el mejor","رستوران هندی قطعاً بهترین بود ، بدون شک رستوران هندی بهترین گزینه بود","غذا","","be9d1bd8-bc43-42ee-a63f-66621fc15e1b"
"3321","¿vamos a comer?","می‌رویم غذا بخوریم؟ ، بریم ناهار ، غذا بخوریم؟","غذا","","9f6f5e59-3730-41db-84e1-01ed2da0c39a"
"3322","¿Vamos a cenar?","می‌رویم شام بخوریم؟ ، بریم شام؟","غذا","","8f0fab2c-51a2-40bf-8cd3-1f809620b1f0"
"3323","vamos a salir a tomar algo","می‌رویم بیرون چیزی بنوشیم ، بخوریم ، بریم بیرون یک چیزی بزنیم","غذا","","d29869cd-5e9c-4287-97c2-6aa18bb1cc5e"
"3324","¿Te apetece un café؟","قهوه میل داری؟ ، دلش را داری یک قهوه بخوریم؟ ، قهوه دوست داری؟","غذا","","b8d8cb19-b362-4dd7-a2bc-5dd954993f25"
"3325","La cuenta, por favor.","صورت‌حساب، لطفاً. ، فاکتور را لطف می‌کنید.","غذا","","5b647611-64fd-40fd-bf66-856b78a5a41e"
"3326","¿me trae la cuenta, por favor?","می‌شود لطفاً صورت‌حساب را برایم بیاورید؟ ، صورت‌حساب را می‌آورید لطفاً؟","غذا","","89b382b6-1d2d-45b3-a08f-5b5a14689fe9"
"3327","dejar propina","انعام دادن ، انعام گذاشتن","غذا","","490e2853-ee4b-4aba-8af3-908fa53f9178"
"3328","la propina","انعام ، انعام پرداختی","غذا","","c100c36f-6d69-4179-bd8f-74c0700d6286"
"3329","las propinas","انعام‌ها","غذا","","7f8b0159-3629-4e66-89b1-5b3b0eb44510"
"3330","sin gluten","بدون گلوتن","غذا","","50bd622a-8182-48cc-8ec1-3a4a13b32198"
"3331","sin alcohol","بدون الکل ، غیرالکلی","غذا","","6d498cc5-55ee-46fa-84bb-90fd8e1ee5e1"
"3332","estoy a dieta","رژیم دارم ، من در رژیم غذایی هستم","غذا","","351070e7-fc04-43db-9da1-2b76ee8edfdd"
"3333","Tengo una dieta equilibrada","رژیم غذایی متوازنی دارم ، من تغذیه متعادلی دارم","غذا","","b24f5732-96e8-447b-b668-988be2e43483"
"3334","no deberías comer tanta comida basura","نباید این‌قدر تنقلات و غذای ناسالم (تنبلانه) بخوری ، نباید این همه فست‌فود و غذای بی‌ارزش بخوری","غذا","","1c203ff8-2076-4a0b-a5c4-c65e4d89abcb"
"3335","a los franceses les encanta hablar de comida","فرانسوی‌ها عاشق حرف زدن درباره غذا هستند ، فرانسوی‌ها خیلی دوست دارند از غذا بگویند","غذا","","7347c500-d7df-49af-aa6e-306c5d9361c3"
"3336","¿cuánta leche hay en la nevera?","چقدر شیر در یخچال هست؟ ، چه مقدار شیر داخل یخچال داریم؟","غذا","","72407dc8-5d9a-4213-8562-76e1b569bd00"
"3337","ponme un kilo de tomates","یک کیلو گوجه به من بده ، یک کیلو گوجه‌فرنگی برایم بکش","غذا","","56cbbdc7-73de-49c8-8179-60093f7b7e9f"
"3338","quiero 200 gramos de queso","دویست گرم پنیر می‌خواهم ، ۲۰۰ گرم پنیر لطفاً","غذا","","4fd0cb1c-0933-49c4-941f-860fe8882f1b"
"3339","este vino va muy bien con el queso","این نوشیدنی با پنیر بسیار تناسب دارد ، این نوشیدنی خیلی به پنیر می‌آید","غذا","","f23adc97-e6e5-4a1f-b658-57ca2022a44c"
"3340","el año pasado te hicieron un pastel grande","سال گذشته برایت یک کیک بزرگ درست کردند ، پارسال یک کیک بزرگ برایت پختند","غذا","","45951e3d-5f2b-4856-b3f8-099e3a775f86"
"3341","¿quién se ha comido mi pastel?","چه کسی کیک مرا خورده است؟ ، کی کیکم را خورد؟","غذا","","0bda4ec4-2352-41d2-a739-20a01ac448b7"
"3342","¿compramos una cerveza en el descanso?","در زنگ تفریح ، استراحت یک نوشیدنی بخریم؟ ، بین نیمه ، استراحت بریم یک نوشیدنی بگیریم؟","غذا","","277ec0c8-f93b-45a8-94f8-850e7306f77d"
"3343","¿quieren más cerveza?","نوشیدنی بیشتری می‌خواهید؟ ، باز هم نوشیدنی میل دارید؟","غذا","","56fcfa12-aa8a-40a5-b99f-fe6d57e09a5c"
"3344","todavía me cabe el postre","هنوز برای دسر جا دارم ، هنوز معده‌ام برای دسر جا دارد","غذا","","7e717c7a-2620-48e1-ae7a-da3f932ae680"
"3345","me muero de hambre","از گرسنگی می‌میرم ، دارم از گرسنگی تلف می‌شوم","غذا","","646f46d2-bdae-4ae4-9a09-b5cede8c874b"
"3346","estoy llena","سیر شده‌ام (مؤنث) ، من جا ندارم و سیرم","غذا","","af6959a2-5c13-49e9-be45-b710d14fe91f"
"3347","Estoy lleno.","سیر شده‌ام (مذکر) ، من کامل سیر هستم","غذا","","3eb57a43-306c-40c1-bf67-9de1c8f83668"
"3348","voy a reventar","دارم منفجر می‌شوم (از پرخوری) ، از بس خوردم دارم می‌ترکم","غذا","","fee63f8c-26b8-4684-a9ee-dd8533120b58"
"3349","Como algo rápido.","یک چیز سریع می‌خورم ، سرسری یک چیزی می‌خورم","غذا","","284f77ea-d036-484f-b74e-63926a3861cf"
"3350","no tengo ganas de cocinar","حوصله آشپزی ندارم ، حسش نیست آشپزی کنم","غذا","","8560de1d-f6e7-41b4-849c-2e2667518be1"
"3351","hoy cocino yo","امروز من آشپزی می‌کنم ، امروز نوبت آشپزی من است","غذا","","7ad5f8ca-0534-44b9-acbb-92be30483b98"
"3352","se me da fatal cocinar","آشپزی‌ام افتضاح است ، اصلاً آشپزی بلدم نیستم","غذا","","c1c47c75-50d0-4eaa-be5b-4adaf6b2e619"
"3353","después bate los huevos","سپس تخم‌مرغ‌ها را هم بزن ، بعد از آن تخم‌مرغ‌ها را مخلوط کن","غذا","","d155d62f-b974-4a41-a917-2d4e89c2e177"
"3354","¿has añadido ya la mantequilla?","آیا کره را اضافه کرده‌ای؟ ، کره را زدی؟","غذا","","6cb2fa23-0150-4842-b015-372419333f42"
"3355","calentar al baño María","بن‌ماری کردن ، گرم کردن با حرارت غیرمستقیم آب (بن‌ماری)","غذا","","e6148d40-2182-4702-80c3-da450effb8e4"
"3356","receta de la abuela","دستور پخت مادربزرگ ، دستور غذایی مادربزرگ","غذا","","c9756521-5990-45f3-96fa-3985421d8ed5"
"3357","la nutrición/alimentación:","تغذیه ، خوراک:","غذا","","17147570-4cdb-4572-9dba-ee03296bc117"
"3358","hacer la digestión","هضم کردن غذا ، عمل هضم را انجام دادن","غذا","","e85c47ca-830d-489c-bafd-27e89c4efae2"
"3359","hacer de vientre","اجابت مزاج کردن ، شکم کار کردن","غذا","","e34be85f-cf92-4339-bf90-13276555a36c"
"3360","Ciruela pasa","آلو خشک ، آلو بخارا","غذا","","cb988009-74a9-4374-8264-f4c50025fc47"
"3361","Nueces de Brasil","گردوی برزیلی","غذا","","7e9e6bb9-3847-4cdf-8ca6-49c90b61deaf"
"3362","Semillas de lino","تخم کتان ، بذر کتان","غذا","","228ce5de-df2e-423f-85e2-80f9ef743934"
"3363","Perrito caliente","هات‌داگ","غذا","","45402621-c07b-42d1-a6cc-7c14315fa452"
"3364","Poco hecho.","کم‌پخته (استیک ، کباب) ، آبدار (استیک)","غذا","","4b7c2df2-b8cc-4668-9744-86f3871a53ee"
"3365","Al punto.","متوسط پخته (استیک) ، مدیوم","غذا","","f1040620-3b69-4835-9e38-a153fbd2fe78"
"3366","Muy hecho.","کاملاً پخته (استیک) ، کاملاً مغزپخت","غذا","","d2bce06f-4b48-4f9f-8734-b9320311e41b"
"3367","cuesta cincuenta euros","پنجاه یورو قیمت دارد ، ارزش آن ۵۰ یورو است","غذا","","8935c54d-7bd1-4de1-ae8a-67093533b07e"
"3368","Quiero abrir una cuenta.","می‌خواهم یک حساب باز کنم. ، تمایل به افتتاح حساب دارم.","غذا","","08dccf8f-0d0f-42c0-a7b7-7a4780eae66a"
"3369","Quiero cerrar una cuenta.","می‌خواهم یک حساب را ببندم. ، تمایل به مسدود کردن حساب دارم.","غذا","","cbe9f662-27bb-475b-9f82-8efa0b2881b0"
"3370","¿Puede imprimirme el saldo?","می‌توانید مانده حساب را برایم چاپ کنید؟ ، امکان چاپ موجودی هست؟","غذا","","84b0c01e-141b-4848-ba6e-93bb1d3693f1"
"3371","¿Se puede enviar comida؟","آیا امکان ارسال غذا هست؟ ، غذا را بیرون‌بر ارسال می‌کنید؟","غذا","","050f15f9-ca0e-4f7d-86d7-dd2ba112e7fc"
"3372","¿qué criterios utiliza la empresa para decidir aumentos salariales?","شرکت از چه معیارهایی برای تصمیم‌گیری در مورد افزایش دستمزدها استفاده می‌کند؟ ، ضوابط شرکت برای افزایش حقوق چیست؟","غذا","","11c3d67a-aed1-4cbb-af54-eddcf7a993d7"
"3373","¿cómo evitamos salirnos del tema?","چگونه از اصل موضوع منحرف نشویم؟ ، چطور جلوی پرت شدن از موضوع را بگیریم؟","غذا","","e248e57a-2a59-4143-898c-8e23bed5cdc2"
"3374","me asusté tanto que se me cayó el helado","آن‌قدر ترسیدم که بستنی‌ام افتاد ، چنان جا خوردم که بستنی از دستم افتاد","غذا","","a8206107-48e8-41e2-a6b6-1754ecb8bf9f"
"3375","de repente, me asusté mucho","ناگهان بسیار ترسیدم ، یک‌هو خیلی وحشت کردم","غذا","","31548d98-b8d4-49ee-b5cc-f9cef682b024"
"3376","¿qué tal te ha salido?","چطور از آب درآمد؟ ، نتیجه‌اش برایت چطور بود؟","غذا","","3dc109fc-edc3-4e81-bfaa-4e9bcc557b26"
"3377","he sacado un sobresaliente","نمره عالی گرفتم ، بالاترین نمره را کسب کردم","غذا","","f50cffc4-8f8c-44ee-9c17-1e7ca6b0c9f2"
"3378","Levanté la mano en clase para hacer una pregunta, pero el profesor no me vio","در کلاس دستم را بالا بردم تا سوالی بپرسم، اما استاد مرا ندید ، برای پرسیدن سوال دستم را در کلاس بالا بردم ولی معلم متوجه من نشد","غذا","","f866d3dd-fdc6-482e-b2de-3af7852c7c30"
"3379","el salón:","سالن پذیرایی ، اتاق نشیمن:","غذا","","7bb70a0f-99a8-44ac-8f73-e35c7c482150"
"3380","hoy no quiero salir de la cama","امروز نمی‌خواهم از تخت بیرون بیایم ، امروز حوصله بیرون آمدن از رختخواب را ندارم","غذا","","e3bdf940-f773-4133-85b5-42af2b23b70f"
"3381","Ha salido el sol.","خورشید طلوع کرده است. ، آفتاب درآمده است.","غذا","","6b1edfd6-94e8-47fd-9911-e5527b1a5f07"
"3382","la lluvia paró, así que salimos fuera","باران بند آمد، بنابراین رفتیم بیرون ، بارش باران قطع شد و ما به بیرون رفتیم","غذا","","4319e9b9-afd0-42c2-84d7-ea9b82f26f79"
"3383","nevó tanto que no pudimos salir fuera","آن‌قدر برف بارید که نتوانستیم بیرون برویم ، چنان برفی آمد که امکان خروج از خانه را نداشتیم","غذا","","b8c9fd48-10ee-4a6d-a1b8-07c0aba8860f"
"3384","dar de comer al gato","غذا دادن به گربه ، به گربه غذا دادن","غذا","","a8599327-0115-4b9d-9708-49b747db33e9"
"3385","es muy temprano para comer","برای غذا خوردن خیلی زود است ، هنوز خیلی زود است که غذا بخوریم","غذا","","7fe713c9-5030-4933-b677-fbf9786faed6"
"3386","es más bueno que el pan.","مثل فرشته‌ها مهربان است. ، خیلی آدم خوب و نازنینی است.","غذا","","fab7c97f-33c1-4dc3-89ec-01c9626afd46"
"3387","Es un trozo de pan.","خیلی مهربان و باخداست. ، آدم بسیار شریفی است.","غذا","","e6fba5ce-6ee0-43fe-810a-a41ce64c13dc"
"3388","Ser más bueno que el pan.","بسیار مهربان بودن. ، مثل فرشته‌ها پاک بودن.","غذا","","0f0ac8d8-5456-4d9c-aa3e-d34915654136"
"3389","Ser un trozo de pan.","بسیار مهربان و شریف بودن. ، بسیار دل‌رحم بودن.","غذا","","bf08be49-0cbb-40af-83a1-e6fea3776ecd"
"3390","afrontémoslo ...","بیایید با آن روبرو شویم... ، واقعیت را بپذیریم...","غذا","","10045905-1c40-48f9-864d-dc3c3139b74c"
"3391","afrontémoslo …","با مسئله کنار بیاییم… ، حقیقت را قبول کنیم…","غذا","","218c15fc-2e3e-442a-9730-17295c5de199"
"3392","afrontémoslo...","رک بگویم ، حقیقت را بپذیریم...","غذا","","df4c1bfe-30e0-457f-8c35-3b2b460c866e"
"3393","Estar que se sale.","فوق‌العاده بودن. ، در اوج بودن. ، عالی عمل کردن.","غذا","","8511286c-d0b8-4370-a407-809741af808d"
"3394","si te esfuerzas, todo saldrá bien","اگر تلاش کنی، همه چیز درست خواهد شد ، اگر زحمت بکشی، نتیجه خوب می‌شود","غذا","","61e89589-bfd8-4c90-9331-76117a379887"
"3395","¿Te das cuenta? / darse cuenta","متوجه می‌شوی؟ ، متوجه شدن ، حواست هست؟ ، پی بردن","غذا","","e68e8425-e94b-4a02-938e-c97c7a4b9a0b"
"3396","!deja de comer hamburguesas!","دست از خوردن همبرگر بردار! ، دیگر همبرگر نخور!","غذا","","728f4435-f6a7-4655-810e-bf798f3eb229"
"3397","!disfruta!","لذت ببر! ، خوش بگذرد!","غذا","","ce004b8c-3be5-444b-91e9-3d9cea711416"
"3398","todo va a salir bien","همه چیز درست خواهد شد ، همه چیز خوب پیش خواهد رفت","غذا","","161d36f1-510d-477f-b5f9-9b5885e1c43c"
"3399","Dale un saludo a...","سلام مرا به... برسان ، به... سلام برسان","غذا","","352d58eb-b9fd-4211-9fd4-ef559c4300ac"
"3400","el saldo","موجودی حساب ، مانده حساب","غذا","","05e71cab-d696-4d48-95a9-9328c03b4497"
"3401","la cuenta","صورت‌حساب ، حساب بانکی","غذا","","03d95827-688c-4daa-ae92-62c116ed9bc5"
"3402","el comercio","تجارت ، فروشگاه ، مغازه","غذا","","b0a1f460-13eb-4d90-ab5d-7085f4695ac1"
"3403","la salida","خروجی ، خروج","غذا","","d25ad971-4321-4011-ba1a-ab03dce7a8cf"
"3404","el almuerzo / la comida","ناهار ، غذا","غذا","","108c0059-ab74-4ddf-bc8f-1ee41c15ee12"
"3405","el plato","بشقاب ، غذای اصلی ، پرس غذا","غذا","","9b4febba-574d-4937-97da-c6d5d2cc34e7"
"3406","el pan","نان","غذا","","c096146b-c994-4288-813b-0aa8959ee042"
"3407","¿me pasas el pan?","نان را به من می‌دهی؟ ، نان را رد می‌کنی این‌ور؟","غذا","","b2665294-0df0-4034-ba90-56f902319634"
"3408","la carne","گوشت","غذا","","eba606d7-f763-4e75-81a7-bf7b6ec0080c"
"3409","el pescado","ماهی (ماهی صیدشده)","غذا","","8a25302d-496a-423d-8829-2cf8c781aec4"
"3410","la fruta","میوه","غذا","","b1c94cfd-fbbc-4575-b73e-3cc7cdbca362"
"3411","la verdura","سبزی ، سبزیجات","غذا","","01bb2bf6-38d9-41d5-b235-ff950804b8b2"
"3412","el postre","دسر","غذا","","703c6259-ff55-4a5f-8b9e-381d66aab0c3"
"3413","قهوه (توضیح: در اسپانیایی صحیح el café است) el té","چای","غذا","","5bd6d29c-457d-47ef-830a-86faf52104be"
"3414","la leche","شیر","غذا","","9adfb92a-cf7a-4db8-a8a5-d5232b819951"
"3415","el azúcar","شکر ، قند","غذا","","c9436d34-1ac6-48ad-ab0d-59d850b2b7a1"
"3416","la sal","نمک","غذا","","38085d33-bbac-4fcf-8798-fb7add184420"
"3417","el aceite","روغن","غذا","","c47c0b37-1513-4478-bfb3-3182571fe7f0"
"3418","la salud","سلامتی ، بهداشت","غذا","","325c7b13-1e05-4a5e-aebb-864b01fab847"
"3419","Tengo agujetas en los muslos después de hacer sentadillas pesadas en el gimnasio ayer","بعد از اسکات سنگین دیروز در باشگاه، ران‌هایم کوفته شده است ، پس از تمرین سنگین اسکات دیروز در باشگاه، عضلات رانم درد می‌کند","وسایل خانه","","a5cc1d5b-6a04-455c-8400-e4e6d398d153"
"3420","escucho la radio mientras desayuno","موقع صبحانه خوردن به رادیو گوش می‌دهم ، هنگام خوردن صبحانه رادیو گوش می‌کنم","وسایل خانه","","81feb162-2f7a-44c7-8c5e-ee030623f04d"
"3421","¿has visto el último episodio?","قسمت آخر را دیده‌ای؟ ، آیا اپیزود جدید ، آخر را تماشا کرده‌ای؟","وسایل خانه","","e0b16180-3734-4eed-a0cd-7493c303532b"
"3422","la luz de carretera","نور بالا (چراغ جاده) ، چراغ نور بالای خودرو","وسایل خانه","","5f0bea87-49b2-4934-9309-5799bb9f1bb4"
"3423","la luz de cruce","نور پایین (چراغ شهری) ، چراغ نور پایین خودرو","وسایل خانه","","3edae70f-c044-45f3-b43d-339507c56604"
"3424","la luz de freno","چراغ ترمز","وسایل خانه","","a8e8f952-49c5-4d68-919c-ce0e436da21e"
"3425","la luz de emergencia","چراغ خطر ، جفت راهنما ، چراغ اضطراری","وسایل خانه","","29454426-3626-4ee4-b5a2-8f24e6ae28b7"
"3426","el gimnasio está aquí mismo","باشگاه همین‌جا است ، سالن ورزشی درست همین‌جا قرار دارد","وسایل خانه","","e1a6cba3-9e19-4b14-806b-959a1628429c"
"3427","alquiler vacacional","اجاره تعطیلاتی ، اجاره کوتاه‌مدت برای تعطیلات","وسایل خانه","","6b1d3f59-6eda-4409-81c3-ca728a52ecb4"
"3428","Quiero dos camas.","دو تا تخت می‌خواهم. ، تخت دو تخته (توئین) می‌خواهم.","وسایل خانه","","16c8a491-6dcd-4b5d-bbc4-b2f6a3aa003e"
"3429","Quiero una cama de matrimonio.","یک تخت دونفره می‌خواهم. ، تخت دبل ، ازدواجی می‌خواهم.","وسایل خانه","","da63e7bc-32dd-41ee-973e-6878ca6546a8"
"3430","¿Tiene 2 camas?","آیا دو تا تخت دارد؟ ، اتاق دو تخته دارید؟","وسایل خانه","","183c7ab8-5f0a-40ba-8edf-13f05c0aed50"
"3431","¿Puedes traerme otra almohada?","می‌توانی یک بالش دیگر برایم بیاوری؟ ، امکان دارد بالش دیگری برایم بیاورید؟","وسایل خانه","","558877f1-0b49-478b-974e-809d03f6adf8"
"3432","¿de quién es esta almohada?","این بالش مال کیست؟ ، این بالش متعلق به چه کسی است؟","وسایل خانه","","89bf7436-dc01-4b09-80bd-44764422a32d"
"3433","las sábanas están sucias","ملحفه‌ها کثیف هستند ، ملافه‌ها کثیفی دارند","وسایل خانه","","e638d654-9735-4228-a148-e48f0ec00985"
"3434","la litera","تخت دوطبقه","وسایل خانه","","6408845f-4c05-4294-ad8f-bbd1c7e50af8"
"3435","La cama es incómoda.","تخت‌خواب ناخوشایند ، غیرراحت است. ، تخت راحتی ندارد.","وسایل خانه","","8f91a5aa-18f3-413a-bf7e-fbb99952987b"
"3436","la cama es muy cómoda","تخت‌خواب بسیار راحت است ، تخت خیلی راحتی است","وسایل خانه","","e7803d01-27a0-4c29-8543-7c626e75fdd2"
"3437","¿Hay aire acondicionado?","آیا تهویه مطبوع ، کولر هست؟ ، سیستم سرمایشی دارد؟","وسایل خانه","","1e334e9b-c094-4b7a-9106-601efa558348"
"3438","el váter está atascado","توالت گرفته است ، سیفون ، توالت مسدود شده است","وسایل خانه","","19f47525-58cc-4a7a-9bb9-93f4fdf426a7"
"3439","¿Hay gimnasio?","آیا باشگاه ورزشی هست؟ ، باشگاه دارد؟","وسایل خانه","","833466ff-5a80-4d14-9186-020830cd1799"
"3440","¿Tenéis piscina?","استخر دارید؟ ، آیا شما استخر دارید؟","وسایل خانه","","8126b059-f8ea-42ac-a3cc-25a327b38b6c"
"3441","¿Hay piscina?","آیا استخر هست؟ ، استخر دارد؟","وسایل خانه","","76dd29c6-58db-41d2-b77c-377fbda3f3aa"
"3442","Necesitamos toallas para la piscina","برای استخر به حوله نیاز داریم ، حوله برای استخر می‌خواهیم","وسایل خانه","","8f9357e0-275f-4681-9934-11b17d344c36"
"3443","¿Hay servicio de habitaciones?","آیا خدمات روم‌سرویس ، سرویس اتاق هست؟ ، خدمات اتاق دارد؟","وسایل خانه","","63400567-07d1-4abb-aa0f-8e34a3b96c93"
"3444","¿Tenéis servicio de habitaciones?","آیا خدمات سرویس اتاق دارید؟ ، روم‌سرویس دارید؟","وسایل خانه","","b1f01b52-3834-42d7-b9b8-9c608a12d19c"
"3445","¿Se admiten mascotas?","آیا حیوانات خانگی مجاز هستند؟ ، ورود حیوانات خانگی آزاد است؟","وسایل خانه","","440a32c0-8047-4197-9ae2-ca9d6ba20249"
"3446","¿Está incluido el desayuno?","آیا صبحانه شامل می‌شود؟ ، صبحانه روی آن است؟","وسایل خانه","","5a696072-9213-4880-a81b-7c9dcac3fa53"
"3447","el desayuno no está incluido","صبحانه شامل نمی‌شود ، صبحانه روی اجاره ، هزینه نیست","وسایل خانه","","102a7073-a84e-4467-8bb7-717cbb0bd02e"
"3448","el casero / la casera","صاحب‌خانه (مذکر ، مؤنث) ، موجر","وسایل خانه","","df7383d7-19ed-4767-b435-c954afa9d4d3"
"3449","el casero; la casera","صاحب‌خانه مرد ، صاحب‌خانه زن","وسایل خانه","","b423dfb7-6f74-4322-a519-6d573ed86d56"
"3450","la casera nos ha subido el alquiler","صاحب‌خانه اجاره را برای ما بالا برده است ، صاحب‌خانه کرایه را زیاد کرده است","وسایل خانه","","41251418-cf2a-4cb3-a3d2-a08840c3cfad"
"3451","compartir piso","هم‌خانه شدن ، شریک شدن در اجاره آپارتمان","وسایل خانه","","bd71039d-f21d-4cb8-840b-fc93315b3cd8"
"3452","el compañero de piso","هم‌اتاقی ، هم‌خانه‌ای ، دوست هم‌آپارتمانی","وسایل خانه","","fe9882a3-5d4f-4031-940e-84ae91b5300e"
"3453","vestir igual","لباس یک‌شکل ، همسان پوشیدن ، ست پوشیدن","وسایل خانه","","459d5db9-8130-4273-8704-12d4f0e4f004"
"3454","vestir de gala","لباس رسمی ، شب پوشیدن ، شیک و رسمی لباس پوشیدن","وسایل خانه","","c5d2ddd5-8470-410e-a73c-4560fed732ae"
"3455","el traje de baño","مایو ، لباس شنا","وسایل خانه","","48038cf2-5667-4bd0-9045-63b9ef4baddc"
"3456","me han cortado la luz","برق مرا قطع کرده‌اند ، برق خانه را قطع کردند","وسایل خانه","","2877ce98-1b03-42a5-a0e7-6b51658634c1"
"3457","la literatura","ادبیات","وسایل خانه","","b4ec98bb-7635-4592-98ba-35b998b6894e"
"3458","está entre la cocina y el salón","بین آشپزخانه و پذیرایی قرار دارد ، میان آشپزخانه و سالن است","وسایل خانه","","3f494aa0-8a01-430b-a343-c39b652d7ef4"
"3459","la cocina está en la segunda planta","آشپزخانه در طبقه دوم است","وسایل خانه","","93a4264c-7fd9-4767-842f-5fd5ad7ba459"
"3460","la primera planta","طبقه اول","وسایل خانه","","e37b3689-1e40-44a7-8ed9-0e946cdcaa62"
"3461","la segunda planta","طبقه دوم","وسایل خانه","","e9162963-ef27-462a-85d9-f1f5fe6c40b7"
"3462","la tercera planta","طبقه سوم","وسایل خانه","","82ca5eca-5df2-4d46-a5e8-1f31e91fc9e8"
"3463","el cuarto de baño","حمام و سرویس بهداشتی ، اتاق دستشویی ، حمام","وسایل خانه","","2181a6b2-8cae-4d73-a655-f8401b057263"
"3464","¿Dónde está el baño?","دستشویی ، حمام کجاست؟ ، سرویس بهداشتی کجاست؟","وسایل خانه","","3dbad8cb-f3d3-46bb-a91d-58ebf8f267e8"
"3465","el patio","حیاط خلوت ، پاسیو ، حیاط داخلی","وسایل خانه","","91ebebaf-0567-423d-a2d8-08e6635a9e44"
"3466","el jardín","باغ ، باغچه ، حیاط سبزمند","وسایل خانه","","ceb7b586-8f21-4649-8eb3-542560f910ca"
"3467","El jardín está lleno de flores silvestres que desprenden un aroma dulce y fresco","باغچه پر از گل‌های وحشی است که عطر شیرین و تازه‌ای پخش می‌کنند ، باغ پر از گل‌های خودرو است که بوی مطبوع و تازه‌ای دارند","وسایل خانه","","b396b83b-2412-4687-9c25-197befa8275a"
"3468","ahora mismo estamos cenando en el jardín","همین الان داریم در باغچه ، حیاط شام می‌خوریم ، در حال حاضر مشغول خوردن شام در حیاط هستیم","وسایل خانه","","7d1f71b8-9d30-4abd-98e1-d4f0c3b6b434"
"3469","ahora es la casa de José","الان خانه خوسه است ، اکنون این خانه متعلق به خوسه است","وسایل خانه","","a7b952db-50a7-47d1-a1a5-d9cf03139cc3"
"3470","la casa:","خانه:","وسایل خانه","","a7a46518-9d3a-4e0f-950f-7fe1be538b6c"
"3471","tus llaves están debajo del sofá","کلیدهای تو زیر کاناپه است ، کلیدهایت زیر مبل قرار دارند","وسایل خانه","","a47281f3-c6fd-4026-9e7a-84b0b33f48d4"
"3472","¿sabes dónde están mis llaves?","می‌دانی کلیدهای من کجا هستند؟ ، خبر داری کلیدهایم کجاست؟","وسایل خانه","","b0c2e240-3d5e-4631-b9f3-98f930f929c9"
"3473","tienes que pasar la aspiradora","باید جاروبرقی بکشی ، لازم است جارو بزنی","وسایل خانه","","8e0f3c02-8718-4ed8-880a-163e8762fcd1"
"3474","odio fregar los platos","از ظرف شستن متنفرم ، بدنم از شستن ظرف‌ها به لرزه می‌افتد ، تنفر دارم","وسایل خانه","","bc4d2e03-53c9-4237-8452-bc42b640b30f"
"3475","hay que separar la basura","باید زباله‌ها را تفکیک کرد ، جداسازی زباله‌ها الزامی است","وسایل خانه","","85c36b5f-62dc-47de-86cb-5ea24e3ad0fd"
"3476","sacar la basura","بیرون گذاشتن زباله ، زباله را بیرون بردن","وسایل خانه","","1f7675af-5bf7-40d7-831f-65758b0b41e9"
"3477","te toca sacar la basura","نوبت توست که زباله‌ها را بیرون ببری ، بیرون بردن آشغال‌ها با توست","وسایل خانه","","73bec79a-9d7f-409e-8c0f-38dd27bc2d83"
"3478","la basura","زباله ، آشغال","وسایل خانه","","8f273239-cb8f-460f-a331-46980a1c955f"
"3479","tender la ropa","پهن کردن لباس‌ها ، آویزان کردن لباس روی بند","وسایل خانه","","50fbd984-6024-488b-bca0-cd63a8e88e81"
"3480","¿me ayudas a tender la ropa?","به من در پهن کردن لباس‌ها کمک می‌کنی؟ ، کمکم می‌کنی لباس‌ها را روی بند پهن کنم؟","وسایل خانه","","2baebaa7-2b1c-4a06-8592-5dd91c75c316"
"3481","hacer recados","انجام کارهای بیرون از خانه ، خریدهای روزمره ، پیگیری کارهای اداری یا شخصی روزانه","وسایل خانه","","39acfe18-840e-4beb-b8d8-323f1a555500"
"3482","me voy a hacer recados","می‌روم کارهای بیرون از خانه را انجام دهم ، می‌روم دنبال کارهای روزمره‌ام","وسایل خانه","","3bc37081-b4f4-4dec-a1fc-ad47cdf5b6cd"
"3483","los recados","کارهای ریز روزمره ، خریدهای بیرون ، پیغام‌ها یا امور اداری و شخصی","وسایل خانه","","c4358ff5-ca27-4f44-84e9-4571fcbb07fa"
"3484","el cepillo de dientes","مسواک","وسایل خانه","","9f051b7f-aab9-43ac-b663-8a99dae39ff2"
"3485","me he olvidado el cepillo de dientes","مسواکم را فراموش کرده‌ام ، مسواکم یادم رفته است","وسایل خانه","","808d1202-da54-4593-bdc8-959d75e8cd86"
"3486","Me levanto de la cama.","از تخت‌خواب بلند می‌شوم. ، از رختخواب برمی‌خیزم.","وسایل خانه","","1122c171-a533-4f75-8da8-4147f167c68f"
"3487","Apago el despertador.","ساعت زنگ‌دار را خاموش می‌کنم. ، آلارم را قطع می‌کنم.","وسایل خانه","","c873e390-1e40-4f6d-8a34-fbad8a79faf2"
"3488","Suena el despertador.","ساعت زنگ می‌زند. ، زنگ ساعت به صدا درمی‌آید.","وسایل خانه","","cbddc248-9311-4ec8-b35a-3a86a50efa60"
"3489","el despertador","ساعت زنگ‌دار ، آلارم","وسایل خانه","","ba41f80e-a3fb-4e4e-8fe2-bb4f46c9056d"
"3490","Me voy a la cama.","می‌روم بخوابم. ، راهی تخت‌خواب می‌شوم.","وسایل خانه","","92dac72b-f747-46ab-8382-91eb7e9714e9"
"3491","sugiero que te vayas a la cama ahora","پیشنهاد می‌کنم همین الان بروی بخوابی ، توصیه می‌کنم الان به رختخواب بروی","وسایل خانه","","a08fdb55-6b9c-41de-8954-2ec6a67c6e02"
"3492","el vaso","لیوان","وسایل خانه","","836d416e-4d95-43c2-af37-071c751e9d66"
"3493","la cortina:","پرده:","وسایل خانه","","620aafb9-901c-487a-9831-0534089606e4"
"3494","Placa de inducción","اجاق گاز القایی ، صفحه القایی","وسایل خانه","","b555ae24-6751-461b-ad14-e57a8111089c"
"3495","estaré en casa a las cuatro en punto","ساعت چهار تمام در خانه خواهم بود ، راس ساعت چهار منزل هستم","وسایل خانه","","38a14345-6d16-4bd9-b927-b3afe7c0f742"
"3496","el piso","آپارتمان ، کف زمین ، طبقه","وسایل خانه","","9cabff00-bfe5-4c20-b2c1-60859005a27b"
"3497","la cama","تخت‌خواب","وسایل خانه","","3200a384-f0dd-447d-a6fe-042b84750e13"
"3498","el desayuno","صبحانه","وسایل خانه","","0f72a654-c0bf-402e-aa28-8cbaf4039af4"
"3499","ayer ayudé a mi padre en la cocina","دیروز به پدرم در آشپزخانه کمک کردم","وسایل خانه","","f1aa59c4-2b19-461e-9cdd-8f3e8d522996"
"3500","Disculpa","ببخشید ، عذر می‌خواهم","خانواده","","388087a2-8f70-4992-8d85-37c386b4c2bc"
"3501","perdón","ببخشید ، پوزش می‌خواهم","خانواده","","27890bbc-8bc4-4226-bef5-6db897a6ae0a"
"3502","Perdóname","مرا ببخش ، از من درگذر","خانواده","","eaefb856-d1bf-4425-93ab-e4a70c4c3d71"
"3503","disculpa las molestias","ببخشید بابت مزاحمت‌ها ، عذر می‌خواهم بابت زحمت","خانواده","","0efc3602-8f3c-4fbc-af5e-ed133c7be48c"
"3504","Mil disculpas.","هزاران بار عذر می‌خواهم. ، خیلی متأسفم.","خانواده","","42c4f973-e570-41b1-9cd9-f5bbb7d23ed6"
"3505","Perdón, ¿me dejas pasar?","ببخشید، اجازه می‌دهید رد شوم؟ ، عذر می‌خواهم، مسیر را باز می‌کنید؟","خانواده","","fd299d7e-4198-4705-b1de-7c9897264a8a"
"3506","una solicitud de amistad","درخواست دوستی","خانواده","","1aec8cba-240f-4076-8248-182932057a32"
"3507","tu padre me ha enviado una solicitud de amistad","پدرت برای من درخواست دوستی فرستاده است","خانواده","","1c1ff649-611d-4eca-88b9-86c5c45d9d2b"
"3508","mi abuela se ha hecho Instagram","مادربزرگم اینستاگرام نصب کرده است ، پیج زده است ، مادربزرگم عضو اینستاگرام شده است","خانواده","","3d4f6721-9170-482d-aebd-a4a0119ca641"
"3509","Las mejillas de mi hija se sonrojaron cuando recibió el cumplido del profesor","گونه‌های دخترم وقت تعریف استاد سرخ شد ، وقتی معلم از دخترم تعریف کرد، لپ‌هایش گل انداخت","خانواده","","f04c05b9-f516-4062-9e4f-d3aeac800036"
"3510","el equipo de mi hermano tiene bastantes probabilidades de ganar","تیم برادرم شانس زیادی برای بردن دارد ، احتمال برد تیم برادرم بسیار بالاست","خانواده","","fd5d86db-fb33-47ce-b21a-706a429ddce7"
"3511","¿a tu amigo le gustan las comedias?","آیا دوستت فیلم‌های کمدی دوست دارد؟ ، دوستت از فیلم‌های طنز خوشش می‌آید؟","خانواده","","58e78b8d-7064-4fe3-9f36-6391579db871"
"3512","¿qué tipo de películas prefiere tu amigo?","دوستت چه نوع فیلم‌هایی را ترجیح می‌دهد؟ ، دوستت چه سبک فیلمی دوست دارد؟","خانواده","","c2c6dc65-34b2-4af5-a567-4fbfedc1ed19"
"3513","nuestra madre siempre ve las noticias","مادر ما همیشه اخبار را نگاه می‌کند","خانواده","","5e3edd6a-e52a-47c3-ad31-91e52bd164cb"
"3514","mi marido dijo: ""espero que no nos perdamos""","شوهرم گفت: «امیدوارم گم نشویم»","خانواده","","9f1add3c-0a2c-4417-af94-74da9165f801"
"3515","Compré una artesanía típica en el mercado local para llevar a mi familia","از بازار محلی یک صنایع‌دستی سنتی خریدم تا برای خانواده‌ام ببرم ، برای خانواده‌ام سوغاتی صنایع دستی از بازار محلی خریدم","خانواده","","3dd017b8-cc5d-4e0c-87bf-d30e970970de"
"3516","ese no es el collar de mi abuela","آن گردنبند مادربزرگم نیست","خانواده","","ab197d01-5d8e-427e-a961-dcce9f6cd268"
"3517","mi madre también quiere un reloj","مادرم هم یک ساعت می‌خواهد","خانواده","","9a00138e-20dd-477d-8660-eaa0403f65b0"
"3518","la buena relación calidad-precio","نسبت خوب کیفیت به قیمت (ارزش خرید بالا) ، تناسب کیفیت و قیمت","خانواده","","e067a4a2-d948-474c-beef-21840ed786c8"
"3519","¿cómo evalúas mi relación con los demás?","رابطه مرا با دیگران چگونه ارزیابی می‌کنی؟ ، روابط من با بقیه را چطور می‌بینی؟","خانواده","","4e6e8e65-1dc4-4523-bfef-a79a23113cd0"
"3520","estaba celoso de mis amigos","به دوستانم حسادت می‌کرد ، نسبت به دوستانم حسودی می‌کرد","خانواده","","54360c0b-56f1-4507-851b-bc3f62e88d8e"
"3521","este es el color favorito de mi padre","این رنگ مورد علاقه پدرم است","خانواده","","7b576ff8-ba98-4d60-9c1c-00d16f2b59c2"
"3522","¡ay, madre!","وای مادرم! ، ای وای! ، ای داد بیداد!","خانواده","","30c7f04f-f00d-434e-a01e-d81462326626"
"3523","madre de la ciencia","سرچشمه دانش ، مادر علم","اصطلاح","","9e1b6528-5bb5-4031-aa43-3fdb6078db17"
"3524","... el hombre cuya hermana trabaja para el presidente","... مردی که خواهرش برای رئیس‌جمهور کار می‌کند","خانواده","","2382fa84-c0e3-4cca-886d-3e56f03c1fab"
"3525","… el hombre cuya hermana trabaja para el presidente","... مردی که خواهرش برای رئیس‌جمهور کار می‌کند","خانواده","","e51dee05-49a1-45f7-9f3a-eb6e30af301b"
"3526","tengo que comprar un regalo para mi madre","باید برای مادرم هدیه بخرم","خانواده","","04645d72-c026-4ff6-9167-cc112615aac5"
"3527","me crié en una familia judía","من در یک خانواده یهودی بزرگ شدم ، در خانواده‌ای یهودی پرورش یافتم","خانواده","","8b121d80-0c6b-44bf-8abe-fc870b633b70"
"3528","la relación","رابطه ، ارتباط","خانواده","","ff128a83-a3d5-4d14-8c85-310e2a9a25d7"
"3529","el amor","عشق ، محبت","خانواده","","090b4e34-3587-49c6-b500-db56505c0550"
"3530","el afecto","مهر و علاقه ، عاطفه","خانواده","","ad6316c0-18a2-45ec-aa8c-3e1c989c02df"
"3531","la amistad","دوستی","خانواده","","5d1c7117-8cac-4467-adbd-92fb938f6c89"
"3532","la enemistad","دشمنی ، خصومت","خانواده","","d4b333c2-adec-4e26-9a7b-34f54b0b9bb0"
"3533","el perdón","بخشش ، عفو","خانواده","","ea68c283-8156-42af-be23-b2cd7e10ca39"
"3534","pedir perdón","عذرخواهی کردن ، طلب بخشش نمودن","خانواده","","176291bd-72c8-4e7f-8f94-db9fdff9813f"
"3535","la disculpa","عذرخواهی ، پوزش","خانواده","","99f51126-0195-4db5-a018-8e91ec0478a7"
"3536","el recuerdo","خاطره ، یادگاری","خانواده","","ba16e40d-f3b4-4697-ad8b-5de5c9a85a26"
"3537","un recuerdo","یک خاطره ، یک سوغاتی","خانواده","","ce780220-68c1-4155-a35e-2c4a46091fe0"
"3538","llevar un recuerdo","سوغاتی بردن ، یادگاری همراه داشتن","خانواده","","2e3a7ae8-85e0-4275-846e-9e9ccba57abc"
"3539","recordar al cónyuge","یاد کردن از همسر ، به یاد آوردن همسر","خانواده","","c87f2078-455f-4e9d-a09c-4c523f9412c6"
"3540","Recuerdos a...","سلام به... برسانید ، یاد و سلام مرا به... برسانید","خانواده","","32d1e427-29fc-421d-afd8-aa5054c77624"
"3541","apellido paterno","نام خانوادگی پدری","خانواده","","5925017f-4108-450a-b165-191b9561d54a"
"3542","apellido materno","نام خانوادگی مادری","خانواده","","e84851f6-9824-42c9-8de3-e555ec58fb6e"
"3543","En España se usan dos apellidos, el primero es el paterno y el segundo el materno oficialmente","در اسپانیا رسماً از دو نام خانوادگی استفاده می‌شود ، اولی پدری و دومی مادری است","خانواده","","fd4f3631-08d5-4e49-8628-f19967e791bb"
"3544","Igualmente","همچنین ، من هم همین‌طور","بدن و پزشکی","","90747ace-1aa8-497d-9f69-94e15e41e1dd"
"3545","Un abrazo","با آغوش گرم (عبارت پایانی در نامه‌ها و پیام‌ها) ، یک بغل ، بغلم کن","بدن و پزشکی","","6136814e-fa15-45ee-92d8-f410cb4e08f5"
"3546","Absolutamente","کاملاً ، قطعاً ، مطلقاً","بدن و پزشکی","","75a0c9fa-d144-47c3-8175-e602a43a02db"
"3547","Pues no me encuentro bien. Llevo tres días con fiebre alta, tos seca y mucho dolor de cabeza","خب حال خوبی ندارم ، سه روز است که تب بالا، سرفه خشک و سردرد شدید دارم ، احساس خوبی ندارم، سه روز است دچار تب بالا، سرفه‌های خشک و سردرد شدید شده‌ام","بدن و پزشکی","","73c0e4ac-4628-4e3c-99fa-14de5d8a3df3"
"3548","Apoyé la mano en mi frente para ver si tenía fiebre, pero estaba normal","دستم را روی پیشانی‌ام گذاشتم تا ببینم تب دارم یا نه، اما معمولی بود ، دست روی پیشانی‌ام گذاشتم تا تبم را چک کنم اما دمای بدنم طبیعی بود","بدن و پزشکی","","535fe0d2-4b68-4bec-b039-4f9dd85c80a0"
"3549","¿Tiene algo para el dolor de cabeza?","چیزی برای سردرد دارید؟ ، دارویی برای تسکین سردرد موجود دارید؟","بدن و پزشکی","","256c45fa-6dad-4e2d-8479-98ace0abe3ff"
"3550","Me duele la garganta al tragar, así que voy a hacerme gárgaras con agua y sal para aliviarla","موقع قورت دادن گلودرد دارم، بنابراین برای تسکین آن آب‌نمک قرقره می‌کنم ، هنگام بلعیدن گلویم درد می‌کند، می‌خواهم آب‌نمک غرغره کنم تا بهتر شود","بدن و پزشکی","","464fbcbd-abc9-40d4-b629-87ea24cab79c"
"3551","Algo para el dolor de garganta, por favor","لطفاً چیزی برای گلودرد به من بدهید ، یک دارو برای گلودرد، لطفاً","بدن و پزشکی","","2b98ba66-5294-454e-a85f-befe785d5975"
"3552","Tiene una infección de garganta. Le voy a recetar un antibiótico","شما عفونت گلو دارید ، برایتان آنتی‌بیوتیک تجویز می‌کنم ، گلویتان عفونت کرده است، یک آنتی‌بیوتیک برایتان می‌نویسم","بدن و پزشکی","","1df66eff-9a2c-48f9-8c53-114afa622b64"
"3553","Me duelen los pies después de caminar ocho kilómetros con zapatos nuevos que no eran cómodos","پاهایم بعد از هشت کیلومتر راه رفتن با کفش‌های جدید و ناراحت درد می‌کند ، بعد از هشت کیلومتر پیاده‌روی با کفش‌های نوی غیراستاندارد، پادرد گرفته‌ام","بدن و پزشکی","","68bd3c39-6c7b-44dc-9402-4b29c83125c5"
"3554","Tengo dolor en el cuello.","گردن‌درد دارم. ، در ناحیه گردن احساس درد می‌کنم.","بدن و پزشکی","","92af6e71-0b46-498e-8265-aa421121adc4"
"3555","¡No puedo respirar!","نمی‌توانم نفس بکشم! ، نفسم بالا نمی‌آید!","بدن و پزشکی","","b970ba21-f7f1-4f22-962f-cb7c61d1adf1"
"3556","Tengo una tos muy fea","سرفه بسیار بدی دارم ، سرفه‌های خیلی شدیدی می‌کنم","بدن و پزشکی","","1c6d560c-c32f-4075-80ed-ef6902466d48"
"3557","Me he torcido el tobillo","مچ پایم پیچ خورده است","بدن و پزشکی","","4151acd4-ce3a-40c7-a803-a4e5402324b7"
"3558","Me torcí el tobillo derecho mientras bajaba las escaleras y ahora está hinchado como una pelota","موقع پایین آمدن از پله‌ها مچ پای راستم پیچ خورد و الان مثل توپ باد کرده است ، هنگام پایین رفتن از پله‌ها مچ پای راستم آسیب دید و الان کاملاً متورم شده است","بدن و پزشکی","","c9afaaef-e32c-436b-8057-407c30d9afce"
"3559","Me golpeé el dedo gordo del pie contra la pata de la cama y casi grito del dolor","انگشت شست پایم به پایه تخت خورد و از درد نزدیک بود داد بزنم ، شست پایم گیر کرد به پایه تخت و از شدت درد نزدیک بود فریاد بکشم","بدن و پزشکی","","c7c34775-88ff-4eb8-a07c-45ad5904aa42"
"3560","Me rompí el hueso del brazo jugando al fútbol y tuve que llevar escayola durante seis semanas","استخوان دستم هنگام فوتبال بازی کردن شکست و مجبور شدم شش هفته آن را در گچ نگه دارم ، در بازی فوتبال استخوان بازویم شکست و شش هفته آتل ، گچ داشتم","بدن و پزشکی","","ca4e5501-fa65-4b1b-b0a3-92395a779755"
"3561","¿cómo te rompiste la nariz?","بینی‌ات چطور شکست؟ ، چگونه دماغت آسیب دید و شکست؟","بدن و پزشکی","","3111b146-817b-4a3d-a438-feef2491aa20"
"3562","el médico cree que tienes la pierna rota","پزشک معتقد است که پایت شکسته است ، دکتر فکر می‌کند پایت دچار شکستگی شده است","بدن و پزشکی","","1f60a9c6-f317-4268-97fa-314ac933f974"
"3563","Me arrodillé para atarme los cordones de los zapatos y la rodilla crujió ligeramente","زانو زدم تا بند کفش‌هایم را ببندم و زانویم صدا داد (تق کرد) ، روی زانو نشستم تا بند کفشم را ببندم و زانویم صدای کمی داد","بدن و پزشکی","","32901624-e540-40a1-a648-c808e383452a"
"3564","Incliné la cabeza hacia atrás para mirar el techo y sentí un dolor en la nuca","سرم را به عقب خم کردم تا به سقف نگاه کنم و در پشت گردنم احساس درد کردم ، سر را به عقب بردم تا سقف را ببینم وپشت گردنم درد گرفت","بدن و پزشکی","","72400996-bb6b-4f5c-a73a-ccc5099c775d"
"3565","¡Tengo un ataque de ansiedad!","دچار حمله اضطراب (پانیک) شده‌ام! ، حمله استرس شدید دارم!","بدن و پزشکی","","fd3967a7-3b3c-4021-81f5-2e5f4bd4c7dd"
"3566","¡Se ha desmayado!","او غش کرده است! ، از هوش رفته است!","بدن و پزشکی","","fab2f3fb-af13-4f37-96b7-b524655a2de4"
"3567","Llamo para pedir cita con el médico","تماس می‌گیرم تا از دکتر وقت بگیرم ، زنگ می‌زنم برای گرفتن نوبت پزشکی","بدن و پزشکی","","e60d3e60-fb2e-4d8c-87a8-a75a7a5d9be4"
"3568","Quisiera pedir una cita con el médico de cabecera","می‌خواهم از پزشک عمومی وقت بگیرم ، مایل به گرفتن نوبت از دکتر خانواده ، عمومی هستم","بدن و پزشکی","","e78e2cfa-c5dc-41d5-badc-593982f6e734"
"3569","Quisiera pedir una cita con el médico, por favor","لطفاً می‌خواهم یک وقت ملاقات با پزشک بگیرم ، لطفاً یک نوبت دکتر به من بدهید","بدن و پزشکی","","bcd30b5d-06c8-47f3-b7ca-6f9b4ab22d59"
"3570","Quisiera pedir una cita para ver al Dr.","می‌خواهم برای دیدن دکتر ... وقت بگیرم","بدن و پزشکی","","141afb4e-aff6-43a6-839b-f627c59cac75"
"3571","¿Puedo pedir cita?","می‌توانم نوبت بگیرم؟ ، امکان دریافت وقت ملاقات هست؟","بدن و پزشکی","","cf5da56c-5805-4818-abdd-926c45e4153b"
"3572","¿Necesito cita?","آیا به وقت قبلی نیاز است؟ ، نوبت می‌خواهد؟","بدن و پزشکی","","caa47a7c-8c20-44ac-9bbe-d8799c748c65"
"3573","Vengo a por una cita.","برای وقت ملاقاتم آمده‌ام. ، برای نوبتی که داشتم مراجعه کرده‌ام.","بدن و پزشکی","","108025a9-544c-45cc-96ea-48fe8f9d4bd3"
"3574","Es urgente, ¿tiene cita para hoy?","اورژانسی است، آیا برای امروز وقت خالی دارید؟ ، عجله‌ای است، برای امروز نوبت می‌دهید؟","بدن و پزشکی","","b13c2347-d035-4b90-9e52-1f5c4165af5f"
"3575","¿Podría darme hora para el doctor ?","می‌توانید برای دکتر به من وقت بدهید؟","بدن و پزشکی","","9ba0d23b-d9a5-4cd7-9083-154836b3ea32"
"3576","El doctor está un poco retrasado","دکتر کمی تأخیر دارد ، پزشک کمی دیر کرده است","بدن و پزشکی","","feba7733-f401-464c-b4a5-bb6c8b88ebba"
"3577","En unos minutos le llaman","تا چند دقیقه دیگر صدایتان می‌زنند ، تتان را می‌خوانند ، چند دقیقه دیگر با شما تماس می‌گیرند یا صدایتان می‌کنند","بدن و پزشکی","","d4eb5c10-597c-4ffb-90bf-5ce4f0eacd3b"
"3578","¿Cuáles son sus síntomas?","علائم شما چیست؟ ، چه نشانه‌هایی دارید؟","بدن و پزشکی","","8f9da8e7-7453-41b3-bdf9-b47d7c696e55"
"3579","¿Desde cuándo tiene los síntomas?","از چه زمانی این علائم را دارید؟ ، چند وقت است این نشانه‌ها را احساس می‌کنید؟","بدن و پزشکی","","054d5f55-74f2-46ab-ad42-c1bdce51ed63"
"3580","¿Tiene usted mi historial médico?","آیا پرونده پزشکی مرا دارید؟ ، سابقه پزشکی من نزد شماست؟","بدن و پزشکی","","8b03c5dc-8149-4c42-ad51-d0b5db67e00a"
"3581","Voy a tomarle la temperatura","می‌خواهم تب ، دمای بدن شما را اندازه‌گیری کنم ، درجه حرارت بدنتان را می‌گیرم","بدن و پزشکی","","25020825-f295-4baa-bfa7-12e5c444b094"
"3582","¿Ha medido la temperatura?","آیا دما ، تب را اندازه‌گیری کرده‌اید؟ ، تب‌سنج زده‌اید؟","بدن و پزشکی","","0e9cd822-5bf7-4cf3-92cc-e2307731f90c"
"3583","Voy a medirle la presión arterial","می‌خواهم فشار خون شما را بگیرم ، فشار خونتان را اندازه‌گیری می‌کنم","بدن و پزشکی","","7fef4b6a-8723-473c-a3a5-03c702e8ba9c"
"3584","Voy a escucharle los pulmones","می‌خواهم به صدای ریه‌هایتان گوش دهم ، ریه‌های شما را معاینه (معاینه با گوشی) می‌کنم","بدن و پزشکی","","359a29bc-f59d-4222-b328-1d21d39dc2a8"
"3585","Voy a escucharle los pulmones. Respire profundamente, por favor","می‌خواهم به صدای ریه‌هایتان گوش دهم ، لطفاً نفس عمیق بکشید","بدن و پزشکی","","21b90dbb-aa7b-4cb0-b220-81f4a6fb4a95"
"3586","El médico escuchó mis pulmones con el estetoscopio y dijo que estaban limpios y sanos","پزشک با گوشی پزشکی به ریه‌هایم گوش داد و گفت که پاک و سالم هستند ، دکتر ریه‌هایم را معاینه کرد و گفت هیچ مشکلی ندارند","بدن و پزشکی","","5212931a-91dc-4485-ba7e-54a97e5fdc2c"
"3587","tengo que examinarle el pecho","باید قفسه سینه شما را معاینه کنم","بدن و پزشکی","","ce7eaeb3-d829-414d-86b8-3a1f4a95c12a"
"3588","Abrí la boca para que el dentista revisara la caries en la muela del juicio","دهانم را باز کردم تا دندان‌پزشک پوسیدگی دندان عقل را بررسی کند ، دهانم را گشودم تا پوسیدگی دندان عقلم معاینه شود","بدن و پزشکی","","cf374c6b-1d9e-4531-8ca4-d8f30aef171c"
"3589","Abrí los ojos lentamente cuando el médico me hizo la prueba de luz con la linterna","وقتی پزشک با چراغ‌قوه تست نور را انجام داد، چشم‌هایم را به‌آرامی باز کردم","بدن و پزشکی","","14bbe17d-41b1-43ee-a86d-1652a850fe09"
"3590","¿Necesito hacerme alguna prueba o análisis?","آیا لازم است آزمایش یا تستی انجام دهم؟ ، نیاز به آزمایش دادن دارم؟","بدن و پزشکی","","dffc3001-cecd-4015-87a4-489adcc16bb8"
"3591","¿Cuál es el diagnóstico?","تشخیص چیست؟ ، پزشک چه تشخیصی داده است؟","بدن و پزشکی","","f97f0a29-8547-456c-af3d-06471873f2d7"
"3592","¿Qué significa este diagnóstico?","این تشخیص به چه معناست؟","بدن و پزشکی","","f990a20d-9947-4774-881e-724781ebd793"
"3593","¿Cuál es el tratamiento que debo seguir?","درمانی که باید دنبال کنم چیست؟ ، چه روند درمانی را باید طی کنم؟","بدن و پزشکی","","9f9900d7-0bd9-4dea-b40e-487c3b5cca0d"
"3594","este tratamiento hace efecto inmediatamente","این درمان بلافاصله اثر می‌کند ، تاثیر این روش درمانی فوری است","بدن و پزشکی","","d96ea365-1504-4de8-b919-c436fdc48ef2"
"3595","Le voy a recetar un medicamento","برای شما یک دارو تجویز می‌کنم ، دارویی برایتان می‌نویسم","بدن و پزشکی","","ef8d89b3-50b1-4cd9-a770-f6d8ff6e5869"
"3596","Necesito urgentemente los medicamentos que me recetó el médico","فوری به داروهایی که پزشک برایم تجویز کرده نیاز دارم","بدن و پزشکی","","339f53a6-8cd7-4c4b-b306-1ad66e772297"
"3597","el médico me ha recetado antibióticos","پزشک برایم آنتی‌بیوتیک تجویز کرده است","بدن و پزشکی","","0afcf431-9ead-4b15-b163-9aef59a5dd8a"
"3598","Tome este medicamento cada 8 horas","این دارو را هر ۸ ساعت یک بار مصرف کنید","بدن و پزشکی","","8567d12c-1198-4eac-9076-e4ed20f9579b"
"3599","¿Cómo debo tomar el medicamento?","دارو را چگونه باید مصرف کنم؟ ، نحوه مصرف این دارو چطور است؟","بدن و پزشکی","","919416cd-c777-45ad-b9d7-95b13b8bd605"
"3600","¿Cómo debo tomar este medicamento?","این دارو را باید چطور مصرف کنم؟","بدن و پزشکی","","e10d9890-2a63-4af3-a179-7759bbbd9018"
"3601","el médico dice que tengo que descansar","پزشک می‌گوید باید استراحت کنم","بدن و پزشکی","","27e7cbf8-ef20-422a-99ff-face94fdb660"
"3602","El médico me dijo que debo reducir el alcohol para cuidar mi hígado y mejorar los análisis","پزشک به من گفت برای مراقبت از کبد و بهبود آزمایش‌ها باید مصرف الکل را کاهش دهم","بدن و پزشکی","","4f5c0173-1d13-4be0-a64b-f608c31e029b"
"3603","El doctor me recomendó ejercicios específicos para proteger mi columna vertebral de lesiones futuras","دکتر برای محافظت از ستون فقراتم در برابر آسیب‌های آینده، تمرینات خاصی را توصیه کرد","بدن و پزشکی","","0062e04f-990c-47c6-aee2-9a64f1963f2b"
"3604","¿Debo de abstenerme de tomar alcohol u otro medicamento?","آیا باید از مصرف الکل یا داروی دیگری پرهیز کنم؟","بدن و پزشکی","","8ac47972-fb6e-4239-a198-317bb2af14f8"
"3605","¿Tiene la medicina efectos secundarios?","آیا این دارو عوارض جانبی دارد؟","بدن و پزشکی","","e9a105c8-01f9-49b0-8d6e-967492fb2c40"
"3606","¿Este medicamento tiene algo que puede causar una reacción alérgica?","آیا این دارو حاوی چیزی است که باعث واکنش حساسیت‌زا (آلرژیک) شود؟","بدن و پزشکی","","76e88657-35c3-435d-9ba9-e58e7b691195"
"3607","¿Existe una forma genérica del medicamento?","آیا فرم ژنریک (عمومی ، داروی مشابه) این دارو وجود دارد؟","بدن و پزشکی","","74cf012a-4872-4a8c-bda2-4eb8631701d6"
"3608","¿Qué me recomienda para aliviar los síntomas?","برای تسکین علائم چه چیزی توصیه می‌کنید؟","بدن و پزشکی","","e9a3e249-59b9-4252-aa68-dab8b41c91da"
"3609","¿Me puede dar un justificante médico para el trabajo","می‌توانید به من گواهی پزشکی برای محل کار بدهید؟","بدن و پزشکی","","b0bb5d38-3334-4e9d-9dda-a44aefdbddad"
"3610","¿Debo llevar mi tarjeta sanitaria?","آیا باید کارت درمانی ، بهداشتی‌ام را همراه داشته باشم؟","بدن و پزشکی","","52dd115e-52fb-41fd-97e6-bfdeb54a1bf1"
"3611","Lo ingresaron en el hospital","او را در بیمارستان بستری کردند","بدن و پزشکی","","900bc502-2b60-40a8-8d3b-16eeae3781a0"
"3612","el hospital fue cerrado por las autoridades","بیمارستان توسط مقامات بسته شد","بدن و پزشکی","","e27909cd-909c-48c9-b1af-0da5cf9da5f7"
"3613","¿Hay una farmacia cerca?","آیا داروخانه‌ای این اطراف هست؟","بدن و پزشکی","","01fe47bc-f7fd-4e73-ad47-b7b87b1d2b17"
"3614","Soy alérgico a los medicamentos","من به داروها حساسیت (آلرژی) دارم","بدن و پزشکی","","58865980-bbbf-43f9-bcb5-95179404d35d"
"3615","¿Es alérgico a algún medicamento?","آیا به داروی خاصی حساسیت دارید؟","بدن و پزشکی","","65bf78e7-7c3a-4863-a240-5db5981c6bf4"
"3616","¿Es contagioso?","آیا واگیردار است؟ ، مسری است؟","بدن و پزشکی","","486a4958-11de-4c78-8ed8-1b468f9caf10"
"3617","¿Es grave?","آیا جدی ، خطرناک است؟ ، وخیم است؟","بدن و پزشکی","","2242c8ba-322e-40d9-8bd6-696291b04f2a"
"3618","el paciente / la paciente","بیمار (مذکر ، مؤنث)","بدن و پزشکی","","a9c5e7d8-c0cf-44eb-8731-384dbb514f78"
"3619","la terapia me ha ayudado mucho","درمان ، جلسات روان‌درمانی به من بسیار کمک کرده است","بدن و پزشکی","","ec60ca98-fed3-4e09-8117-71c684fc342f"
"3620","Bebo dos litros de agua al día para mantener mis riñones limpios y evitar los cálculos","روزانه دو لیتر آب می‌نوشم تا کلیه‌هایم را تمیز نگه دارم و از سنگ کلیه جلوگیری کنم","بدن و پزشکی","","5d9be144-7451-4544-a445-fa45abe255c3"
"3621","los dedos de los pies","انگشتان پا","بدن و پزشکی","","1be6af0d-7000-45d9-9337-659f10fede17"
"3622","mover los dedos de los pies","تکان دادن انگشتان پا","بدن و پزشکی","","c0a4ac86-14bf-451f-a704-34a9779d999e"
"3623","Me puse un reloj en la muñeca izquierda para controlar el tiempo mientras corría","یک ساعت روی مچ دست چپم بستم تا زمان را هنگام دویدن کنترل کنم","بدن و پزشکی","","a92e021a-df84-4770-8fd5-f8285a746a78"
"3624","Levanté los brazos por encima de la cabeza para estirar la espalda después de dormir mal","بعد از یک خواب بد، دست‌هایم را بالای سرم ببردم تا کششی به کششم ، پشتم بدهم","بدن و پزشکی","","5b91f55a-b89b-4e59-a1f1-4da8726224a7"
"3625","Estiré la espalda apoyándome contra la pared para aliviar el dolor de las horas sentado","با تکیه دادن به دیوار پشتم را کش دادم تا درد ناشی از ساعات طولانی نشستن تسکین یابد","بدن و پزشکی","","bd80b361-4d3f-4466-bb04-a7f0e1c555fd"
"3626","cruzar los brazos sobre el pecho","دست به سینه شدن ، دست‌ها را روی قفسه سینه ضربدری کردن","بدن و پزشکی","","11e25162-f14a-40cc-af39-5ccdd2e50096"
"3627","Respiré profundamente con el pecho inflado antes de lanzarme al agua fría de la piscina","قبل از شیرجه زدن در آب سرد استخر، نفس عمیقی کشیدم و سینه را پر از هوا کردم","بدن و پزشکی","","359220c3-7fdf-4b05-a3e1-376f75659410"
"3628","El bebé tiene el ombligo recién cicatrizado después de caerse el cordón umbilical","ناف نوزاد پس از افتادن بند ناف تازه ترمیم و خوب شده است","بدن و پزشکی","","bab87fef-5765-493f-89d1-eb22e553d9ec"
"3629","La bailarina movió las caderas con mucha sensualidad durante el show de flamenco","رقصنده در طول اجرای فلامنکو با جذابیت بسیار باسن و باسن‌گاه ، کمرش را تکان داد","بدن و پزشکی","","93bb3b90-869b-42ae-959e-de72a1af5e30"
"3630","apoyar las manos en las caderas","دست زدن به کمر ، گذاشتن دست‌ها روی کمر","بدن و پزشکی","","185ab9f5-7f99-457c-8b29-f0dea3317a3c"
"3631","Camino apoyando primero el talón y luego la punta del pie para mantener el equilibrio","برای حفظ تعادل، ابتدا پاشنه و سپس پنجه پا را روی زمین می‌گذارم و راه می‌روم","بدن و پزشکی","","0d71b124-b2af-477e-b77e-99cac0b35c45"
"3632","Batí las pestañas rápidamente cuando entró una mota de polvo en mi ojo derecho","وقتی ذره‌ای گرد و غبار وارد چشم راستم شد، به‌سرعت مژه‌هایم را پلک زدم","بدن و پزشکی","","86a031ab-de2d-462a-8fc1-e1928fcf2631"
"3633","Me tapé las orejas porque el concierto estaba demasiado alto para mis oídos sensibles","گوش‌هایم را گرفتم چون صدای کنسرت برای گوش‌های حساس من بیش از حد بلند بود","بدن و پزشکی","","d5206ec5-b37f-4b63-9250-61160dfb231f"
"3634","Mi corazón latía tan rápido que podía oír los latidos en mis oídos antes del examen","قبل از امتحان، قلبم آن‌قدر تند می‌زد که صدای ضربانش را در گوش‌هایم می‌شنیدم","بدن و پزشکی","","e5741a5b-d19c-4017-935e-001701313dac"
"3635","Me muerdo el labio inferior cuando estoy nerviosa antes de una entrevista importante","وقتی قبل از یک مصاحبه مهم مضطرب هستم، لب پایینم را می‌جوم","بدن و پزشکی","","2ad63cdf-eaf2-46bc-8ad7-2dd3c8f03a34"
"3636","El delantero marcó un gol de cabeza tras un córner perfecto","مهاجم پس از یک ضربه کرنر عالی با ضربه سر گل زد","بدن و پزشکی","","f6f31245-10a9-4353-8722-d34509aa9fe3"
"3637","ahora van seis puntos por delante","الان شش امتیاز جلوتر هستند","بدن و پزشکی","","70d1f596-26c2-466c-b166-4531a94c53e5"
"3638","todavía jugamos al bádminton juntos los miércoles","ما هنوز چهارشنبه‌ها با هم بدمینتون بازی می‌کنیم","بدن و پزشکی","","5260ebff-c72b-43af-971b-8fa45fcb8270"
"3639","respirar por el regulador","نفس کشیدن از طریق تنظیم‌کننده اکسیژن (در غواصی)","بدن و پزشکی","","17f15167-8e0e-4449-a698-ad20d213a136"
"3640","Practico yoga cada mañana para estirar la espalda y relajar la mente","هر روز صبح یوگا تمرین می‌کنم تا پشتم را کش دهم و ذهنم را آرام کنم","بدن و پزشکی","","54e11d40-fbc3-4c61-ad6d-9f11744631b6"
"3641","¿Tengo que quitarme los zapatos?","آیا باید کفش‌هایم را درآورم؟","بدن و پزشکی","","3ccf26fa-734f-4905-9a1c-d93edc0bdcb4"
"3642","¿Dónde está la oficina de objetos perdidos?","دفتر اشیاء گمشده کجاست؟","بدن و پزشکی","","252410fc-4e80-40c1-8813-e4076bb5dae9"
"3643","Quiero un asiento juntos.","صندلی کنار هم می‌خواهم.","بدن و پزشکی","","82096485-9fd5-4b2e-860f-8c5a32b5567c"
"3644","la máquina expendedora de billetes","دستگاه خودکار فروش بلیت","بدن و پزشکی","","de42b8b4-289a-4d4d-854d-f36e4554bbfd"
"3645","lamentablemente, no había asientos disponibles","متأسفانه صندلی خالی ، موجودی وجود نداشت","بدن و پزشکی","","351dc4d7-44e7-403a-801d-331703e64acf"
"3646","¿Podemos hacer un parte amistoso?","آیا می‌توانیم فرم کروکی توافقی (تصادف) تنظیم کنیم؟","بدن و پزشکی","","fecdbfee-ba98-4a3e-9d14-33a2225185b2"
"3647","Paseamos por la orilla al atardecer mientras las olas mojaban nuestros pies","هنگام غروب آفتاب در ساحل قدم می‌زدیم در حالی که موج‌ها پاهایمان را خیس می‌کردند","بدن و پزشکی","","411c3642-8b9e-4e1d-961c-0d43143d55ff"
"3648","¿Comemos juntos?","با هم غذا بخوریم؟","بدن و پزشکی","","e9bcb310-c218-4347-b1c4-dd29549c9b20"
"3649","es realmente caro","واقعاً گران است","بدن و پزشکی","","408e7f56-ac7c-497f-b5e5-73339e6f010e"
"3650","Estos zapatos me aprietan.","این کفش‌ها پام را می‌زنند ، تنگ هستند.","بدن و پزشکی","","a9e25325-fb2d-4469-87f0-3f7d3034470f"
"3651","Necesito unos zapatos.","به یک جفت کفش نیاز دارم.","بدن و پزشکی","","5c3b81fe-34fb-4657-a846-2c61a265eaa3"
"3652","estos calzoncillos son míos","این شورت‌های مردانه مال من هستند","بدن و پزشکی","","76849105-79d9-4ca8-a443-5ee7dd6da700"
"3653","¿estos son mis calzoncillos?","آیا این‌ها شورت‌های من هستند؟","بدن و پزشکی","","1cefe6ee-cfa7-4e7b-9984-9ab3587fc8f1"
"3654","esos son tus pendientes","آن‌ها گوشواره‌های تو هستند","بدن و پزشکی","","bf78b153-9238-4c43-8e34-67639f357cde"
"3655","¿esos pendientes son tuyos?","آیا آن گوشواره‌ها مال تو هستند؟","بدن و پزشکی","","ea774092-5dcf-4dcd-8bda-911f387235d7"
"3656","estos pendientes son de mi esposa","این گوشواره‌ها متعلق به همسرم هستند","بدن و پزشکی","","c6d083e8-2667-445f-9659-877652f95839"
"3657","Quiero solicitar una tarjeta nueva.","می‌خواهم درخواست یک کارت جدید بدهم.","بدن و پزشکی","","d31bf44a-a537-40f1-b9e0-211b969b8a29"
"3658","quiero un trabajo con más retos","شغلی با چالش‌های بیشتر می‌خواهم","بدن و پزشکی","","812f9b03-eee4-4377-97c9-40d746e94e4d"
"3659","he liderado proyectos que han generado beneficios","پروژه‌هایی را رهبری کرده‌ام که سودآوری داشته‌اند","بدن و پزشکی","","0c744bc8-16bb-4dc6-be59-52b5e73f72af"
"3660","entiendo que los aumentos dependen de varios factores","درک می‌کنم که افزایش حقوق به عوامل مختلفی بستگی دارد","بدن و پزشکی","","9b86cfef-8465-4f5f-bb37-45e1001af94a"
"3661","¿cuáles son mis puntos fuertes?","نقاط قوت من چیستند؟","بدن و پزشکی","","539462b5-c6d3-4e52-a710-fc38bff66311"
"3662","mis puntos fuertes son …","نقاط قوت من عبارتند از...","بدن و پزشکی","","5ca59800-de07-491b-8eb7-7af0389e2d8f"
"3663","mis puntos fuertes son...","نقاط قوت من... هستد","بدن و پزشکی","","18eeab0b-e6fa-42be-a61b-9d2b3e6ae301"
"3664","quiero crecer profesionalmente aquí","می‌خواهم در اینجا رشد شغلی و حرفه‌ای داشته باشم","بدن و پزشکی","","d9080519-5041-42f0-9bc6-6ead0cc27866"
"3665","explicaré mis puntos con claridad","نکات و دلایل خود را با شفافیت توضیح خواهم داد","بدن و پزشکی","","71bb61a7-26dd-4959-954e-21bcc3ba9a16"
"3666","revisemos los datos antes de tomar una decisión","قبل از تصمیم‌گیری داده‌ها را بررسی کنیم","بدن و پزشکی","","14b3a0da-6a8f-43ee-8c6b-c12a88b882eb"
"3667","sería útil empezar y terminar puntualmente","مفید خواهد بود اگر آن‌را آن وقت مشخص شروع کرده و به موقع تمام کنیم","بدن و پزشکی","","e807e19e-bc59-493c-814c-7979561aad91"
"3668","afrontar varios retos:","مواجهه با چند چالش:","بدن و پزشکی","","b231e7c4-d538-4953-82a5-db378cd8d490"
"3669","probamos una solución y luego la evaluamos juntos","یک راهکار را امتحان می‌کنیم و سپس با هم آن را ارزیابی می‌نماییم","بدن و پزشکی","","49d9101d-d601-41a5-a075-82161131c62d"
"3670","el médico","پزشک ، دکتر","بدن و پزشکی","","2b020748-9ad9-443d-b741-0a7ec2c652b7"
"3671","el vendedor / la vendedora","فروشنده (مذکر ، مؤنث)","بدن و پزشکی","","2fc712bd-fbac-48db-927d-0a0999036438"
"3672","¡Necesito un médico!","به پزشک نیاز دارم!","بدن و پزشکی","","1268f1d3-c1c9-4572-a8cb-fcf667833d3d"
"3673","¿Hay un médico aquí?","آیا اینجا پزشک هست؟","بدن و پزشکی","","32a42ef7-2c9a-466a-8b97-345706523c81"
"3674","¿Hay un hospital cerca?","آیا بیمارستانی نزدیک اینجا هست؟","بدن و پزشکی","","2e061fe9-a426-4df5-b6c7-2a1bab312f29"
"3675","el sospechoso","مظنون (مذکر)","بدن و پزشکی","","f49738f3-f8d5-47a3-9670-737d8de83df5"
"3676","el sospechoso / la sospechosa","مظنون (مذکر ، مؤنث)","بدن و پزشکی","","cc5fd33a-7610-4d02-bfa1-a55d43d18fbb"
"3677","la sospechosa","مظنون (مؤنث)","بدن و پزشکی","","63369ce2-c2d3-49cc-b775-15e0b4947d66"
"3678","el sospechoso no tiene coartada","مظنون دلیل عدم حضور در محل جرم (آلیبای) ندارد","بدن و پزشکی","","53bf3b10-2aaf-4a9b-9f6a-efb5924755b0"
"3679","el testigo vio al sospechoso","شاهد، مظنون را دید","بدن و پزشکی","","4787d331-a7d8-41fc-987c-236e01219ce2"
"3680","lamentablemente, la policía no pudo encontrar el arma homicida","متأسفانه پلیس نتوانست آلت قتاله را پیدا کند","بدن و پزشکی","","35c2b068-b466-4255-83a8-9e44f1530fb6"
"3681","las pruebas","مدارک ، شواهد ، آزمایش‌ها","بدن و پزشکی","","197d7aa7-6e1e-4c28-859c-6c837115a05b"
"3682","las pruebas indican que eres culpable","مدارک نشان می‌دهند که تو گناهکاری","بدن و پزشکی","","7946e4f8-b1e1-4635-a69c-65b9f40c0d26"
"3683","la policía no puede arrestar al sospechoso sin pruebas","پلیس نمی‌تواند مظنون را بدون داشتن مدرک دستگیر کند","بدن و پزشکی","","834cc0b4-010b-46c5-a1f6-362970e8f670"
"3684","sin pruebas, no hay caso","بدون مدرک، پرونده‌ای در کار نیست","بدن و پزشکی","","b2885383-3919-4423-9e85-35d2db9996f1"
"3685","Me lavo los dientes.","دندان‌هایم را می‌شوییم ، مسواک می‌زنم.","بدن و پزشکی","","9257e222-36a6-4b64-a3f0-f3d848bffd37"
"3686","Cepillo mis dientes después de cada comida para evitar las caries y tener una sonrisa blanca","بعد از هر وعده غذایی دندان‌هایم را مسواک می‌زنم تا از پوسیدگی جلوگیری کرده و لبخندی سفید داشته باشم","بدن و پزشکی","","ecb1014f-6694-497d-a460-9ee894b2025c"
"3687","el hospital","بیمارستان","بدن و پزشکی","","894a1ad2-6251-4ccf-9678-ed9738f17b1b"
"3688","¿Dónde está el hospital?","بیمارستان کجاست؟","بدن و پزشکی","","c5d1c010-62df-41f9-b5f4-6248fae7ce1b"
"3689","probablemente despejará al sur","احتمالاً هوا در جنوب صاف خواهد شد","بدن و پزشکی","","403ddfbf-1da8-45e7-a350-25bb05a71f3e"
"3690","había riesgo de vientos fuertes","خطر وزش بادهای شدید وجود داشت","بدن و پزشکی","","3cd6d125-1baf-42ed-a7a2-abdf25594c76"
"3691","¿Qué temperatura hace?","دما چقدر است؟ ، هوا چند درجه است؟","بدن و پزشکی","","48d2ddde-022e-4cfb-8810-b6ba953ebdaa"
"3692","¿eres de perros o de gatos?","طرفدار سگی یا گربه؟ ، سگ‌ها را بیشتر دوست داری یا گربه‌ها را؟","بدن و پزشکی","","bc889535-93dc-420f-8930-d880b9d38e93"
"3693","¿te ha comido la lengua el gato?","موش زبانت را خورده؟ ، چرا لال مونی گرفتی؟","بدن و پزشکی","","8a090122-6fb9-496d-919d-23cf2405ec77"
"3694","mil novecientos cuarenta y cinco","هزار و نهصد و چهل و پنج (۱۹۴۵)","بدن و پزشکی","","531e6a45-4d58-41b6-8745-3f682b90827c"
"3695","Últimamente...","اخيراً... ، این اواخر...","بدن و پزشکی","","c11576fc-5949-48b4-a978-67d811573442"
"3696","Personalmente...","به‌شخصه... ، از نظر شخصی من...","بدن و پزشکی","","af95f006-1b15-4591-a173-a94852dcb1ef"
"3697","Sinceramente...","صادقانه...","بدن و پزشکی","","8f7253b1-7353-46dc-836b-ad3f7c6df933"
"3698","sinceramente …","صمیمانه ، راستش را بخواهی…","بدن و پزشکی","","7c40ddfc-4750-40cf-a19f-235d2d7ea8be"
"3699","Estoy totalmente de acuerdo.","کاملاً موافقم.","بدن و پزشکی","","6f1f28b7-7a04-49ea-bd87-d5f5b54c7f53"
"3700","totalmente de acuerdo","موافقت کامل","بدن و پزشکی","","ceef2cda-7855-4fed-a7e2-4ea13a8d1ef4"
"3701","Estoy parcialmente de acuerdo.","تا حدی موافقم.","بدن و پزشکی","","4f836460-bc22-472a-807b-b5125cd4b2a9"
"3702","a lo hecho, pecho","کاری است که شده (باید مسئولیتش را پذیرفت) ، آب رفته به جوی برنمی‌گردد ، باید شجاعانه با پیامدش روبرو شد","بدن و پزشکی","","99f5a5f7-2e2c-4df3-abed-c095ac2dcad8"
"3703","deberías ir al médico","باید پیش دکتر بروی","بدن و پزشکی","","ddf90c71-e856-4a27-8296-4470f7cfe42a"
"3704","la lengua española","زبان اسپانیایی","بدن و پزشکی","","1815b72e-8cb0-49ee-9f1f-d6ff95622d2f"
"3705","Me quedo cinco minutos más.","پنج دقیقه دیگر می‌مانم.","بدن و پزشکی","","9e548aca-f03d-46be-a90f-ea9176b8e5f3"
"3706","realmente he metido la pata","واقعاً دسته‌گل به آب دادم ، سوتی دادم","بدن و پزشکی","","a7ef9d9e-d7f7-4ac4-ae9f-7100524723f7"
"3707","mantendré la calma y escucharé atentamente","آرامش خود را حفظ کرده و با دقت گوش خواهم داد","بدن و پزشکی","","02ee9481-079b-4e43-a026-837447998056"
"3708","el vendedor","فروشنده","بدن و پزشکی","","ce4d6f7e-f0dd-4713-a7b1-cd2bffab8a1f"
"3709","la cita","قرار ملاقات ، وقت قبلی ، قرار عاشقانه","بدن و پزشکی","","19bed0ed-b13b-4b8a-ab75-dd75ca15c87b"
"3710","las lenguas","زبان‌ها","بدن و پزشکی","","d299d37e-1ace-45b2-a585-7ad5f5d5e860"
"3711","el cuerpo","بدن ، جسم","بدن و پزشکی","","e3d716b5-0aa2-4040-b0b1-61c0f61ee30f"
"3712","la mente","ذهن ، روان","بدن و پزشکی","","edbac35d-a5e8-4740-a3d9-339529cb25bf"
"3713","Cruza la calle","از خیابان عبور کن ، از عرض خیابان بگوذر","حمل و نقل","","db631927-a78a-4d94-b957-b8c9fa55252f"
"3714","envíame el enlace","لینک را برایم بفرست ، پیوند را ارسال کن","حمل و نقل","","f1270ded-a104-42b6-bc03-875647e63a1b"
"3715","¿Puedo conducir?","می‌توانم رانندگی کنم؟ ، اجازه رانندگی دارم؟","حمل و نقل","","0e71c8af-d93b-4a57-8943-510cf3143509"
"3716","el corredor pasó la meta con un tiempo récord en los cien metros lisos","دونده در دو صد متر سرعت با زمانی حدنصاب (رکورد) از خط پایان گذشت ، دونده صد متر با یک زمان رکورد شکن از خط پایان عبور کرد","حمل و نقل","","296bc913-3666-4521-a68b-41bb4dbe1202"
"3717","Buceamos hasta los diez metros de profundidad y exploramos el arrecife de coral lleno de peces de colores","تا عمق ده متری غواصی کردیم و صخره مرجانی پر از ماهی‌های رنگارنگ را کاوش نمودیم ، تا عمق ۱۰ متری زیر آب رفتیم و صخره‌های مرجانی و ماهی‌های متنوع را تماشا کردیم","حمل و نقل","","30b2fce1-ea0b-4998-bf56-bddd19a54758"
"3718","El escalador aseguró la cuerda y comenzó a subir la pared vertical con agilidad","صخره‌نورد طناب را محکم کرد و با فرزی شروع به صعود از دیواره عمودی نمود ، کوهنورد طناب ایمنی را بست و به‌چابکی از دیواره صاف بالا رفت","حمل و نقل","","8d64058e-db59-4095-8627-99ae569b5770"
"3719","en la estación de tren","در ایستگاه قطار","حمل و نقل","","77db2011-36a9-43d6-b56a-607c80f4dbad"
"3720","¿dónde está la estación de tren?","ایستگاه قطار کجاست؟","حمل و نقل","","6735c30b-a4aa-4636-9a41-c54ecc7981bd"
"3721","la estación de tren","ایستگاه قطار","حمل و نقل","","c0a683c2-1610-4794-9181-0d1229f50e8b"
"3722","la estación de autobuses","ایستگاه اتوبوس ، ترمینال اتوبوسرانی","حمل و نقل","","070a356e-c6b8-4614-9b07-e183dbec552e"
"3723","el metro va con retraso","مترو تاخیر دارد ، حرکت مترو با عقب‌افتادگی همراه است","حمل و نقل","","e37ce787-4e43-4baa-9dab-aa15708324f1"
"3724","¿Dónde está el metro?","ایستگاه مترو کجاست؟","حمل و نقل","","e4d84444-b50f-4e66-8512-9a1d33578264"
"3725","Tomamos el autobús turístico que recorre todo el centro histórico","ما اتوبوس گردشگری را سوار شدیم که تمام مرکز تاریخی شهر را می‌گردد ، اتوبوس توریستی مربوط به گشت‌وگذار در بافت قدیمی را سوار شدیم","حمل و نقل","","87aae21e-39d9-4db5-a4e4-94666909deb3"
"3726","¿Dónde está el autobús al centro?","اتوبوس مرکز شهر کجاست؟ ، اتوبوسی که به مرکز شهر می‌رود کجاست؟","حمل و نقل","","bcf60a7e-cd00-47b5-9fba-3c9904b63d72"
"3727","Estoy en la carretera.","من در جاده هستم. ، در بزرگراه ، جاده قرار دارم.","حمل و نقل","","7545fa90-1d06-458a-88d5-7e15a48f7296"
"3728","la carretera","جاده ، بزرگراه بین‌شهری","حمل و نقل","","bc1c1bcf-1362-43aa-b2bf-e20e8c1cb6fe"
"3729","al final, encontramos una señal de carretera","در نهایت، یک تابلو ، علامت جاده‌ای پیدا کردیم","حمل و نقل","","1fbac460-5dfc-4eaa-96bb-d807dc2406b0"
"3730","la señal de carretera","علامت جاده ، تابلوی راهنمایی جاده‌ای","حمل و نقل","","b896d1f2-dfbc-4b71-ae80-1496895cc375"
"3731","la señal de indicación","تابلوی راهنما ، علامت اخباری","حمل و نقل","","885fde07-4b51-43c7-b9fb-01d9b0d461d3"
"3732","la señal de obligación","تابلوی انتظامی ، علامت الزامی (دستوری)","حمل و نقل","","2c311149-96c5-4947-95f5-184d5a4f3d63"
"3733","la señal de peligro","تابلوی هشداردهنده ، علامت خطر","حمل و نقل","","79641085-d586-44d2-bdf5-b4616b41b456"
"3734","la señal de prohibición","تابلوی بازدارنده ، علامت ممنوعیت","حمل و نقل","","0d05ee03-dd30-447a-a46f-6fc18ef9716f"
"3735","la señal de tráfico","تابلوی راهنمایی و رانندگی","حمل و نقل","","4222364b-a7b3-421a-b1e4-1b57631c0ab2"
"3736","el paso de peatones","خط‌کشی عابر پیاده","حمل و نقل","","c7a7728e-6c8d-425a-8e08-4c8fd080589e"
"3737","el paso a nivel","تقاطع ریل و جاده (گذرگاه هم‌سطح راه‌آهن)","حمل و نقل","","8cb5c981-cf9f-4e69-939c-928f47c704e8"
"3738","la zona peatonal","منطقه پیاده‌رو ، پیاده‌راه","حمل و نقل","","ec3d3c61-9cc3-4db3-b6de-97cb1e54d38d"
"3739","la calzada","سواره‌رو ، مسیر حرکت خودروها","حمل و نقل","","27c3da33-0e07-40fd-8623-a90d5975b8b1"
"3740","la calzada mojada","جاده ، سواره‌رو خیس و لغزنده","حمل و نقل","","00f302ec-9e40-49cc-a31c-59dad96f6172"
"3741","la calzada seca","جاده ، سواره‌رو خشک","حمل و نقل","","ade46aa7-60e4-44bb-81fc-7429f2d05802"
"3742","la vía urbana","معبر شهری ، خیابان داخل شهر","حمل و نقل","","b74df6a7-8019-44fd-9517-3db53f36d698"
"3743","la vía de servicio","جاده کناری ، مسیر کندرو (جاده جانبی)","حمل و نقل","","6dcb3b80-8696-4b8d-be95-2a5989c310e6"
"3744","la mediana","بلوار وسط جاده ، رفوژ وسط (جداکننده مسیرها)","حمل و نقل","","ac27886b-dad6-4734-bc25-0b5f094f4c77"
"3745","el bordillo","جدول کنار خیابان ، لبه پیاده‌رو","حمل و نقل","","2031efdc-fc00-4463-845a-5866c75e7ca3"
"3746","el cruce","چهارراه ، تقاطع","حمل و نقل","","01cf7ef3-5591-4137-b33c-6f3eb51d664e"
"3747","la intersección","تقاطع ، محل برخورد دو خیابان","حمل و نقل","","564e6411-ca08-4e73-bb4c-fecae91e6586"
"3748","la curva","پیچ جاده ، انحنا","حمل و نقل","","704cecf6-0590-48c4-ba55-0acb8f87e1ac"
"3749","tomar una curva","پیچیدن در پیچ ، دور زدن پیچ","حمل و نقل","","dda82d89-472d-4df3-b970-b0ad54505abd"
"3750","el cambio de rasante","تغییر شیب جاده (نقطه کور بالای شیب)","حمل و نقل","","a84b0cdf-f441-4ac6-b6d4-9c23073fb2e1"
"3751","el sentido contrario","جهت مخالف ، مسیر روبرو","حمل و نقل","","097a3c70-76bc-4a7e-843f-7ef08e94263e"
"3752","el sentido de circulación","جهت تردد ، مسیر مجاز حرکت","حمل و نقل","","65ba1941-5a97-41e3-b72e-f56890e9467c"
"3753","Sentido único","خیابان یک‌طرفه ، جهت یک‌طرفه ، یک‌طرفه","حمل و نقل","۶۹.
۶۲.","4a2731d5-f44f-4ca8-9cde-64218f74ae93"
"3754","la línea continua","خط ممتد وسط جاده","حمل و نقل","","a4b46ba4-947a-4e27-bd22-087fc65659ab"
"3755","la distancia de seguridad","فاصله طولی ایمن (فاصله مطمئنه)","حمل و نقل","","e1ca9ee8-91c6-44fb-9599-a62141752f1a"
"3756","la distancia de frenado","مسافت ترمزگیری","حمل و نقل","","d3107efe-743c-4364-a543-7848d64df7df"
"3757","la distancia de reacción","مسافت طی‌شده تا واکنش راننده","حمل و نقل","","f139b2ec-d7b0-488e-9c8b-85a5a69df705"
"3758","el tiempo de reacción","زمان واکنش راننده","حمل و نقل","","f2f7aa7a-d7e5-4136-a583-4e20265bec84"
"3759","usuario de la vía","کاربر راه ، استفاده‌کننده از جاده ، کاربر جاده","حمل و نقل","","60c0a542-de0f-41ff-8f68-053ff9ac1409"
"3760","el permiso de conducir","گواهی‌نامه رانندگی","حمل و نقل","","792cd2e0-bc90-4361-8956-0ff8ac01563a"
"3761","la matrícula","پلاک خودرو","حمل و نقل","","bf440ba8-f052-41dc-ac29-b89a0f65e839"
"3762","se conduce por la derecha","رانندگی از سمت راست انجام می‌شود","حمل و نقل","","085491e7-7810-4927-bc87-7c8b4b58720d"
"3763","se conduce","رانندگی می‌شود ، تردد انجام می‌گیرد","حمل و نقل","","5fd7afb7-4dc4-4c0b-b303-65b69c105b9c"
"3764","Abróchate el cinturón de seguridad","کمربند ایمنی‌ات را ببند","حمل و نقل","","cae67db6-cc98-4e96-a218-1177495dbbaa"
"3765","el cinturón de seguridad","کمربند ایمنی","حمل و نقل","","882bf88c-8249-4182-bd3c-a8807e6404d3"
"3766","Silla para el coche","صندلی کودک خودرو","حمل و نقل","","be26d1c5-b811-4c06-94ec-852f9eb62f8f"
"3767","Llena el depósito, por favor.","لطفاً باک را پر کنید.","حمل و نقل","","590c3c6d-a0fa-4e60-9c43-4923ce2eaf21"
"3768","Ponme 20 euros de gasolina.","۲۰ یورو بنزین بزن.","حمل و نقل","","a38affda-36d9-47e6-b2dd-3c12d11890a0"
"3769","el depósito de combustible","باک بنزین ، مخزن سوخت","حمل و نقل","","c2fa7c5f-486e-4eda-b3c0-795eeac188e4"
"3770","¿Dónde está la gasolinera?","پمپ‌بنزین کجاست؟","حمل و نقل","","cd7ae891-2668-4578-b7e0-943e3f2a12a1"
"3771","el coche contamina mucho","ماشین آلودگی زیادی تولید می‌کند","حمل و نقل","","625d1720-eeb8-42ae-b30f-aec35410f95d"
"3772","compró ese coche hace veinte años","آن ماشین را بیست سال پیش خرید","حمل و نقل","","82c2cfba-1256-4720-b786-83ffc0d396af"
"3773","Se me ha calado el coche.","ماشینم خاموش شد (ریپ زد و خاموش شد).","حمل و نقل","","d4149ab3-3bb4-423d-bdba-3eb820f9d992"
"3774","Tengo una rueda pinchada.","چرخ ماشینم پنچر شده است. ، یکی از لاستیک‌هایم پنچر است.","حمل و نقل","","78c683ae-e9d1-4c08-b595-8ba71556a996"
"3775","¿Puedes cambiarme la rueda?","می‌توانی چرخ ، لاستیک را برایم تعویض کنی؟","حمل و نقل","","4061dbdc-17b5-4297-8b01-efa258086553"
"3776","la llanta","رینگ چرخ ، لاستیک","حمل و نقل","","5411f09d-116a-48a9-a2bf-83b1f465e289"
"3777","el alternador","دینام خودرو","حمل و نقل","","c43fa853-4f7c-4546-bc49-65d8c0e03de5"
"3778","el catalizador","کاتالیزور اگزوز","حمل و نقل","","324be577-5cbc-4364-8e79-fbb6b1bddc30"
"3779","el radiador","رادیاتور","حمل و نقل","","1367a022-677c-4318-8613-9148d1d0156d"
"3780","el tubo de escape","لوله اگزوز","حمل و نقل","","46e23251-7d72-4841-a49e-23e5d26cfa52"
"3781","el líquido refrigerante","مایع خنک‌کننده ، ضدیخ","حمل و نقل","","ea4e441a-11e6-474b-9d89-2bc5bbbfb847"
"3782","la caja de cambios","جعبه‌دنده ، گیربکس","حمل و نقل","","33247034-8702-4026-b8ee-ee631d2be0af"
"3783","las luces:","چراغ‌ها:","حمل و نقل","","bc349d88-83fc-45f3-b7a2-20d2f2d9bcf8"
"3784","el faro","چراغ جلو ، فانوس دریایی","حمل و نقل","","1aae0e4c-2c84-4434-8238-d41e327bdfde"
"3785","el baúl","صندوق‌عقب ، صندوقچه","حمل و نقل","","f32ef73f-a0a9-4c8c-b358-7458f7d86e2c"
"3786","este baúl es mío","این صندوق‌عقب ، صندوقچه مال من است","حمل و نقل","","79aef4d3-3b43-41ba-924f-df3b1fff71c8"
"3787","este es mi baúl","این صندوقچه ، صندوق‌عقب من است","حمل و نقل","","f2df5750-6081-4f11-a90a-afeb6b36ff92"
"3788","¿Puedo aparcar aquí?","می‌توانم اینجا پارک کنم؟","حمل و نقل","","bb8fb1eb-3297-4407-afb4-1961e2e952ee"
"3789","¿Está prohibido aparcar?","آیا پارک کردن ممنوع است؟","حمل و نقل","","406f1e65-6d11-4b9f-863b-25aafad2f616"
"3790","el estacionamiento","پارکینگ ، محل پارک ماشین","حمل و نقل","","18102755-4a2c-4fac-b14f-589c25ec08d1"
"3791","¿Hay parking?","آیا پارکینگ هست؟","حمل و نقل","","4bb55e3f-4a2e-4685-9b3a-d8270a359a09"
"3792","¿Cuánto cuesta el parking?","هزینه پارکینگ چقدر است؟","حمل و نقل","","8a5047ad-c0ef-499b-b1ad-dbc18a591610"
"3793","Se han llevado mi coche.","ماشینم را برده‌اند (جرثقیل برده است).","حمل و نقل","","edd04e36-baa2-43ce-8a5f-83e37ad89c8c"
"3794","Ya viene la grúa.","جرثقیل ، جرثقیل حمل خودرو دارد می‌آید.","حمل و نقل","","41cd10fe-23f1-4e69-a544-b10f37142018"
"3795","Necesito una grúa.","به یک جرثقیل ، خودروبر نیاز دارم.","حمل و نقل","","930ed7e6-1c55-4ced-a98d-1b3b8968e53f"
"3796","¿Dónde está la grúa?","جرثقیل کجاست؟","حمل و نقل","","f1aba6f1-0923-49f8-8cc0-f2d26bf2bdd4"
"3797","¿Cuánto tarda la grúa?","آمدن جرثقیل چقدر طول می‌کشد؟","حمل و نقل","","be2b9bb0-adb5-4324-a64f-827ed7eea7e1"
"3798","He tenido un accidente.","تصادف کرده‌ام. ، دچار حادثه شده‌ام.","حمل و نقل","","324d226c-b299-4967-a811-14830fdfade3"
"3799","¡Hay un accidente!","تصادف شده است!","حمل و نقل","","a064da7b-0b70-43ec-b1e9-7edc2fe69138"
"3800","Ha sido un choque por detrás.","برخورد از عقب (تصادف شاخ‌به‌شاخ نبوده، از پشت خورده) بوده است.","حمل و نقل","","73ae2b4c-1dbb-41a0-9315-fe7e5f750b4e"
"3801","¿Me pueden multar?","می‌توانند مرا جریمه کنند؟","حمل و نقل","","afcd7d74-bdb0-4764-bf2c-66bd39553a27"
"3802","Me han puesto una multa.","مرا جریمه کرده‌اند. ، برایم برگ جریمه صادر کرده‌اند.","حمل و نقل","","56a1a835-11ed-4e25-ac7e-2916845967e7"
"3803","la sanción","جریمه ، مجازات قانونی","حمل و نقل","","b1b7a3f1-cb97-4aad-ad85-4a6049448c8a"
"3804","la infracción","تخلف ، تخلف رانندگی","حمل و نقل","","06bc5f3a-f628-4823-bf23-9e64661e5a55"
"3805","la tasa de alcoholemia","میزان الکل در خون","حمل و نقل","","15e67e73-759e-4d25-a15f-e4a84fb88415"
"3806","el atropello","تصادف با عابر پیاده (زیر گرفتن)","حمل و نقل","","3f071f2b-713c-4711-bd8d-4aebb5ec6907"
"3807","¿Dónde está la parada de taxi?","ایستگاه تاکسی کجاست؟","حمل و نقل","","51274938-7a9e-4253-a766-a82eac40d1d3"
"3808","tenemos que ir en taxi","باید با تاکسی برویم","حمل و نقل","","0f31f0ad-dc96-425a-8035-00a7e43a125e"
"3809","la última vez tomamos un taxi","دفعه قبل تاکسی گرفتیم","حمل و نقل","","3968f4ff-3d70-4404-9b0c-61bb898f174d"
"3810","¿Cuánto es la carrera?","کرایه تاکسی چقدر می‌شود؟","حمل و نقل","","8ecbbb3b-2a29-4779-a0a5-45da52c56cdd"
"3811","¿Cuánto cuesta el taxi al centro?","هزینه تاکسی تا مرکز شهر چقدر است؟","حمل و نقل","","83d67442-8cdf-46d2-8d94-b214c2711b15"
"3812","Está a dos calles.","دو خیابان آن‌طرف‌تر است.","حمل و نقل","","0fa78aa9-0627-46e1-9135-b5a7e41fdb1b"
"3813","Estoy en la calle...","من در خیابان ... هستم","حمل و نقل","","2fc20340-7784-4dd0-ba56-d7a10713b24f"
"3814","todavía no han limpiado la habitación","هنوز اتاق را تمیز نکرده‌اند","حمل و نقل","","9094e8de-0a95-454c-b243-ac9d1617c21c"
"3815","quiero un cambio de carrera","می‌خواهم مسیر شغلی ، رشته‌ام را عوض کنم","حمل و نقل","","1acc513b-d917-4db2-854e-30bb4dc4fc2d"
"3816","todavía me falta experiencia en …","هنوز در ... تجربه کافی ندارم","حمل و نقل","","66a0319a-0cb0-4435-99f7-ebf815ef32f2"
"3817","todavía me falta experiencia en...","هنوز در ... نیازمند تجربه هستم","حمل و نقل","","8812bbe8-3cab-44eb-9ead-02c7c718a944"
"3818","el escalador","صخره‌نورد ، کوهنورد","حمل و نقل","","8d2a9a61-0e4b-4106-9383-dd40a8e898d0"
"3819","la vía láctea","کهکشان راه شیری","حمل و نقل","","0c2d9cd9-43ae-4af7-b079-fe5bfa47cf12"
"3820","un metro tiene 100 centímetros","یک متر ۱۰۰ سانتی‌متر است","حمل و نقل","","aa10bebb-164f-4fc2-8c47-360a3cc19b90"
"3821","mide un metro y setenta y cinco centímetros","قدش یک متر و هفتاد و پنج سانتی‌متر است","حمل و نقل","","c98dca44-290c-4f68-9662-f24466c9a1cc"
"3822","todavía no","هنوز نه","حمل و نقل","","4d83163a-d3ef-401e-a273-4fbecaebf692"
"3823","tiene sentido?","منطقی است؟ ، معنایی دارد؟","حمل و نقل","","4bb810c9-da91-4572-8d04-da0cc3ee8a8d"
"3824","¡dígales que se callen!","به آن‌ها بگویید ساکت شوند!","حمل و نقل","","e6f6fd63-47c4-4f63-b6d3-fedcd067f332"
"3825","el sentido","حس ، جهت ، معنی و مفهوم","حمل و نقل","","4d053e4b-e812-4dd7-bdb1-c21b3fa164c3"
"3826","fuimos a un pueblo remoto","به یک روستای دورافتاده رفتیم","حمل و نقل","","cee0b19f-8364-4ebd-b642-a4f717121f8e"
"3827","la calle","خیابان","حمل و نقل","","3a732909-c7fa-4aeb-abef-06560038eb36"
"3828","la señal","علامت ، تابلو ، سیگنال","حمل و نقل","","540802aa-a4e5-4587-8b68-c79d0dd1031a"
"3829","el tráfico","ترافیک ، رفت‌وآمد خودروها","حمل و نقل","","c2037689-cfe6-4b13-983f-936f4fdda33c"
"3830","¿Hay mucho tráfico?","ترافیک سنگین است؟","حمل و نقل","","a447bbde-5eb7-4108-ac35-47d92b5d1dcd"
"3831","el transporte","حمل‌ونقل","حمل و نقل","","8088c263-c110-479f-a706-fdf5b873b6c0"
"3832","es mejor usar el transporte público","بهتر است از حمل‌ونقل عمومی استفاده شود","حمل و نقل","","32c4b633-967d-4a67-8dbd-f35412d0e87b"
"3833","el autobús","اتوبوس","حمل و نقل","","ba15c4d6-782d-4142-91f0-25458c714704"
"3834","el tren","قطار","حمل و نقل","","5a823b32-07ae-40f2-b876-c5ca442bd9a8"
"3835","¿Dónde está el tren?","قطار کجاست؟","حمل و نقل","","c74fb697-3d31-477c-9fa3-3f9ef6813fea"
"3836","el metro","مترو","حمل و نقل","","a14bf43a-557b-48a9-8784-1752442aa458"
"3837","el taxi","تاکسی","حمل و نقل","","4d272775-6577-4d80-a0a7-ba55043b7514"
"3838","el coche / el auto","خودرو ، ماشین","حمل و نقل","","98daa048-d8f4-48cf-bf08-228953a2060f"
"3839","el vehículo","وسیله نقلیه","حمل و نقل","","fec8c331-4951-4cc3-8137-f1f8ccb0da74"
"3840","la bicicleta / la bici","دوچرخه","حمل و نقل","","93150b00-140e-4b45-99cf-5549e2a888c5"
"3841","sé montar en bici","دوچرخه‌سواری بلدم","حمل و نقل","","67a71bd6-13a0-4e0d-a2b5-22d0783d4191"
"3842","la moto","موتورسیکلت","حمل و نقل","","09605297-bb44-4c59-aeeb-6e8fcab6bb1f"
"3843","el avión","هواپیما","حمل و نقل","","c4d4cba8-e37a-4b2d-b49b-7b47fcd19df3"
"3844","¿A qué hora llega el avión?","هواپیما چه ساعتی می‌رسد؟","حمل و نقل","","ad14cd44-5986-4ec8-9707-76e9b519162f"
"3845","el barco","کشتی ، قایق","حمل و نقل","","4a577cc9-36a3-467c-b200-26c1524ee6b8"
"3846","el cartel es brutal","پوستر ، بنر فوق‌العاده است ، تابلو عالی است","سفر","","503cf225-e3b3-448d-b1b9-6723acec92c6"
"3847","Aquí está mi pasaporte","این گذرنامه من است ، بفرمایید، این پاسپورت من","سفر","","ea66e14c-54eb-4578-9366-4c83e331a1cf"
"3848","El oficial de aduanas selló mi pasaporte y me pidió el visado de turista","مأمور گمرک گذرنامه‌ام را مهر زد و ویزای گردشگری‌ام را خواست","سفر","","2b9f6cb5-34be-4066-b530-df3ab60d8cb3"
"3849","He perdido mi pasaporte.","گذرنامه‌ام را گم کرده‌ام. ، پاسپورتم مفقود شده است.","سفر","","e25e8765-2815-4220-ab4b-6cc42eabc776"
"3850","tienes que mostrar tu pasaporte en el aeropuerto","باید گذرنامه‌ات را در فرودگاه نشان دهی","سفر","","63833218-5b8f-43f7-b178-f5eabb1467c4"
"3851","tienes que tener un billete y un visado","باید یک بلیت و یک ویزا داشته باشی","سفر","","c5e74181-e9e1-47c1-a02b-8b46d7f94e5a"
"3852","¿Dónde está el aeropuerto?","فرودگاه کجاست؟","سفر","","c37c9086-2960-4efc-abac-893e81252e83"
"3853","¿Dónde está la aduana?","گمرک کجاست؟","سفر","","954a3908-8b11-4579-bb03-9a24d922319a"
"3854","¿Dónde está la terminal?","ترمینال ، پایانه کجاست؟","سفر","","052f1801-da5c-41ef-855b-2380c709cf3f"
"3855","¿Dónde está la zona de embarque?","سالن ترانزیت ، منطقه سوار شدن به هواپیما کجاست؟","سفر","","a615a548-9b69-4416-a111-b62634c076d9"
"3856","¿Cuál es la puerta de embarque?","دروازه خروجی (گیت) کدام است؟","سفر","","1b9df7ed-9c9c-40d0-b68d-fc6aee95c46c"
"3857","¿Dónde está el mostrador de facturación?","باجه تحویل بار و پذیرش (کانتر چک-این) کجاست؟","سفر","","9dd2fb84-8387-4e1b-ad3d-af8c37a6e7b4"
"3858","¿Me puede dar la tarjeta de embarque?","می‌توانید کارت پرواز را به من بدهید؟","سفر","","b148f630-64fd-459c-8818-6ac7cff04c60"
"3859","He perdido mi tarjeta de embarque.","کارت پروازم را گم کرده‌ام.","سفر","","1a5cb35e-7e6d-4041-9e0e-a65c5d46b649"
"3860","la tarjeta de embarque","کارت پرواز","سفر","","cd1d157e-69b5-40f2-9390-d37a00997fcb"
"3861","Facturamos las maletas y pasamos el control de seguridad antes de embarcar","چمدان‌ها را تحویل دادیم و قبل از سوار شدن از گشت امنیت عبور کردیم","سفر","","e5353266-67b5-4043-93a8-74b8a030f34f"
"3862","Quiero facturar esta maleta.","می‌خواهم این چمدان را تحویل دهم (پذیرش کنم).","سفر","","bd366f23-bd8c-44cd-b828-68788297c84d"
"3863","¿Dónde está el control de seguridad?","بخش بازرسی امنیتی کجاست؟","سفر","","ae65cac1-6945-4357-a39e-416dfdf3311d"
"3864","pasamos el control de seguridad","از بازرسی امنیتی رد شدیم","سفر","","71b7f1c9-0995-431c-9b43-48e2008e84eb"
"3865","¿Dónde está la recogida de equipajes?","محل تحویل بار ، چمدان‌ها کجاست؟","سفر","","a1cf9832-c5e4-4d7b-990c-96235b3d44e0"
"3866","¿Dónde está la tienda libre de impuestos?","فروشگاه بدون مالیات (دیوتی فری) کجاست؟","سفر","","48e2d832-fbdc-4ccc-b59e-32381a4dc0f1"
"3867","Mi maleta está rota.","چمدان من شکسته ، آسیب دیده است.","سفر","","24b7e2b7-a475-471a-9761-82a71bc250cb"
"3868","Mi maleta no ha llegado.","چمدان من نرسیده است.","سفر","","7d72f2a4-1a2f-4a16-a8dd-f0edf5b23d65"
"3869","mi equipaje pesa demasiado","بار ، چمدان من بیش از حد سنگین است","سفر","","17f4123a-4d54-4269-a5ff-d9d04416b8e2"
"3870","¿Cuánto cuesta el exceso de equipaje?","هزینه اضافه بار چقدر است؟","سفر","","d4c30149-5529-436c-b0d7-e174eddcceba"
"3871","¿Puedo dejar el equipaje?","می‌توانم بارم را امانت بگذارم؟","سفر","","7839612b-01fb-4886-8641-5b8ceb9b9733"
"3872","¿podemos dejar la maleta en recepción?","می‌توانیم چمدان را در پذیرش بگذاریم؟","سفر","","9af26d4c-7336-4e74-9263-a0d0d96a6a69"
"3873","Quiero un asiento de pasillo.","صندلی کنار راهرو می‌خواهم.","سفر","","d88d2213-5797-4049-8218-ad2dbd720b70"
"3874","Quiero un asiento de ventanilla.","صندلی کنار پنجره می‌خواهم.","سفر","","c6a190e6-3a1b-4ca3-9bd4-194a6a4db425"
"3875","el vuelo se ha retrasado","پرواز تاخیر دارد","سفر","","5b173715-caf2-4955-8cf0-8e0a9d7ca5af"
"3876","¿Está retrasado el vuelo?","آیا پرواز تاخیر دارد؟","سفر","","b41aaf74-7871-4635-8422-cd9904d6ed18"
"3877","¿Han cancelado el vuelo?","آیا پرواز را لغو ، کنسل کرده‌اند؟","سفر","","ca730dfb-7355-4d25-91c8-c69f29c15f13"
"3878","que tenga un buen vuelo","پرواز خوبی داشته باشید","سفر","","4175258c-6a85-4500-a864-f3560ebe065f"
"3879","¿Tienes algo que declarar?","آیا چیزی برای اظهار به گمرک دارید؟","سفر","","32d16603-e0a3-49fd-ba44-717ace469085"
"3880","¿Dónde está la estación?","ایستگاه کجاست؟","سفر","","8ad7709b-4a0c-4ff8-8b0c-d8bbeba75ac7"
"3881","error en el billete","اشتباه ، خطا در بلیت","سفر","","04b0bc07-7f3b-46fd-a0e3-fb458c12b800"
"3882","¿me da un billete de ida y vuelta?","یک بلیت رفت و برگشت به من می‌دهید؟","سفر","","c4ea2709-ec5c-4440-9410-0bdd6df68548"
"3883","de ida y vuelta","رفت و برگشت ، دو طرفه","سفر","","9421fbb0-9d87-4bdf-a06b-74157da3bf69"
"3884","abono mensual","کارت اشتراک ماهانه","سفر","","10b709d0-2f68-4846-b527-1ac3ddd20159"
"3885","hacer escala","توقف داشتن بین راه (در پرواز ، سفر)","سفر","","5d7c1209-4c8d-4127-ae28-3cb9d8fbd32b"
"3886","el pasajero","مسافر","سفر","","48dcf3f0-f25d-4d2e-b0bc-9f09d1b16795"
"3887","¿me puede llevar a este hotel, por favor?","می‌توانید مرا به این هتل ببرید، لطفاً؟","سفر","","36f074e8-29e3-405b-b19e-f59b220fc2e0"
"3888","el hotel está allí","هتل آنجا است","سفر","","5b3e561c-86b1-4035-bd04-4ec421b4c609"
"3889","Estoy aquí de vacaciones","من برای تعطیلات اینجا هستم","سفر","","bee9c1f4-b815-446c-889a-664d3afb361d"
"3890","Estoy de vacaciones.","در تعطیلات هستم.","سفر","","7483f9bb-e275-43fe-81bf-43c88e755280"
"3891","ir al extranjero","به خارج از کشور رفتن","سفر","","34c59e61-c056-4864-84af-eaf28a11f3f1"
"3892","en el extranjero","در خارج از کشور","سفر","","d80be2e5-6b31-47f5-baeb-325e3cc22ae7"
"3893","el extranjero / la extranjera","فرد خارجی (مذکر ، مؤنث) ، خارج کشور","سفر","","821f6a72-9b8c-4ac6-9f2d-c55df9fd3397"
"3894","viajar por el mundo","سفر به دور دنیا","سفر","","2de4e7da-1bfb-428b-ab00-2ab5b5047b54"
"3895","quiere viajar por el mundo","می‌خواهد به دور دنیا سفر کند","سفر","","699c2895-0e0b-479f-b631-0a29e1f1d307"
"3896","los souvenirs son una horterada","سوغاتی‌ها بی‌کلاس ، بیدقت و بی‌ارزش هستند","سفر","","9634188a-c64f-40a4-ae61-64aac9cacdac"
"3897","el guía nos reunió a todos en el punto de encuentro antes de iniciar la excursión de tres horas","راهنما قبل از شروع تور ۳ ساعته، همه ما را در محل تجمع جمع کرد","سفر","","9effb6b4-7590-4338-86ec-46dba19021c7"
"3898","de repente, nuestro guía se había ido","ناگهان، راهنمای ما رفته بود","سفر","","c9225718-5ad2-42f2-9447-797e2c7f66ec"
"3899","Hicimos senderismo por el sendero de montaña hasta llegar al refugio a media tarde","در مسیر کوهستانی پیاده‌روی کردیم تا اواسط بعدازظهر به جان‌پناه ، پناهگاه رسیدیم","سفر","","73ce7049-98f2-4f1e-b53e-9be7b9b435d8"
"3900","Seguimos el mapa topográfico y marcamos la ruta con piedras para no perdernos en el bosque","نقشه توپوگرافی را دنبال کردیم و مسیر را با سنگ علامت‌گذاری کردیم تا در جنگل گم نشویم","سفر","","082150e5-7b48-4d01-a6a2-e2a834283883"
"3901","Subimos hasta el pico más alto y contemplamos el valle cubierto de niebla","تا بلندترین قله بالا رفتیم و به دره پوشیده از مه نگریستیم","سفر","","32dfc7f4-45d1-4ae5-8418-22f7469c1871"
"3902","Contemplamos la puesta de sol desde el acantilado con el cielo naranja y rojo","غروب خورشید را از بالای صخره ساحلی با آسمانی نارنجی و قرمز تماشا کردیم","سفر","","719dc91b-fc97-434d-94b9-0e26772cd440"
"3903","pasear por la orilla","قدم زدن در ساحل ، کنار آب","سفر","","c66d17fa-0e7f-4140-99fd-f86077fed09f"
"3904","sentarse en la orilla","نشستن در ساحل ، کنار آب","سفر","","4726cd0a-34de-4e9c-b98d-21290bdd3d47"
"3905","bañarse bajo la cascada","شنا ، آب‌تنی کردن زیر آبشار","سفر","","459ea9a6-78cd-45d8-a0f0-595e060d8806"
"3906","intentamos andar hacia la cascada, pero era demasiado peligroso","سعی کردیم به سمت آبشار برویم، اما بسیار خطرناک بود","سفر","","bc09166e-925f-4bfd-90ee-744fb0cf9323"
"3907","Montamos la tienda junto al arroyo y encendimos una fogata para cocinar la cena","چادر را کنار جوی آب برپا کردیم و آتشی برای پختن شام روشن کردیم","سفر","","dff9e862-71df-4b03-9d5f-3438755484aa"
"3908","montar la tienda","برپا کردن چادر (کمپینگ)","سفر","","2be7a5c3-bd52-4df5-afb1-a0459a406e40"
"3909","encender una fogata","روشن کردن آتش در فضای باز","سفر","","c46cf293-cc77-4448-a4ff-4971f93f040c"
"3910","el saco de dormir","کیسه خواب","سفر","","cbc2488f-72b1-497c-8560-7ee86f296e74"
"3911","bastones de trekking","باتوم‌های کوهنوردی ، پیاده‌روی","سفر","","a0bfd170-695a-4a8f-8c6c-ad717deb876a"
"3912","la brújula marina","قطب‌نمای دریانوردی","سفر","","acef00be-efcf-4d85-b9f4-c8079f94156c"
"3913","los prismáticos:","دوربین‌های دوچشمی:","سفر","","e257043e-bafb-4979-b5bd-26216daf8e50"
"3914","usar prismáticos","استفاده از دوربین دوچشمی","سفر","","ee64eedb-2356-4416-9de0-b269b8695827"
"3915","Usamos los prismáticos para identificar un búho real posado en la rama de un pino","از دوربین دوچشمی برای تشخیص یک شاه‌بوف روی شاخه کاج استفاده کردیم","سفر","","ebd5ebf2-092e-44f7-babb-bacfd4731c70"
"3916","Reservamos una habitación doble con vistas al mar para toda la semana","برای تمام هفته یک اتاق دو تخته با نمای دریا رزرو کردیم","سفر","","8d10e0a5-9d46-4754-bf3c-31167c7ed888"
"3917","he reservado una habitación doble","یک اتاق دو تخته رزرو کرده‌ام","سفر","","830f7fcb-2a40-4d2a-b927-07566a251e83"
"3918","La reserva está a nombre de...","رزرو به نام ... است","سفر","","7bf31410-9e92-4c05-a4b7-3fd99b6f5ebf"
"3919","¿cuándo tenemos que dejar la habitación?","چه زمانی باید اتاق را تحویل دهیم (تخلیه کنیم)؟","سفر","","957b5e7f-42ca-4e50-b408-b78b3586bc09"
"3920","Quiero una habitación.","یک اتاق می‌خواهم.","سفر","","c6fe6386-500c-4ede-9f3f-0f4e36da7ddc"
"3921","Quiero una habitación con vistas.","یک اتاق با منظره ، نمای خوب می‌خواهم.","سفر","","83f795b4-63d9-4bff-a891-5bbda38853ab"
"3922","Quiero una habitación más tranquila.","یک اتاق آرام‌تر می‌خواهم.","سفر","","945c644f-d3ce-448c-baa9-ef273f0cb091"
"3923","Quiero una habitación para no fumadores.","یک اتاق برای افراد غیرسیگاری می‌خواهم.","سفر","","ff8f9f17-0581-4f08-9d40-ce677270b194"
"3924","La habitación es muy ruidosa.","اتاق بسیار پرسروصدا است.","سفر","","31f9cdac-afdf-4d5a-9abd-69b7d1c94049"
"3925","La habitación no está limpia.","اتاق تمیز نیست.","سفر","","b7c7a2a6-3bf3-422d-92ff-13e3ccb0f826"
"3926","La habitación no tiene mantas","اتاق پتویی ندارد","سفر","","5cafed43-2c13-4202-9bee-b97c3b855018"
"3927","¿nos puede dar otra habitación?","می‌توانید اتاق دیگری به ما بدهید؟","سفر","","eb8f32c9-35ea-4c23-87ec-a691e85a7fe3"
"3928","¿Puede cambiarme de habitación?","می‌توانید اتاق مرا عوض کنید؟","سفر","","937ac0fd-ad2e-4d18-88ca-b6d171168626"
"3929","Nuestra habitación no ha sido limpiada","اتاق ما تمیز نشده است","سفر","","03a843dd-d90a-49de-bf22-652a5d51a1b1"
"3930","¿puedo entrar en la habitación ya?","آیا همین الان می‌توانم وارد اتاق شوم؟","سفر","","2c6a413c-9a5d-4eb1-a2f6-1d751c33ec42"
"3931","¿Hay que reservar?","آیا باید از قبل رزرو کرد؟","سفر","","4a18c17a-768c-4225-9026-03cf36a96bec"
"3932","la tienda de electrónica","فروشگاه لوازم الکترونیکی","سفر","","187f645f-5df2-4333-bceb-078ad655c6cd"
"3933","vio que la tienda de electrónica estaba cerrada a mediodía","دید که فروشگاه الکترونیکی ظهر بسته بود","سفر","","81b6240b-698f-41fb-ab81-70927d1f637b"
"3934","el oficial de aduanas","مأمور گمرک","سفر","","f9d29d2d-c450-414b-a2f2-25166365d982"
"3935","el acantilado","صخره ساحلی ، پرتگاه","سفر","","7731f68e-4528-4ce3-90c8-4cdc0b500513"
"3936","estaba comprando su regalo cuando entró en la tienda","داشت کادویش را می‌خرید که وارد مغازه شد","سفر","","51fd7d51-f697-4d51-9720-420fa3cd7b3e"
"3937","¡Escucha! / Escuchen, entiendan","گوش کن! ، گوش کنید، متوجه بشوید","سفر","","16b76f1b-291d-4405-b787-54c14e8af0c3"
"3938","soy extranjero","من خارجی هستم","سفر","","8603828c-bf5c-4c0a-b471-b26ca6a2f674"
"3939","la aduana","گمرک","سفر","","8cb76e04-ede4-4086-a253-10c5f8bda88b"
"3940","el visado","روادید ، ویزا","سفر","","db12e821-fe75-4a76-a975-cb6dfedecf0d"
"3941","el pasaporte","گذرنامه ، پاسپورت","سفر","","b672dd24-472b-4762-8a97-415780062aa1"
"3942","la tienda","مغازه ، فروشگاه","سفر","","5ce81f41-9578-48eb-8015-e6437e035263"
"3943","las vacaciones","تعطیلات","سفر","","71d72b39-5cc2-4f42-895e-17ef616aea47"
"3944","estoy de vacaciones","در تعطیلات هستم","سفر","","fbad4e83-ccc0-4c4b-8014-3dc84d23c0cb"
"3945","el mapa","نقشه","سفر","","0fd9539b-5826-4a9f-86bc-606a9cc419e0"
"3946","Necesito encontrar un mapa","لازم است یک نقشه پیدا کنم","سفر","","69312a0c-ac8a-4fa7-82a6-85ccd9ec8760"
"3947","la ruta","مسیر ، راه","سفر","","110ef5ac-d7a7-4256-8907-190fc1ac0896"
"3948","el viaje","سفر","سفر","","31e47daa-3e4a-4cdb-8ec6-3c1f82b5697d"
"3949","es un viaje largo","سفر درازی است","سفر","","fcabe907-fd41-4e2c-afb3-48a101d3e1a8"
"3950","el viajero","مسافر ، جهانگرد","سفر","","feb17c00-5453-4705-be32-7775a278a201"
"3951","el turista","گردشگر ، توریست","سفر","","9bcffe9b-fa82-4649-9bec-ffa2d77e19f4"
"3952","el equipaje","چمدان‌ها ، چمدان و بار","سفر","","28f34db8-cdb6-434e-bc3d-14d30c6d7c6d"
"3953","la maleta","چمدان","سفر","","58d086a0-fda4-48a2-83a5-ccf3c5d6fcce"
"3954","la reserva","رزرو","سفر","","ef2e4369-0021-4581-a065-ce21b5fd7099"
"3955","el billete / el pasaje","بلیت","سفر","","e91ce26e-90db-483b-b6bc-9a2b2a665406"
"3956","el asiento","صندلی ، نشستگاه","سفر","","84a3dff5-0b59-467e-b4c0-9bf52855a28a"
"3957","el hotel","هتل","سفر","","d997ecd6-d622-43b3-9724-90c8522bff1f"
"3958","el hostal","هاستل ، اقامتگاه اقتصادی","سفر","","8d7b3936-f7e1-4e81-8365-860e5ea5907b"
"3959","el apartamento","آپارتمان","سفر","","31f3c2ca-68e2-423a-b6cb-c73d8455e68d"
"3960","la habitación","اتاق","سفر","","3b30982f-3a20-442e-967a-df4f8c6415fe"
"3961","¡Buen trabajo!","خسته نباشید! ، کار عالی بود! ، آفرین!","کار و شغل","","5c688e36-9963-48cd-b0e1-e0fbdb90b247"
"3962","Por supuesto que sí.","البته که بله. ، صد در صد.","کار و شغل","","713aed8b-5da2-4d45-813f-1f9e8adf8d2c"
"3963","Por supuesto que no.","البته که نه. ، هرگز.","کار و شغل","","ce7c161c-6b0e-4a16-a58f-45fe9924d6ef"
"3964","red de trabajo","شبکه کاری ، شبکه ارتباطات حرفه‌ای (نتورکینگ)","کار و شغل","","a6ad0e86-5e8b-4ee3-ada9-9b3bda731819"
"3965","¡mi equipo casi gana!","تیم من نزدیک بود برنده شود!","کار و شغل","","dd9cd074-0e84-4019-9cf1-00463023cdaa"
"3966","el pelotón avanzó rápido por la etapa plana antes de enfrentar el puerto de montaña","گروه اصلی دوچرخه‌سواران پیش از رسیدن به گردنه کوهستان، مرحله کفی را با سرعت طی کرد","کار و شغل","","056ef46e-0435-4237-af33-a0d12af694c0"
"3967","Bajamos por la pista negra con nieve polvo y ráfagas de viento fuerte","از پیست اسکی سیاه با برف پودری و وزش بادهای شدید پایین آمدیم","کار و شغل","","71165e69-7223-4ebd-a919-dc672cb70f90"
"3968","¿dónde me tengo que bajar?","کجا باید پیاده شوم؟","کار و شغل","","fcf30c1c-85fa-494d-b7a9-ee536fb9b0ed"
"3969","el permiso de circulación","مجوز تردد ، کارت خودرو","کار و شغل","","70fcd858-4567-4a62-a2a1-94db35a627ec"
"3970","voy andando al curro","پیاده می‌روم سر کار","کار و شغل","","8860568a-255c-4d5d-97b7-f3e8b0540322"
"3971","planificar la ruta","برنامه‌ریزی کردن مسیر","کار و شغل","","0e24debe-39c1-429f-bff9-d78b2c79ff0b"
"3972","¿vamos a tomar algo después del trabajo?","بعد از کار بریم چیزی بنوشیم ، بخوریم؟","کار و شغل","","69e9c1ca-0fc3-4721-8149-87895bad8c17"
"3973","Necesito hablar con el encargado","لازم است با مسئول ، مدیر صحبت کنم","کار و شغل","","7f925ad2-47b6-4338-84cd-a6fda2eeb4ce"
"3974","Cada uno paga lo suyo.","هر کسی سهم خودش را می‌دهد (دنگ خودش را می‌دهد).","کار و شغل","","d74c0722-96d4-4566-af6c-0eb62b9bcab6"
"3975","Pagamos a medias.","نصف‌نصف می‌دهیم (دنگی حساب می‌کنیم).","کار و شغل","","e9c7b65c-d7bd-4af6-be06-7ace7d638b6f"
"3976","pagar la cuenta","پرداخت کردن صورت‌حساب","کار و شغل","","f540ce6f-a7d4-4ecf-92a0-9dad36bb4968"
"3977","¿Está en rebajas?","آیا حراج است؟ ، حراج خورده؟","کار و شغل","","8a4cbed3-38ce-412d-8131-dfa1f73ecd06"
"3978","¿Cuánto tengo que pagar?","چقدر باید بپردازم؟","کار و شغل","","5cc5d14d-80ac-4313-9739-a3bbd23c026d"
"3979","¿has puesto el reloj en hora?","ساعتت را تنظیم کرده‌ای؟","کار و شغل","","e212def8-7eec-4fb5-8db0-5bec9bb00d20"
"3980","¿Puedo pagar con tarjeta?","می‌توانم با کارت پرداخت کنم؟","کار و شغل","","48738500-4f97-4585-b62a-385a530a3674"
"3981","¿Puedo pagar en efectivo?","می‌توانم نقدی پرداخت کنم؟","کار و شغل","","554e4a55-5bb7-4846-aa5a-d1551c44a628"
"3982","¿Has pagado la factura?","قبض را پرداخت کرده‌ای؟","کار و شغل","","7fb67513-c959-40eb-bf6b-c8e9d93d4527"
"3983","se me olvidó pagar el agua","پرداخت قبض آب یادم رفت","کار و شغل","","6d1c1677-66ae-4e57-82e4-202a5811ce98"
"3984","Estoy buscando trabajo","به دنبال کار می‌گردم","کار و شغل","","a9a536f5-ca25-4fcf-a7ba-4f628d2900a7"
"3985","Estoy buscando un trabajo a tiempo parcial","در جستجوی یک شغل پاره‌وقت هستم","کار و شغل","","18d77b33-2873-4c98-b78e-7fb232d62574"
"3986","preferiría trabajar media jornada","ترجیح می‌دهم پاره‌وقت (نیمه‌وقت) کار کنم","کار و شغل","","0605e9ab-b2a7-414c-922f-561b871dda12"
"3987","se necesitan empleados para media jornada","به کارمند پاره‌وقت نیازمندیم","کار و شغل","","fb75168d-fdc5-4bd0-8529-b717bc0314ec"
"3988","Aquí está mi currículum","این رزومه من است","کار و شغل","","d5519e82-e1df-453b-9e4f-800c395d948d"
"3989","¿Puedo ver tu currículum?","می‌توانم رزومه‌ات را ببینم؟","کار و شغل","","737c4096-09f1-49ca-a894-4a4ba69ff11b"
"3990","Aquí hay una lista de mis referencias","اینجا لیستی از معرفی‌کنندگان ، سوابق ارجاعی من است","کار و شغل","","89acde21-c2fd-479d-bdbe-8923de470aca"
"3991","¿Hay referencias con las que pueda contactar?","آیا معرفی‌کننده‌ای هست که بتوانم با او تماس بگیرم؟","کار و شغل","","10751e8e-31d6-4f3f-9508-761bd8452ac4"
"3992","carta de presentación","انگیزه‌نامه ، کاور لتر","کار و شغل","","52548efe-f61c-4bb0-8a04-36a81e1e938a"
"3993","la solicitud de empleo","فرم درخواست شغل ، تقاضای کار","کار و شغل","","725d887d-1991-468d-a3cf-dc32eeccaa10"
"3994","ha salido una oferta de trabajo","یک پیشنهاد شغلی جدید منتشر شده است","کار و شغل","","e62751a6-4068-4d3d-a6a0-3adfe8f03ed3"
"3995","una oferta de trabajo","فرصت شغلی ، پیشنهاد کار","کار و شغل","","312c8ffa-8d8c-4514-89ed-16c2dd2b7120"
"3996","¿Cuánta experiencia tienes?","چقدر سابقه کار داری؟","کار و شغل","","acc85da7-3c8c-46a5-8c5a-7af981f38c3e"
"3997","cinco años de experiencia","پنج سال سابقه کار","کار و شغل","","f7edb411-d9d8-4f50-ab0b-50221fcd56ec"
"3998","¿Cuánto tiempo llevas trabajando en este campo?","چند وقت است در این زمینه کار می‌کنی؟","کار و شغل","","2d14ad19-fd5a-41be-88ad-1373a303edd3"
"3999","el trabajo de tus sueños","شغل رویایی تو","کار و شغل","","3a54613a-a49c-4dc8-aa4e-04c29e5f0980"
"4000","el trabajo de tus sueños (el trabajo de tus sueños)","شغل ایده‌آل و رویایی تو","کار و شغل","","ba80d24f-6b82-485a-af14-973ec5ea5466"
"4001","imagina el trabajo de tus sueños","شغل رویایی‌ات را تصور کن","کار و شغل","","9130500c-088b-44ae-af99-e36de0b9caca"
"4002","imagina el trabajo de tus sueños (imagina el trabajo...)","شغل دلخواهت را مجسم کن","کار و شغل","","d0f245b7-d632-46aa-b390-0f19a4ae0a36"
"4003","debería buscar otro trabajo antes de renunciar","قبل از استعفا دادن باید به دنبال شغل دیگری باشم","کار و شغل","","13ffb79b-9020-491b-85c8-36096fb2880e"
"4004","estoy pensando en dejar el trabajo","دارم به ترک شغل ، استعفا فکر می‌کنم","کار و شغل","","9c80feea-5abe-4e54-a03e-973a283f7d07"
"4005","¿qué pasos vas a seguir para me encontrar trabajo?","برای پیدا کردن کار چه مراحلی را طی خواهی کرد؟","کار و شغل","","64e61026-6630-4dac-ab3d-bc49c77c8dc7"
"4006","¿cómo evalúas mi rendimiento hasta ahora?","عملکرد مرا تا الان چگونه ارزیابی می‌کنی؟","کار و شغل","","9f5fd15b-da86-4fe7-831b-67d2e33669c1"
"4007","mi desempeño ha sido constante","عملکرد من ثبات داشته است","کار و شغل","","31951dbd-48ce-4c23-9975-33169aac6c1b"
"4008","mi trabajo ha tenido un impacto positivo","کار من تاثیر مثبتی داشته است","کار و شغل","","f1a8fe77-8724-40c9-884d-a9ec4305e6d4"
"4009","mis contribuciones han mejorado los resultados","مشارکت‌های من باعث بهبود نتایج شده است","کار و شغل","","77d0495e-8be7-4b67-b2fe-f05297458bda"
"4010","¿cómo evalúas el impacto de mis contribuciones en la empresa?","تاثیر نقش و مشارکت مرا در شرکت چگونه ارزیابی می‌کنی؟","کار و شغل","","f5b69bc5-8a55-4df6-b1c3-262470f502c5"
"4011","he aportado valor al equipo mediante …","من از طریق ... به تیم ارزش افزوده دادام","کار و شغل","","8b7181ca-5aa8-4b32-919d-7b17c0312fe8"
"4012","he aportado valor al equipo mediante...","من با استفاده از ... برای تیم مفید بوده‌ام","کار و شغل","","3b154106-0b33-47a8-aa0e-abe83b9f6a16"
"4013","quiero aportar valor a la empresa","می‌خواهم برای شرکت ارزش‌آفرین باشم","کار و شغل","","222dab6e-2efb-41b9-89f6-41a363c6e5fb"
"4014","he logrado mis objetivos","به اهدافم دست یافته‌ام","کار و شغل","","6560f4d5-85bb-4c85-ad1c-5261d217920e"
"4015","he superado los objetivos con creces","فراتر از اهداف تعیین‌شده عمل کرده‌ام","کار و شغل","","0b778aff-5416-4150-b4da-137113979faa"
"4016","he asumido responsabilidades adicionales","مسئولیت‌های اضافی را پذیرفته‌ام","کار و شغل","","8f49402c-2792-4d8f-8d19-91d84568cdd2"
"4017","estoy dispuesta a asumir más responsabilidades","من آمادگی پذیرش مسئولیت‌های بیشتری را دارم (مؤنث)","کار و شغل","","2f22f657-36e4-49fd-95fc-77d16825ede6"
"4018","¿cómo puedo asumir más responsabilidades?","چگونه می‌توانم مسئولیت‌های بیشتری بر عهده بگیرم؟","کار و شغل","","529181ab-5dd5-46f9-ba45-81adbefc5b2c"
"4019","mis habilidades en … han sido fundamentales","مهارت‌های من در ... بسیار کلیدی بوده‌اند","کار و شغل","","5617f6cc-17f2-46a4-b473-00e77d5a1941"
"4020","mis habilidades en... han sido fundamentales","توانمندی‌های من در ... نقش اساسی داشته‌اند","کار و شغل","","262db186-d202-4009-b4c1-f90247271cba"
"4021","sigue destacando en áreas importantes para la empresa","همچنان در بخش‌های مهم برای شرکت می‌درخشد","کار و شغل","","f53251aa-0582-4c01-8e1a-b17dbf382c5b"
"4022","espero contribuir aún más al éxito del equipo","امیدوارم در موفقیت تیم سهم بیشتری داشته باشم","کار و شغل","","9957f5a9-308b-4820-821b-be9ab2df7575"
"4023","has hecho un trabajo excelente","کار فوق‌العاده‌ای انجام داده‌ای","کار و شغل","","dc772eb5-0475-465c-9171-498548d4c36b"
"4024","¿podemos hablar de un aumento de sueldo?","می‌توانیم درباره افزایش حقوق صحبت کنیم؟","کار و شغل","","75b0b860-6639-4264-9181-1cb749f2ca3a"
"4025","mi rendimiento justifica una revisión de salario","عملکرد من بررسی مجدد حقوق را توجیه می‌کند","کار و شغل","","0a2437cb-45ad-4372-be89-43840d86fcc7"
"4026","¿cómo se determina el valor de mi puesto en la empresa?","ارزش موقعیت شغلی من در شرکت چگونه تعیین می‌شود؟","کار و شغل","","b7513917-6822-4afd-aced-3e29c8a7be8a"
"4027","establecer metas específicas para justificar un aumento","تعیین اهداف مشخص برای توجیه افزایش حقوق","کار و شغل","","2f4f7c05-c7c5-4a7a-bb0e-26d9df02f2e4"
"4028","¿hay margen para negociar mi compensación?","آیا جایی برای مذاکره درباره مزایا و دریافتی من وجود دارد؟","کار و شغل","","029bae5e-cae7-4b5b-af2a-6cc99e6bad23"
"4029","¿en qué áreas necesito mejorar?","در چه زمینه‌هایی نیاز به بهبود دارم؟","کار و شغل","","69e46af0-b277-4df6-98da-563119637626"
"4030","un área en la que podrías trabajar es …","زمینه‌ای که می‌توانی روی آن کار کنی ... است","کار و شغل","","34a0a78e-9914-41a5-9bab-4274d2c5500e"
"4031","un área en la que podrías trabajar es...","یکی از بخش‌هایی که می‌توانی ارتقا دهی ... است","کار و شغل","","cd572824-b70f-4a52-ba27-3021cda2ae97"
"4032","voy a trabajar en las áreas que has mencionado","روی بخش‌هایی که اشاره کردی کار خواهم کرد","کار و شغل","","88dd9912-1a46-4360-ad8d-495de07dd8c0"
"4033","¿qué habilidades debo desarrollar?","چه مهارت‌هایی را باید توسعه دهم؟","کار و شغل","","a6d71072-45eb-4f46-be31-a7809442d399"
"4034","¿qué habilidades debería desarrollar?","چه مهارت‌هایی را بهتر است تقویت کنم؟","کار و شغل","","bf64253e-9dde-4b2e-bddb-d708bc568df1"
"4035","¿has considerado hacer un curso?","آیا به گذراندن یک دوره آموزشی فکر کرده‌ای؟","کار و شغل","","12cbb764-301b-4b51-b2e7-d2a5c69f4a3b"
"4036","¿qué curso te interesa hacer?","علاقه‌مندی چه دوره‌ای را بگذرانی؟","کار و شغل","","35092daf-7d39-40c6-8d3e-24a64e3b2838"
"4037","¿qué recursos me recomiendas para mejorar?","چه منابعی را برای پیشرفت به من پیشنهاد می‌کنی؟","کار و شغل","","e198953a-1f26-43f7-bf94-cefd451ad378"
"4038","un curso de gestión de proyectos","یک دوره مدیریت پروژه","کار و شغل","","969449c3-c6a9-43fd-9d52-973ecbe8be8a"
"4039","un curso de liderazgo","یک دوره رهبری و مدیریت","کار و شغل","","65b82cd4-a5c9-438d-9532-077e2325ab50"
"4040","¿trabajamos juntos en un plan de desarrollo?","آیا با هم روی یک برنامه توسعه کار کنیم؟","کار و شغل","","4d1cee72-e709-408b-a5b5-26c39378ce65"
"4041","¿hay algún plan de desarrollo profesional que pueda ayudarme?","آیا برنامه توسعه حرفه‌ای هست که بتواند به من کمک کند؟","کار و شغل","","a3086651-8d3a-426c-87d2-cae1975c99d3"
"4042","quiero ponerme metas claras","می‌خواهم اهداف شفافی برای خود بگذارم","کار و شغل","","e41d4fd0-f668-46f1-ac14-16917f8dc984"
"4043","establecer objetivos claros","تعیین اهداف مشخص و روشن","کار و شغل","","f71ede5c-e6cc-45a2-9c29-0d237f4a4398"
"4044","¿cuáles son tus objetivos a largo plazo?","اهداف بلندمدت تو چیستند؟","کار و شغل","","429c6b25-12d7-4aac-b3d6-ae461cf1577c"
"4045","¿podemos programar otra reunión para revisar mi progreso?","می‌توانیم جلسه‌ای دیگر برای بررسی پیشرفت من تنظیم کنیم؟","کار و شغل","","8cfc7f34-fa47-4ee8-a06a-ccbd5eba35c4"
"4046","Estoy aquí por negocios","من برای کاری ، تجاری اینجا هستم","کار و شغل","","c2a64ae6-3a1c-4190-a081-39a4fe1a3775"
"4047","asignamos tareas al final de la reunión","در پایان جلسه وظایف را تقسیم می‌کنیم","کار و شغل","","d19a8fe5-a646-428f-bbea-f278d3ae386f"
"4048","revisaremos el presupuesto antes de tomar una decisión","پیش از تصمیم‌گیری بودجه را بررسی خواهیم کرد","کار و شغل","","ff479f0d-9eda-4422-8d3b-dfa4aa50d66a"
"4049","debemos considerar el presupuesto actual","باید بودجه فعلی را مد نظر قرار دهیم","کار و شغل","","6cca5ad5-bab9-4287-b9c0-0bd0f837df63"
"4050","podemos poner una agenda clara","می‌توانیم دستور جلسه مشخصی تنظیم کنیم","کار و شغل","","3e380b4d-ece0-4cf0-84a9-df22b4c08879"
"4051","¿cómo podemos mejorar la agenda?","چگونه می‌توانیم دستور کار را بهبود بخشیم؟","کار و شغل","","2fdeab3f-f53c-4f5b-9f9d-d757e26ae2f4"
"4052","podemos pedir ideas antes de la reunión","می‌توانیم قبل از جلسه نظرات و ایده بخواهیم","کار و شغل","","f7dfd5d9-5940-47bf-a4db-e99fc442cf4d"
"4053","¿cómo compartimos la agenda y los recordatorios?","چگونه دستور جلسه و یادآوری‌ها را به اشتراک بگذاریم؟","کار و شغل","","c281511e-313e-4a41-9114-cc1a646b2262"
"4054","el trabajo en equipo","کار تیمی ، همکاری گروهی","کار و شغل","","df9d0ef5-74c8-41f5-9a6d-a26c7866c09c"
"4055","¿cómo puedo contribuir mejor al equipo?","چطور می‌توانم نقش بهتری در تیم داشته باشم؟","کار و شغل","","8f64f2a0-8ab9-47e5-9b29-49a17203919c"
"4056","¿cómo podemos trabajar juntos para mejorar?","چگونه می‌توانیم با هم کار کنیم تا پیشرفت کنیم؟","کار و شغل","","54f3842a-7a7c-4a7a-b90b-e2c14883c501"
"4057","tenemos que repartirnos las tareas","باید وظایف را بین خودمان تقسیم کنیم","کار و شغل","","e0d7a577-43e8-40c7-9a66-5bd0ac9592e9"
"4058","me preocupa cómo podría afectar a la moral del equipo","نگرانم این موضوع چه تاثیری روی روحیه تیم بگذارد","کار و شغل","","9bc75f11-44c2-42a0-a9b5-b3062b41e31e"
"4059","¿cómo crees que la decisión impactará al equipo?","به نظرت این تصمیم چه تاثیری روی تیم می‌گذارد؟","کار و شغل","","19564a8b-9762-44c3-80a3-3619d10f770a"
"4060","¿cómo planeas resolver el desacuerdo?","چگونه قصد داری این اختلاف نظر را حل کنی؟","کار و شغل","","6b46c173-64c5-4862-878b-56d8976834f7"
"4061","nunca pensé que acabaría en una oficina","هرگز فکر نمی‌کردم کارم به اداری‌نشینی بکشد","کار و شغل","","ff994aa8-d11a-4867-8e4c-86f632dfc97c"
"4062","me encanta el teletrabajo","عاشق دورکاری هستم","کار و شغل","","824fd7c8-fa2d-450c-b362-41291e0fa2cd"
"4063","los compañeros de trabajo","همکاران","کار و شغل","","48cd54f1-6526-4577-aad2-461c69babbdb"
"4064","¿te gusta tu trabajo?","کارت را دوست داری؟","کار و شغل","","72473840-8ea4-4880-a6e1-25e6d65dd4e5"
"4065","¿A qué hora es el horario de oficina?","ساعت کاری اداره چه زمانی است؟","کار و شغل","","0f4cce06-d66d-4d34-98b2-cf64e2724c57"
"4066","el curro","کار ، شغل (اصطلاح عامیانه)","کار و شغل","","d2f5bf9a-e8c5-4668-8257-4f6820894411"
"4067","siempre me ducho antes de ir al trabajo","همیشه قبل از رفتن به سر کار دوش می‌گیرم","کار و شغل","","9ff491ad-5d29-4f4f-9562-6393b78d8193"
"4068","polígono industrial","شهرک صنعتی ، منطقه صنعتی","کار و شغل","","faeaf7e9-5f15-4261-b168-d1cd9e40bf89"
"4069","tengo algunas dudas sobre esa estrategia","تردیدهایی درباره آن استراتژی دارم","کار و شغل","","26722f4b-c12f-482e-8dfb-a82f40f09085"
"4070","esa estrategia","آن راهبرد ، آن استراتژی","کار و شغل","","6a4e794a-4547-4f7e-b673-a5781624e239"
"4071","ESTAR EN PLAN BORDE","بداخلاق ، بی‌ادب بودن (اصطلاح عامیانه)","کار و شغل","","41db78bd-454c-41d5-b01c-1ea8837a5284"
"4072","QUEDARSE SIN PLAN","بی‌برنامه ماندن","کار و شغل","","f43e90f5-2518-423c-b71b-851a6ea422b1"
"4073","si dejara mi trabajo, sería más feliz","اگر شغلم را رها می‌کردم، خوشحال‌تر بودم","کار و شغل","","47832ccd-0be1-4baa-bd7f-9d4949ba52d1"
"4074","si pudiera, dejaría de trabajar","اگر می‌توانستم، دست از کار می‌کشیدم","کار و شغل","","1c0e160a-6ffb-4315-9090-e82527c693d2"
"4075","la experiencia","تجربه ، سابقه","کار و شغل","","b6b4b8b9-1b14-4bdb-a525-4526c71be946"
"4076","¿qué habilidades tienes?","چه مهارت‌هایی داری؟","کار و شغل","","64ec23c8-6921-4f2a-8195-d77403ec8686"
"4077","sugiero bajar los impuestos","پیشنهاد می‌کنم مالیات‌ها کاهش یابد","کار و شغل","","e558f60e-1d6c-424f-bb40-1ffc4e2b170c"
"4078","el impuesto","مالیات","کار و شغل","","a6dee554-6a88-4478-b9ec-e428ae3d7439"
"4079","el presupuesto","بودجه","کار و شغل","","b9236718-667f-4dac-b272-e23d755824d5"
"4080","la planilla / el formulario","فرم ، برگه درخواست","کار و شغل","","fccc2cb0-0464-410c-834c-44c0246f21c2"
"4081","el negocio","تجارت ، کسب‌وکار","کار و شغل","","6119d101-4370-404f-8044-5562243482a1"
"4082","la empresa","شرکت ، بنگاه اقتصادی","کار و شغل","","ef4a9e2a-3696-497b-b1ba-5a0dcb905da0"
"4083","la compañía","کمپانی ، شرکت","کار و شغل","","6218dcb4-1f1e-4088-84dd-09ae4ba6edce"
"4084","la industria","صنعت","کار و شغل","","9bdd531b-ec7c-47e8-a4f1-05638cdd541d"
"4085","la producción","تولید","کار و شغل","","f23668e1-fed0-4d2f-abba-42e28cd2f026"
"4086","el trabajo","کار ، شغل","کار و شغل","","62c50b17-48d6-4924-a239-cffb170b98a5"
"4087","el empleo","اشتغال ، شغل","کار و شغل","","842a3f4d-d752-48c1-b560-2f02b03e886f"
"4088","el desempleo / el paro","بیکاری","کار و شغل","","82a702d8-45b7-485d-9562-db5136b93cc3"
"4089","estar en paro","بیکار بودن","کار و شغل","","703b9707-074d-411f-b61a-43edeb61059e"
"4090","en paro","در حال بیکاری","کار و شغل","","87959ba7-6e69-49bc-8367-73f41f15fd2e"
"4091","lleva dos meses en el paro","دو ماه است که بیکار است","کار و شغل","","a159171e-c4bc-4378-aa2b-a55e6f81db43"
"4092","el puesto","سمت شغلی ، جایگاه","کار و شغل","","701cc749-5f60-4826-9c53-b3430b4c5119"
"4093","el sueldo / el salario","حقوق ، دستمزد","کار و شغل","","02d152f0-8105-44b4-aa79-1d3fdb3a9545"
"4094","la paga","پرداختی ، حقوق","کار و شغل","","1f497f47-157f-42bc-9e83-73b324cec2cd"
"4095","el horario","برنامه زمانی ، ساعات کاری","کار و شغل","","4599e0f6-b184-420b-8b57-001c15e4dc8f"
"4096","¿Cuál es el horario de oficina?","ساعات کاری دفتر چیست؟","کار و شغل","","5ae04652-860e-4415-a0c9-4b63a3289c8e"
"4097","la jornada","روز کاری ، شیفت کاری","کار و شغل","","902728a8-a0e4-48f1-b73b-f4a05031d328"
"4098","el turno","نوبت ، شیفت","کار و شغل","","170af381-2c92-40af-b1cb-6d5106f7087f"
"4099","esperé mi turno","منتظر نوبتم ماندم","کار و شغل","","54aa8328-9341-4b85-9b09-8ff49fa6a6fc"
"4100","el permiso","مرخصی ، اجازه","کار و شغل","","cd0ba9bd-113f-447d-b7be-ad2093962f20"
"4101","la baja","مرخصی استعلاجی ، غیبت قانونی","کار و شغل","","ddee938e-54e1-4cd8-839d-71f4388b51c9"
"4102","el retiro / la jubilación","بازنشستگی","کار و شغل","","cac58235-4188-4d71-8451-c0277a8901c0"
"4103","el jefe","رئیس ، مدیر","کار و شغل","","8c38d323-366d-4a99-bb68-af4f0b9f533a"
"4104","el encargado","مسئول ، سرپرست","کار و شغل","","d107824b-e9b8-4ce4-9087-0af935f3b5ee"
"4105","el empleado","کارمند ، حقوق‌بگیر","کار و شغل","","2398106d-6ca1-4390-a844-bc3e80009378"
"4106","el trabajador","کارگر ، نیروی کار","کار و شغل","","db9ab2ce-edc2-4262-a88d-02f9b95d0fc1"
"4107","el equipo","تیم ، گروه","کار و شغل","","6232b9bb-8fa7-4077-945c-cfcd362196ef"
"4108","el proyecto","پروژه ، طرح","کار و شغل","","b24959ca-5b9c-49f6-8627-2f5bac3597bc"
"4109","la tarea","وظیفه ، تکالیف","کار و شغل","","13f64920-e847-4bfd-917b-2a2edcd310d1"
"4110","las tareas","وظایف ، امور روزمره","کار و شغل","","0e332cbe-4dc7-4017-a414-7f66d9e0e41c"
"4111","el informe","گزارش","کار و شغل","","477c84f9-dbc0-4f36-9e2b-18d9b343645b"
"4112","el plan","برنامه ، طرح","کار و شغل","","5bda6113-cb1f-4bd0-b9eb-309ed75f11b6"
"4113","la estrategia","راهبرد ، استراتژی","کار و شغل","","dfa0b23f-787f-4f38-9a81-9d0154b50c87"
"4114","la reunión","جلسه ، نشست","کار و شغل","","75656642-4eeb-4df3-9308-7d10dc1cbd7f"
"4115","la agenda","دستور جلسه ، تقویم کاری","کار و شغل","","645ce45f-2c65-4b29-87fb-5e8b1671e9a1"
"4116","El cajero no me da dinero.","دستگاه عابربانک پول نمی‌دهد. ، دستگاه خودپرداز پول به من تحویل نمی‌دهد.","مکالمه روزمره","","33bf041a-13bb-42ec-96af-1bdc4b0f909b"
"4117","Quiero sacar dinero.","می‌خواهم پول برداشت کنم. ، می‌خواهم از حسابم پول بکشم.","مکالمه روزمره","","468cfc07-204b-45ca-a0e4-8a270a3371a0"
"4118","necesito sacar dinero","لازم است پول برداشت کنم ، نیاز دارم پول نقد بگیرم","مکالمه روزمره","","fadb6faf-1018-471e-b625-52e2b12832ac"
"4119","Quiero hacer un ingreso.","می‌خواهم پول واریز کنم (به حساب بسپارم). ، تمایل به واریز وجه دارم.","مکالمه روزمره","","62a6db0b-7317-4722-a24f-07398231c4de"
"4120","Quiero transferir dinero.","می‌خواهم پول منتقل کنم ، کارت‌به‌کارت کنم. ، تمایل به انتقال وجه دارم.","مکالمه روزمره","","4af29557-25b3-4f68-a345-9cc449866181"
"4121","Quiero cambiar dinero.","می‌خواهم ارز ، پول چنج کنم (تبدیل کنم). ، تمایل به تبدیل پول دارم.","مکالمه روزمره","","11f8fa65-e686-4ea6-831f-290c3ac6a7b0"
"4122","¿Cuál es el tipo de cambio?","نرخ ارز چقدر است؟ ، نرخ تبدیل پول چیست؟","مکالمه روزمره","","abb2b640-6bd7-4ee3-872e-4501a2abfe77"
"4123","¿Me cobran comisión?","آیا کارمزد کم می‌کنید؟ ، از من کارمزد می‌گیرید؟","مکالمه روزمره","","cb3ec700-0174-447d-b2cc-00cd86d74002"
"4124","¿Cuánto es la comisión?","هزینه کارمزد چقدر است؟ ، میزان کارمزد چقدر می‌شود؟","مکالمه روزمره","","f04cc31f-130f-4013-b937-81c7beda640c"
"4125","Quiero pedir un préstamo.","می‌خواهم درخواست وام بدهم. ، تقاضای تسهیلات ، وام دارم.","مکالمه روزمره","","38598b28-300b-4c1c-9e11-7afb1840c7ce"
"4126","préstamo hipotecario","وام مسکن ، تسهیلات رهن و مسکن","مکالمه روزمره","","094d80d1-262f-42dd-ab35-a5603a419e60"
"4127","préstamo personal","وام شخصی ، تسهیلات فردی","مکالمه روزمره","","f230bd64-0fcb-4d64-885f-377753626f0d"
"4128","fondo de inversión","صندوق سرمایه‌گذاری","مکالمه روزمره","","ffe645cd-422c-4fb5-a092-a097ef60023c"
"4129","capital inicial","سرمایه اولیه","مکالمه روزمره","","9f663352-b9e0-420a-a079-9df691244135"
"4130","¿Necesito aval?","آیا ضامن نیاز دارم؟ ، ضمانت می‌خواهد؟","مکالمه روزمره","","d171f6cc-9d54-4c00-8522-e93d23524583"
"4131","Quiero anular una domiciliación.","می‌خواهم پرداخت مستقیم تلقاری (دایرکت دبيت) را لغو کنم. ، می‌خواهم لغو برداشت خودکار قبض کنم.","مکالمه روزمره","","9511173c-8a35-470e-95f1-68de8d54f4db"
"4132","Quiero domiciliar una factura.","می‌خواهم قبض را روی پرداخت خودکار بانکی بگذارم.","مکالمه روزمره","","a9701ecd-69e4-4a71-a004-86565076664d"
"4133","No reconozco este cargo.","این برداشت ، کسر از حساب را به یاد نمی‌آورم (نمی‌شناسم).","مکالمه روزمره","","9686c1c4-1cdf-4970-b602-e0e5f7261bf7"
"4134","Quiero reclamar un cargo.","می‌خواهم نسبت به یک برداشت از حساب اعتراض ، پیگیری کنم.","مکالمه روزمره","","f3d62bee-6325-4425-ae9e-c287183aa5f7"
"4135","¿Puede darme un extracto?","می‌توانید به من صورت‌حساب (پرینت حساب) بدهید؟","مکالمه روزمره","","4f0108f8-e6eb-44e1-a8d9-f4b342117b8f"
"4136","¿Tienen banca online?","آیا اینترنت‌بانک دارید؟ ، خدمات بانکی آنلاین دارید؟","مکالمه روزمره","","5d0f1c39-e949-4dab-8105-fef93efa6245"
"4137","monedero electrónico","کیف پول الکترونیکی","مکالمه روزمره","","476489ac-7163-49ae-8ff4-bfd501fbea60"
"4138","deber dinero","بدهکار بودن ، پولی بدهی داشتن","مکالمه روزمره","","e2e31fc9-cff3-4ade-b112-eca58f86a29d"
"4139","me debes dinero","تو به من پول بدهکاری","مکالمه روزمره","","1c64e8af-665f-4f30-8ff5-d013691c91d7"
"4140","ganar dinero","پول درآوردن ، کسب درآمد کردن","مکالمه روزمره","","11607999-a265-4a28-86fb-fce2421f9102"
"4141","gasto más de lo que gano","بیشتر از درآمدم خرج می‌کنم","مکالمه روزمره","","ce544736-87e1-49aa-8726-7bf30ea64d0e"
"4142","no me importa el dinero","پول برای من اهمیتی ندارد","مکالمه روزمره","","0d3d4922-87f7-4984-9570-4f4cdf146fd1"
"4143","no podemos gastar todo el dinero","نمی‌توانیم تمام پول را خرج کنیم","مکالمه روزمره","","7ffc934e-0c48-40b1-b935-4cbcad960d1a"
"4144","no me lo puedo permitir","استطاعت مالی‌اش را ندارم ، وسعم نمی‌رسد","مکالمه روزمره","","ad428f03-f472-4607-a97d-f019c859103d"
"4145","es mi última oferta","این آخرین پیشنهاد من است","مکالمه روزمره","","6cd4e6fa-e069-4df1-9035-e7ebb3dc1758"
"4146","déjame hacerte una oferta","بگذار پیشنهادی به تو بدهم","مکالمه روزمره","","395eafba-a1e8-4b4c-9276-782d1ad9c211"
"4147","pues no le puedo dar cambio","خب، نمی‌توانم باقی پول را به شما برگردانم (باقی پول ندارم)","مکالمه روزمره","","cb4cbea5-1c9f-4049-b905-9b67c073f19f"
"4148","no le puedo dar","نمی‌توانم به شما بدهم","مکالمه روزمره","","757726bb-67ae-4c4d-b524-ea96289551d1"
"4149","En el banco","در بانک","مکالمه روزمره","","3986553a-c61a-4080-8d7d-4a485f0728a7"
"4150","¿Dónde está el buzón?","صندوق پست کجاست؟","مکالمه روزمره","","7d234a88-1b07-4952-a010-abd521760127"
"4151","¿Dónde puedo echar la carta?","کجا می‌توانم نامه را پست کنم (در صندوق بیندازم)؟","مکالمه روزمره","","285cce18-8e71-45e6-a2da-17c542b93b0c"
"4152","Quiero enviar una carta.","می‌خواهم یک نامه بفرستم.","مکالمه روزمره","","9c2cfbb3-d2d6-4032-9bc5-9f1ee09d227a"
"4153","... la carta que escribí esta mañana","... نامه‌ای که امروز صبح نوشتم","مکالمه روزمره","","a64d387b-3935-470a-bdae-88bd3974853a"
"4154","… la carta que escribí esta mañana","... نامه‌ای که امروز صبح نوشتم","مکالمه روزمره","","ab6ca414-d802-4aa3-b98d-11477205cb7b"
"4155","Quiero enviar una postal.","می‌خواهم یک کارت‌پستال بفرستم.","مکالمه روزمره","","6d67bfdb-1d44-44a9-a3d1-0b1e6a4a6096"
"4156","Quiero enviar este paquete.","می‌خواهم این بسته را پست کنم.","مکالمه روزمره","","177b2cbc-0657-4f04-ac3f-19e3ece06692"
"4157","Quiero recoger un paquete.","می‌خواهم یک بسته را تحویل بگیرم.","مکالمه روزمره","","8991e9a4-9a0e-48cc-971a-a67cb00b3363"
"4158","Tengo un aviso de llegada.","یک ابلاغیه ، برگه اعلام وصول مرسوله دارم.","مکالمه روزمره","","e0ce7a87-ea67-4ab7-83fc-81eb7b109db3"
"4159","¿Dónde tengo que ir a recogerlo?","برای تحویل گرفتنش کجا باید بروم؟","مکالمه روزمره","","b393be28-b79c-4417-861c-cfecece1a701"
"4160","Quiero diez sellos.","ده عدد تمبر پستی می‌خواهم.","مکالمه روزمره","","d1d6c31a-4d06-4b9e-8e29-9bc0ef4015f3"
"4161","Quiero poner un sello.","می‌خواهم یک تمبر بزنم.","مکالمه روزمره","","38902a83-30bf-47a2-a908-ada6b168bc41"
"4162","¿Me da un sello?","یک تمبر به من می‌دهید؟","مکالمه روزمره","","46e3c849-cba6-408e-97dc-7b9142aa46f4"
"4163","¿Cuánto cuestan los sellos?","قیمت تمبرها چقدر است؟","مکالمه روزمره","","c0900e75-1588-4282-85b2-a12ddb961a5c"
"4164","Quiero enviarlo certificado.","می‌خواهم آن را به صورت سفارشی ارسال کنم.","مکالمه روزمره","","6797faea-6b66-4535-9d9a-fc7b4f16c974"
"4165","Quiero enviarlo urgente.","می‌خواهم آن را به صورت پیشتاز ، پیشتاز فوری ارسال کنم.","مکالمه روزمره","","0c0b8cd7-0faa-4c87-a743-6d8b96bd98d1"
"4166","¿Hay envío certificado?","آیا پست سفارشی موجود است؟","مکالمه روزمره","","899e00cb-2497-49ec-bfcd-620816a44312"
"4167","¿Hay envío urgente?","آیا ارسال پیشتاز ، فوری هست؟","مکالمه روزمره","","1cb87e8f-24d9-40cf-91e5-fb927fa10e33"
"4168","¿Puedo asegurar el envío?","می‌توانم مرسوله را بیمه کنم؟","مکالمه روزمره","","84cbf627-e875-4280-81ae-22eb4938121a"
"4169","¿Puedo enviar esto contra reembolso?","می‌توانم این را به صورت پرداخت در محل (پس‌کرایه) بفرستم؟","مکالمه روزمره","","d90d06a5-08b3-4e87-8dbd-4fefacd0c93d"
"4170","¿Está prohibido enviar esto?","آیا فرستادن این ممنوع است؟","مکالمه روزمره","","56718022-350f-4f9c-a103-a0f7e37fcda0"
"4171","¿Se puede enviar líquidos?","آیا می‌توان مایعات ارسال کرد؟","مکالمه روزمره","","a6c08ba8-59a5-469a-ba0a-219384df21d7"
"4172","¿A qué hora recogen el correo?","چه ساعتی مرسولات پستی را جمع‌آوری می‌کنند؟","مکالمه روزمره","","94ebfd25-f44d-4bde-af91-25d264c0350b"
"4173","¿Hay servicio de apartado de correos?","آیا خدمات صندوق پستی اختصاصی وجود دارد؟","مکالمه روزمره","","9070e6ca-0542-423f-ab85-7d17442c4cc1"
"4174","Quiero alquilar un apartado.","می‌خواهم یک صندوق پستی اجاره کنم.","مکالمه روزمره","","2ab658fd-a252-4b98-89f3-85f6cbe25120"
"4175","servicio de paquetería","خدمات پست بسته‌های پستی ، پیک","مکالمه روزمره","","88faf971-3df5-452a-8260-b0900eb8a006"
"4176","el remitente","فرستنده","مکالمه روزمره","","3f51fdfe-f990-4b1d-afee-9a592fba535a"
"4177","¿Cuál es el código postal?","کد پستی چیست؟","مکالمه روزمره","","286ad6e0-4c49-495f-b1b5-698ce610d089"
"4178","Me gustaría trabajar a tiempo completo","تمایل دارم به صورت تمام‌وقت کار کنم","مکالمه روزمره","","7f89237f-b61a-4972-8a5b-3f4c3f451b9b"
"4179","la carta de motivación","انگیزه‌نامه","مکالمه روزمره","","4ff4e25d-89d3-4b08-8f69-03672cd99704"
"4180","¿por qué quieres dejar el trabajo ahora?","چرا می‌خواهی همین الان کارت را رها کنی؟","مکالمه روزمره","","23c72351-2dcd-4d6e-9034-9f007a04e39f"
"4181","me gustaría hablar sobre mi rendimiento","دوست دارم درباره عملکرده‌ام صحبت کنم","مکالمه روزمره","","011832df-bc5f-4aee-a5eb-9c0880e79140"
"4182","espero poder seguir demostrando lo que valgo","امیدوارم بتوانم همچنان شایستگی‌هایم را اثبات کنم","مکالمه روزمره","","6f8f9783-5768-44fb-a41d-b52d566d122d"
"4183","tu esfuerzo ha dado grandes resultados","تلاش تو نتایج بزرگی داشته است","مکالمه روزمره","","9a72c9fa-c35c-4700-8d3f-9b03577122b2"
"4184","tu dedicación ha sido excepcional","تعهد و دلسوزی تو فوق‌العاده بوده است","مکالمه روزمره","","f69973da-01c3-4190-81f2-340f133aba22"
"4185","tus logros son notables","دستاوردهای تو چشمگیر هستند","مکالمه روزمره","","b3377f2b-c010-4e8c-85c9-3342abeedd5c"
"4186","me impresionaste cuando …","مرا شگفت‌زده کردی وقتی ...","مکالمه روزمره","","08651bc0-4c9f-45bf-a7aa-f6e7fe5f4eeb"
"4187","me impresionaste cuando...","زمانی که ... مرا تحت تاثیر قرار دادی","مکالمه روزمره","","55b3560e-9c63-40ec-8f7b-6d5f20184003"
"4188","tienes mucho potencial","پتانسیل و ظرفیت بسیار بالایی داری","مکالمه روزمره","","e4ffdd67-9e98-496c-9285-75fe0aac08c5"
"4189","¿qué puedo hacer para conseguir un aumento en el futuro?","برای گرفتن افزایش حقوق در آینده چه کاری می‌توانم انجام دهم؟","مکالمه روزمره","","87d40f3b-d59e-4155-9301-d6983bc880f0"
"4190","me gustaría mejorar en …","دوست دارم در ... پیشرفت کنم","مکالمه روزمره","","3ec37f8a-658a-4200-b9d0-981e6c7f8780"
"4191","me gustaría mejorar en...","علاقه‌مندم در ... ارتقا پیدا کنم","مکالمه روزمره","","aacd1de3-e7dc-4170-8f44-6bf2fc08e324"
"4192","podrías ser más constante en …","می‌توانی در ... باثبات‌تر باشی","مکالمه روزمره","","83f80df9-c18f-4be0-89bb-6c999f6ac1f4"
"4193","podrías ser más constante en...","می‌توانی در زمینه ... ثبات قدم بیشتری نشان دهی","مکالمه روزمره","","b9c44004-694e-4042-96a2-7efcc680232f"
"4194","necesito ayuda en …","در ... نیاز به کمک دارم","مکالمه روزمره","","02f8fbff-d44b-43af-af79-caf0decd18e0"
"4195","necesito ayuda en...","برای ... محتاج کمکم","مکالمه روزمره","","6c631c66-894b-469b-8ef4-10cf39b22415"
"4196","necesito más apoyo en ciertas áreas","در برخی زمینه‌ها نیاز به پشتیبانی بیشتری دارم","مکالمه روزمره","","58e1ed5d-7dd9-49de-91f7-503ebc526c8f"
"4197","quiero seguir creciendo","می‌خواهم به رشد و پیشرفت ادامه دهم","مکالمه روزمره","","478efb94-3915-420d-8eb2-281b3a3e35eb"
"4198","quiero explorar nuevas oportunidades","می‌خواهم فرصت‌های جدید را بررسی کنم","مکالمه روزمره","","fd08ce2c-e58d-4ece-914b-3bcb2a01463c"
"4199","tu crecimiento profesional es importante para nosotros","رشد حرفه‌ای تو برای ما حائز اهمیت است","مکالمه روزمره","","b198e193-2eee-4cee-83b9-b6ff7c101f8e"
"4200","agradezco tus comentarios","از بازخوردها و نظراتت سپاسگزارم","مکالمه روزمره","","72c007fb-d185-433c-b575-1b7b8d48ec72"
"4201","me gustaría compartir mi perspectiva","دوست دارم دیدگاه و زاویه دید خودم را به اشتراک بگذارم","مکالمه روزمره","","6bfa32d8-2e98-4c62-bc6e-2c3962cd3777"
"4202","¿cómo vas a explicar tus comentarios?","نظرات خود را چگونه توضیحات خواهی داد؟","مکالمه روزمره","","0bc8246e-feb2-4778-81f4-4d98ebcc6116"
"4203","¿cómo vas a mantener un tono positivo?","چگونه لحن مثبت خود را حفظ خواهی کرد؟","مکالمه روزمره","","3b9b9c21-ed60-4978-acf3-a5d987e4eb7d"
"4204","un tono positivo","یک لحن مثبت","مکالمه روزمره","","0febf11e-130b-4e84-82e9-d3465aeed78b"
"4205","¿podríamos revisarlo en unos meses?","می‌توانیم چند ماه دیگر دوباره آن را بررسی کنیم؟","مکالمه روزمره","","6d31352d-cf98-4a1a-87c7-5a82223b4eb6"
"4206","enviamos un resumen con los acuerdos","خلاصه‌ای همراه با توافقات ارسال می‌کنیم","مکالمه روزمره","","340ada78-37c5-44ee-802a-44018f44c7dd"
"4207","los acuerdos","توافق‌نامه‌ها ، توافقات","مکالمه روزمره","","20ae07f1-2105-4ae2-a9b4-93aea5bc4e82"
"4208","que todos vengan preparados","همه با آمادگی بیایند","مکالمه روزمره","","c67c801e-d80c-477e-8354-b6a935d5cd44"
"4209","vengan preparados","با آمادگی حاضر شوید","مکالمه روزمره","","b098453a-2af6-41a7-9ece-03bafc58513a"
"4210","¿qué podemos hacer para que todos vengan preparados?","چه کار کنیم تا همه با آمادگی کامل بیایند؟","مکالمه روزمره","","63adc571-6774-4803-abd6-a81b800303dc"
"4211","las reuniones son demasiado largas","جلسات بیش از حد طولانی هستند","مکالمه روزمره","","edd88749-0b28-434c-8331-99294c44f9ee"
"4212","sería útil limitar la duración de las reuniones","مفید خواهد بود اگر زمان جلسات را محدود کنیم","مکالمه روزمره","","d82cc7e6-3fc0-44e0-9721-36a2572bb74c"
"4213","un límite de tiempo","یک حد زمانی ، زمان محدود","مکالمه روزمره","","ab00e4ca-50ba-451e-b292-ce7d03688c96"
"4214","podemos asignar un límite de tiempo por tema","می‌توانیم برای هر موضوع یک زمان مشخص اختصاص دهیم","مکالمه روزمره","","0a31fd08-2ac0-4ff8-a689-0b7aba13c20a"
"4215","¿qué podemos hacer para respetar los tiempos?","چه کنیم تا زمان‌بندی‌ها رعایت شوند؟","مکالمه روزمره","","d9045ee1-b34f-4fb9-8685-fbb0dd55fc9c"
"4216","podemos designar un moderador","می‌توانیم یک گرداننده ، مدیر جلسه مشخص کنیم","مکالمه روزمره","","ed1e4ea2-bfba-476b-bd57-099af61d92b0"
"4217","un moderador","یک مدیر جلسه ، اداره‌کننده","مکالمه روزمره","","31354363-f5de-412c-bb2a-14b3651f3353"
"4218","el moderador","مدیر جلسه ، ناظر","مکالمه روزمره","","5db7fc5e-e4fc-42e8-adf5-6f3611dc00c5"
"4219","a menudo nos desviamos del tema","اغلب از اصل موضوع منحرف می‌شویم","مکالمه روزمره","","2d46a0b6-ddcc-41e8-aaaa-9af7b3fb22df"
"4220","¿qué hacemos si un tema no es relevante para todos?","اگر موضوعی برای همه مرتبط نبود چه کار کنیم؟","مکالمه روزمره","","1e8f4d3e-2dd7-4f1e-9d84-5d32da332322"
"4221","a qué deberíamos darle prioridad?","به چه چیزی باید اولویت بدهیم؟","مکالمه روزمره","","edff58fe-462e-45ac-831b-c1e0176a8a81"
"4222","darle prioridad a los temas importantes","اولویت دادن به موضوعات مهم","مکالمه روزمره","","9925e395-fabd-4580-a85b-082545105120"
"4223","podemos dejarlo para el final","می‌توانیم آن را بگذاریم برای آخر کار","مکالمه روزمره","","28868505-d2ff-4c99-a050-26ed055a9a13"
"4224","enfrentar un desafío","مواجهه با یک چالش","مکالمه روزمره","","6dfc334d-a7fc-460d-bee5-0665402cea22"
"4225","el desafío","چالش","مکالمه روزمره","","4eeab076-a5ad-4bbf-898d-6478975305d1"
"4226","resolver el problema","حل کردن مشکل","مکالمه روزمره","","87acb52d-f2e4-4939-80aa-d38ef4eef62c"
"4227","la resolución de problemas","حل مسئله ، برطرف کردن مشکلات","مکالمه روزمره","","ca252ca9-3690-4869-aa4a-171219912ffe"
"4228","enviar recordatorios","ارسال یادآوری‌ها","مکالمه روزمره","","9fae549a-2016-4486-a9d6-fe0d0bee8abc"
"4229","podríamos analizar los pros y contras","می‌توانیم مزایا و معایب (مزایا و نقاط ضعف) را تحلیل کنیم","مکالمه روزمره","","f6201085-d3ab-4334-8040-a9d7e709a364"
"4230","los pros y contras","مزایا و معایب ، نقاط مثبت و منفی","مکالمه روزمره","","af152d18-33a6-4d9d-904a-fd945f62cbfe"
"4231","¿cómo podemos saber si los cambios han funcionado?","از کجا بفهمیم تغییرات موثر بوده‌اند؟","مکالمه روزمره","","6cdce486-f96b-4cd3-aad8-581fddc0cdbf"
"4232","aportar soluciones","ارائه راه‌حل‌ها","مکالمه روزمره","","aef666c0-514c-4847-bdf6-957fb8bf16aa"
"4233","creo que hay otra manera de abordar el problema","فکر می‌کنم روش دیگری برای مواجهه با این مشکل وجود دارد","مکالمه روزمره","","72aa9088-38d1-4f35-bdd1-d5b286612c20"
"4234","¿hay alguna forma de combinar nuestras ideas?","آیا راهی برای تلفیق ایده‌هایمان هست؟","مکالمه روزمره","","d71f8843-bbcb-46ae-b403-d05e61d7886c"
"4235","haré los ajustes necesarios para me encontrar un equilibrio","تغییرات و اصلاحات لازم را انجام می‌دهم تا تعادل برقرار شود","مکالمه روزمره","","496fc38b-762d-48c9-aa95-d9c4b809d2a8"
"4236","los ajustes","اصلاحات ، تنظیمات","مکالمه روزمره","","e7d37162-0a04-403a-9efa-1b9ecbe36da3"
"4237","seguro que mejoramos con pequeños ajustes","مطمئناً با اصلاحات کوچک شرایطمان بهتر می‌شود","مکالمه روزمره","","08141459-aea4-4e46-b07d-56e8d710bf8c"
"4238","el seguimiento","پیگیری ، دنبال‌گیری","مکالمه روزمره","","1e174a47-7697-4c09-a4ce-63677eb58fe2"
"4239","no todos participan activamente","همه مشارکت فعال ندارند","مکالمه روزمره","","34f3b86e-def6-4b2a-a2f9-c2c2b9eb5e74"
"4240","¿cómo podemos animar a la gente a participar?","چگونه می‌توانیم افراد را به مشارکت تشویق کنیم؟","مکالمه روزمره","","b1162bc2-fc61-4b09-8235-e5e876d2eb5e"
"4241","dinámica de grupo","پویایی گروهی ، تعاملات گروهی","مکالمه روزمره","","5b2eba55-89e5-44aa-957c-72cf9e6a06b2"
"4242","no estoy alineado con los valores de la empresa","با ارزش‌های شرکت همسو نیستم","مکالمه روزمره","","9d37ab27-2bda-44f3-81cb-920bdc8ec5c4"
"4243","código ético","کد اخلاقی ، منشور اخلاق حرفه‌ای","مکالمه روزمره","","b0af6d0b-fcc7-493d-92e0-6aab341c0a17"
"4244","el ambiente laboral es difícil","محیط کاری سخت و طاقت‌فرساست","مکالمه روزمره","","73c99725-31f3-4019-ae61-ec6f8de85498"
"4245","mi carga laboral es excesiva","بار کاری من بیش از حد سنگین است","مکالمه روزمره","","7795720a-0a02-4e14-8bae-b36138e08b63"
"4246","¿cómo crees que reaccionarán?","به نظرت چه واکنشی نشان خواهند داد؟","مکالمه روزمره","","c9fdef1c-66bf-47c5-b72b-944bdfb49988"
"4247","negociación colectiva","مذاکره دسته‌جمعی ، پیمان دسته‌جمعی کاری","مکالمه روزمره","","455e529c-f6e4-4c17-85b6-263cb8c14a2c"
"4248","hacer huelga","اعتصاب کردن","مکالمه روزمره","","2936a577-7e9e-4359-b558-e0cd9f018d43"
"4249","la huelga","اعتصاب","مکالمه روزمره","","5f014c1c-e4e9-46ae-90e0-0094aa7824f9"
"4250","deberían despedirle por vago","باید او را به خاطر تنبلی اخراج کنند","مکالمه روزمره","","51a3bc3e-cc2e-432e-818d-45b120ff3fbb"
"4251","el nuevo es un pelota","کارمند جدید خیلی پاچه‌خوار است","مکالمه روزمره","","5cf237fb-2ffd-453c-8ba9-a4f6dff3fe85"
"4252","¿A qué hora abre?","چه ساعتی باز می‌شود؟","مکالمه روزمره","","1617c9b0-ce8d-44c1-9f73-f701057b0e4e"
"4253","¿A qué hora cierra?","چه ساعتی بسته می‌شود؟","مکالمه روزمره","","f1369770-1f41-4828-883a-c3f95a7e1219"
"4254","¿Atienden los sábados?","شنبه‌ها پاسخگویی ، خدمات دارید؟","مکالمه روزمره","","f1c8f065-d473-494f-b8e8-3bbff309e9eb"
"4255","¿a qué te dedicas?","شغلت چیست؟ ، به چه کاری مشغولی؟","مکالمه روزمره","","7d79b149-58bb-4f6f-8d67-b402dd0b3f96"
"4256","¡mañana me cojo el día libre!","فردا مرخصی می‌گیرم ، فردا را تعطیل می‌کنم!","مکالمه روزمره","","f6faa162-18d8-4c15-aff3-47065b012b11"
"4257","los domingos no se trabaja","یکشنبه‌ها کاری انجام نمی‌شود (تعطیل است)","مکالمه روزمره","","40b09bf2-eadd-400f-8e2c-7221321de6de"
"4258","el dentista","دندان‌پزشک","مکالمه روزمره","","c63d93ff-f418-46a7-ad35-06b125fbbb4d"
"4259","el cirujano","جراح","مکالمه روزمره","","84a2ce98-f2d2-4cbf-ac6e-7cba4110fa5e"
"4260","la psicóloga","روان‌شناس (زن)","مکالمه روزمره","","3a7e7341-fbc9-4c09-8368-a6ba646bcf89"
"4261","el profe / la profe","معلم ، استاد (عام)","مکالمه روزمره","","60451d88-af08-4ec4-a78d-8be250b804e4"
"4262","el profe; la profe","معلم مرد ، معلم زن","مکالمه روزمره","","a645e6f0-0d3a-49da-b2c2-dde4c3de713c"
"4263","el estudiante","دانش‌آموز ، دانشجوی مرد","مکالمه روزمره","","5800d0c9-6fed-4f39-b550-28bc4151c422"
"4264","la estudiante","دانش‌آموز ، دانشجوی زن","مکالمه روزمره","","6330ed63-ccf5-4ace-b80b-f191842dc7c2"
"4265","el juez / la jueza","قاضی (مذکر ، مؤنث)","مکالمه روزمره","","fdfad76e-34a9-4f66-88f1-2044328f35c7"
"4266","el juez; la jueza","قاضی مرد ، قاضی زن","مکالمه روزمره","","dfe40eeb-591d-4be0-9231-18ed5c02d608"
"4267","la abogada","وکیل مدافع زن","مکالمه روزمره","","789bb5a2-f86a-404a-a4a0-0608e962adcb"
"4268","el agente","مامور ، نماینده","مکالمه روزمره","","99d446eb-1c79-4a7c-8904-16ac7232bee9"
"4269","el agente de policía","مامور پلیس","مکالمه روزمره","","d43b1506-2819-4ce8-88fe-6a99dab068d8"
"4270","la policía","پلیس ، نیروی انتظامی","مکالمه روزمره","","7ec29b8d-8291-41bf-a3e1-45115884c66e"
"4271","el guarda de seguridad","نگهبان ، مامور حراست","مکالمه روزمره","","5935fee2-df51-40ad-b9a1-93c2ad118aa1"
"4272","el prisionero / la prisionera","زندانی (مذکر ، مؤنث)","مکالمه روزمره","","1ac753b5-8822-46c1-bcb8-f793030e6406"
"4273","el prisionero; la prisionera","زندانی مرد ، زندانی زن","مکالمه روزمره","","2575ac2e-90f5-40d2-ab35-1cca2bfb5a93"
"4274","el cazador / la cazadora","شکارچی (مذکر ، مؤنث)","مکالمه روزمره","","54ed3242-0148-48aa-9e02-9a1ad3cc52e9"
"4275","el fontanero; la fontanera","لوله‌کش مرد ، لوله‌کش زن","مکالمه روزمره","","5d9f28e4-23ce-4221-bc8d-955c55c84d01"
"4276","el conserje","سرایدار ، مستخدم","مکالمه روزمره","","6e9dc0a0-13aa-4f14-a7c3-11924d124b10"
"4277","el consumidor","مصرف‌کننده","مکالمه روزمره","","2b7fa2c2-00a1-4958-8466-fd629f04526a"
"4278","los consumidores","مصرف‌کنندگان","مکالمه روزمره","","1d869d66-160f-47e8-8736-e5be1aa19bc2"
"4279","el propietario / la propietaria","مالک ، صاحب‌ملک (مذکر ، مؤنث)","مکالمه روزمره","","18fbfa2f-40a0-4660-87f7-5438e0532c07"
"4280","el propietario; la propietaria","مالک مرد ، مالک زن","مکالمه روزمره","","c751f7c2-9ec3-4467-8dc9-d20a350cd7f5"
"4281","el terrateniente / la terrateniente","زمین‌دار ، ملاک (مذکر ، مؤنث)","مکالمه روزمره","","aaaa9ea4-0266-4a2d-a689-40091241050e"
"4282","el socio / la socia","شریك ، عضو (مذکر ، مؤنث)","مکالمه روزمره","","04317897-582c-46a2-ae2e-74f484100746"
"4283","el miembro de la junta","عضو هیئت‌مدیره","مکالمه روزمره","","117e252e-6683-4958-839e-b593487734c9"
"4284","la junta","هیئت‌مدیره ، شورا","مکالمه روزمره","","e30bd589-5bef-4d4e-b051-352e919bf504"
"4285","el director","مدیر ، کارگردان (مذکر)","مکالمه روزمره","","44660319-3858-477e-9111-84f18f34dff6"
"4286","la directora","مدیر ، کارگردان (مؤنث)","مکالمه روزمره","","1aac8d9c-176b-4f02-98ce-97f27332e891"
"4287","el presidente","رئیس ، رئیس‌جمهور","مکالمه روزمره","","2d1e771c-178d-46c5-8ee9-537d734020b3"
"4288","el presidente es un líder excelente","رئیس، رهبری فوق‌العاده است","مکالمه روزمره","","f3c05ee2-cd08-41ab-9dc4-1f8aab8d6350"
"4289","el primer ministro","نخست‌وزیر (مذکر)","مکالمه روزمره","","df0def3e-8b0d-4640-9356-a59337a647fb"
"4290","la primera ministra","نخست‌وزیر (مؤنث)","مکالمه روزمره","","f43549fa-fba4-48ea-a42e-333034b07531"
"4291","el ministro","وزیر","مکالمه روزمره","","a3377317-1a9b-4494-b88d-5139e98d3d4f"
"4292","me reuni con el ministro para preguntarle","با وزیر ملاقات کردم تا از او بپرسم","مکالمه روزمره","","307f6853-ada8-47ce-a70b-e0ec434b5e80"
"4293","me reuní con el ministro para preguntarle","با وزیر دیدار کردم تا سوالم را بپرسم","مکالمه روزمره","","3a7c774d-9aeb-4ef8-aabc-d5228707a251"
"4294","el funcionario / la funcionaria","کارمند دولت ، مأمور رسمی (مذکر ، مؤنث)","مکالمه روزمره","","fed33cac-20a0-4303-86e3-21ed6d771c5b"
"4295","el político","سیاستمدار","مکالمه روزمره","","61d36852-f911-4468-aeaa-d6b16f282450"
"4296","un político","یک سیاستمدار","مکالمه روزمره","","d97644d2-e3bf-415f-93f2-ffa41f1992c9"
"4297","parece un político inteligente, ¿verdad?","سیاستمدار باهوشی به نظر می‌رسد، نه؟","مکالمه روزمره","","dcfaf9a7-af1d-4ac4-a3bd-4ec3215fcb5b"
"4298","el científico; la científica","دانشمند مرد ، دانشمند زن","مکالمه روزمره","","1d0632d1-bc7f-4fb4-b05e-c1f0dcfefb62"
"4299","el físico","فیزیک‌دان مرد","مکالمه روزمره","","13d87039-0a64-4878-9cb2-9903039a71ad"
"4300","la física","علم فیزیک ، فیزیک‌دان زن","مکالمه روزمره","","fb84f980-4646-46c1-b861-d7e3618ad90b"
"4301","el astronatuta","فضانورد","مکالمه روزمره","","5cd3c605-741a-4717-9552-ab3e72de980d"
"4302","el astronauta / la astronauta","فضانورد (مذکر ، مؤنث)","مکالمه روزمره","","910ce096-2690-4ed1-8778-d1445ba23974"
"4303","el astronauta; la astronauta","فضانورد مرد ، فضانورد زن","مکالمه روزمره","","fc3f078b-fe8d-4ef2-bca2-7261c533ab9c"
"4304","el programador; la programadora","برنامه‌نویس مرد ، برنامه‌نویس زن","مکالمه روزمره","","bcf9ca81-27fe-4b92-809e-f4d562eebce4"
"4305","el traductor / la traductora","مترجم (مذکر ، مؤنث)","مکالمه روزمره","","f0d116db-39d8-4590-9cba-45bacc83a7d7"
"4306","estrella del pop","ستاره موسیقی پاپ","مکالمه روزمره","","4e505dad-fa17-48d4-bf2a-d4d61499a586"
"4307","la estrella del pop","ستاره پاپ","مکالمه روزمره","","5c1ac72b-dd42-443d-afd7-746af20e642f"
"4308","mi sueño es convertirme en músico","رویای من نوازنده ، موسیقیدان شدن است","مکالمه روزمره","","072e2f09-1691-492f-86e5-35bc34625282"
"4309","toda mi vida he querido convertirme en un escritor famoso","تمام عمرم می‌خواستم یک نویسنده مشهور شوم","مکالمه روزمره","","99408f78-657b-4efa-82c9-f6947f2609af"
"4310","editor de vídeo","تدوین‌گر ویدیو","مکالمه روزمره","","6fc2ce9d-59e9-4244-805d-e421af1a576f"
"4311","modelador 3D","مدل‌ساز سه‌بعدی","مکالمه روزمره","","71625ab1-11e4-458c-a630-1528a09873ad"
"4312","la jinete","زن سوارکار","مکالمه روزمره","","3bfee7f1-3d94-4ccb-bffd-7adb131e5c31"
"4313","el delantero","مهاجم (در فوتبال)","مکالمه روزمره","","ffdc1700-114a-4aa1-996a-d1c73a1129b6"
"4314","el rematador","آبشارزن ، زننده ضربه نهایی","مکالمه روزمره","","55b84cd5-71cb-463e-b092-d3e380afa2c8"
"4315","La gimnasta","ژیمناست زن","مکالمه روزمره","","156ba44b-0c73-4bcd-9325-bd18f668a990"
"4316","el corredor","دونده ، دلال و کارگزار","مکالمه روزمره","","35280cb7-70fd-4816-9a1b-cd1f45c5c9fc"
"4317","el veterano / la veterana","پیشکسوت ، باسابقه (مذکر ، مؤنث)","مکالمه روزمره","","905c3870-009b-4c58-9f97-ed4ebfcb4195"
"4318","el principiante","تازه‌کار ، مبتدی (مذکر)","مکالمه روزمره","","6f188bea-b3ec-4760-92d7-a2a6cca9aba0"
"4319","la principiante","تازه‌کار ، مبتدی (مؤنث)","مکالمه روزمره","","f81f6c3d-8c71-4f38-b433-72e2967519a1"
"4320","el experto / la experta","متخصص ، کارشناس (مذکر ، مؤنث)","مکالمه روزمره","","366be3ae-fae5-4556-a0fb-bd081e21c5df"
"4321","el experto; la experta","کارشناس مرد ، کارشناس زن","مکالمه روزمره","","e0e48087-b798-4ea0-9163-a07b6fa5104d"
"4322","el especialista","متخصص","مکالمه روزمره","","15eafb43-c55e-4bff-9c58-1c1a920649b5"
"4323","relaciones públicas","روابط عمومی","مکالمه روزمره","","0ec29a16-de28-4ff0-b0f7-80dafaade6ce"
"4324","¡Auxilio!","کمک! ، یاری!","مکالمه روزمره","","6d08c597-f4c9-4471-b15e-87e39b11fb7e"
"4325","¡Socorro!","کمکم کنید! ، امداد!","مکالمه روزمره","","4923a915-d852-445f-8f61-2b67f0c96d13"
"4326","¡Ayuda, hay una emergencia!","کمک، وضعیت اضطراری است!","مکالمه روزمره","","043c4ba8-7ec7-4d67-b744-0fba9bc268a1"
"4327","es una emergencia","این یک وضعیت اضطراری است","مکالمه روزمره","","d34baec3-d551-4943-9034-a78264a1865a"
"4328","en caso de emergencia","در صورت بروز وضعیت اضطراری","مکالمه روزمره","","b2bad431-3327-489f-a6d2-38fa10b7c4e6"
"4329","¿Cuál es el número de emergencias?","شماره امداد ، اورژانس چند است؟","مکالمه روزمره","","8cb2e1b4-6a5d-4b75-8834-1dce0209e9c2"
"4330","El 112.","شماره ۱۱۲.","مکالمه روزمره","","5270c6e1-3ea2-438e-b17c-50cf5a7bcf20"
"4331","Necesito ayuda.","کمک نیاز دارم.","مکالمه روزمره","","8182bf3d-e139-40c4-8670-4c7bfbe93740"
"4332","¿Me puedes ayudar?","می‌توانی کمکم کنی؟","مکالمه روزمره","","ac50e13b-8638-4a0e-958d-887f1f18182f"
"4333","Dime en qué puedo ayudarte.","بگو چطور می‌توانم کمکت کنم.","مکالمه روزمره","","c50cb577-2839-4052-9760-1c1e2fb8cbbc"
"4334","¿En qué puedo ayudarle?","چطور می‌توانم به شما کمک کنم؟","مکالمه روزمره","","7740db04-a4a0-4a1c-80b9-74f90fed4732"
"4335","¿Puede ayudarme?","می‌توانید کمکم کنید؟","مکالمه روزمره","","422695cd-17b3-4a7f-bd78-788c7042baed"
"4336","¿Puedes ayudarme?","می‌توانی کمکم کنی؟","مکالمه روزمره","","723f1529-a2b7-4e2d-9cc0-d954823274c4"
"4337","¡Necesito una ambulancia!","به یک آمبولانس نیاز دارم!","مکالمه روزمره","","f1d7a73c-399d-4a99-8643-0e9c09375217"
"4338","¿Necesitas una ambulancia?","آمبولانس می‌خواهی؟","مکالمه روزمره","","a2fb7cfb-0b19-4b40-a2b8-7fba8d0389ab"
"4339","¡Hay un herido!","یک مجروح وجود دارد!","مکالمه روزمره","","6376997b-2f60-47e0-8f94-04557968ac9b"
"4340","¡Está sangrando!","خونریزی دارد!","مکالمه روزمره","","99f007c7-10e3-480e-90e9-6c83d40fb0af"
"4341","¡Hay un incendio!","آتش‌سوزی شده است!","مکالمه روزمره","","bd9e436b-e96f-4959-aa70-ad961d9f516d"
"4342","¡Fuego!","آتش!","مکالمه روزمره","","cb2c6b0f-2b7c-4b36-a83c-98111e013e1e"
"4343","Llame a los bomberos!","با آتش‌نشانی تماس بگیرید!","مکالمه روزمره","","fad17fe0-73f3-42b0-8843-38a6c8bb206f"
"4344","Llame a la policía.","با پلیس تماس بگیرید.","مکالمه روزمره","","a63e3534-53fd-4fee-903c-03429c0651b9"
"4345","¡Llame a la policía!","با پلیس تماس بگیرید!","مکالمه روزمره","","14b66a39-7a56-43d4-a70e-b108dad080d4"
"4346","¿Llamamos a la policía?","به پلیس زنگ بزنیم؟","مکالمه روزمره","","b13b3def-d552-4a8d-8db0-ac8df555f9e2"
"4347","La policía está en camino.","پلیس در راه است.","مکالمه روزمره","","8f1d131c-6921-4b4b-95fe-79adee29f40e"
"4348","¡Al ladrón!","دزد را بگیرید!","مکالمه روزمره","","4d6ef842-8697-4604-ad79-c22e4a3e4dac"
"4349","Me han robado.","از من دزدی شده است.","مکالمه روزمره","","6a1b8f98-5aec-4823-8adb-34e4fd60d67c"
"4350","¡Me han robado!","دزد به من زده است!","مکالمه روزمره","","abd80c12-40d0-4602-9354-2a2f27636bb3"
"4351","Me han robado el móvil.","گوشی موبایلم را دزدیده‌اند.","مکالمه روزمره","","90c37950-642f-45d8-8871-f1a49f1c8330"
"4352","¡Me han atracado!","خفتم کرده‌اند ، زورگیری شده‌ام!","مکالمه روزمره","","e690e551-c920-4e27-8f79-1c0e03004d9b"
"4353","¡Me han agredido!","مورد ضرب و شتم ، تجاوز قرار گرفته‌ام!","مکالمه روزمره","","794f115c-4e1b-4b8c-a58f-3ff5258e5007"
"4354","¡Me han amenazado!","تهدید شده‌ام!","مکالمه روزمره","","368842ce-98b1-43a9-ae49-3fe924c11791"
"4355","Estoy asustado.","ترسیده‌ام (مذکر).","مکالمه روزمره","","fdba67ba-498d-4429-a7b7-cdb386139803"
"4356","Estoy asustada.","ترسیده‌ام (مؤنث).","مکالمه روزمره","","d1a89ce1-b89a-4072-b730-30a63b0ccccf"
"4357","¡Qué susto!","چه ترسی ، چقدر زهره‌ترک شدم!","مکالمه روزمره","","ca3ea52f-7464-4810-914c-4ae9936ff42f"
"4358","¡Qué miedo!","چقدر ترسناک!","مکالمه روزمره","","d213360c-8c77-4f4b-8079-e93e4c23f8f4"
"4359","Tengo miedo.","می‌ترسم.","مکالمه روزمره","","73b7c2e8-736f-4b09-91f7-6bb8742aac70"
"4360","tener miedo","ترسیدن","مکالمه روزمره","","6b9597a2-7fd0-4416-863b-92528974c9da"
"4361","tener miedo de ...","ترسیدن از ...","مکالمه روزمره","","e0281d24-17f1-4a54-baba-3e51949e0d0f"
"4362","tener miedo de …","ترسیدن از...","مکالمه روزمره","","65e2cc3f-4a2a-4026-a253-33c14cda5767"
"4363","el crimen","جرم ، جنایت","مکالمه روزمره","","a8e1d60a-3aa3-47aa-8938-3c0036c83ef8"
"4364","los crímenes y castigos son siempre temas interesantes","جرم‌ها و مجازات‌ها همیشه موضوعات جالبی هستند","مکالمه روزمره","","d47c3ad4-8a96-4bb6-b0d0-6d02c424d566"
"4365","el castigo","مجازات ، تنبیه","مکالمه روزمره","","302ad70f-75ed-41e7-bd4d-6e87d772ca32"
"4366","el delito","جرم ، تخلف قانون","مکالمه روزمره","","43305265-9ac7-4e44-b3a5-c553e75afb6f"
"4367","el asesinato","قتل","مکالمه روزمره","","f80dfd52-16cb-4f12-ab6b-7035df46c83d"
"4368","fue un asesinato","یک قتل بود","مکالمه روزمره","","17fc7ff8-b12d-474f-89ce-3f88883100fa"
"4369","el asesino","قاتل (مذکر)","مکالمه روزمره","","a0e447b2-0fb3-405d-867d-a1a8372909d5"
"4370","el asesino / la asesina","قاتل (مذکر ، مؤنث)","مکالمه روزمره","","8f77ced6-48d3-4085-a2db-ba8d53556a73"
"4371","la asesina","قاتل (مؤنث)","مکالمه روزمره","","20704b59-0ce0-418c-856b-df7415c484f6"
"4372","la policía atrapó al asesino con las manos en la masa","پلیس قاتل را مچ‌گیرانه ، حین ارتکاب جرم دستگیر کرد","مکالمه روزمره","","2be73c2c-5b18-422d-bae7-7c70f27c2b3b"
"4373","el robo","سرقت ، دزدی","مکالمه روزمره","","af2b3f4b-305e-4e9c-b69f-c84c0eacae5a"
"4374","fue un robo","یک دزدی بود","مکالمه روزمره","","8dcfcd94-e2db-47c3-851d-1eba68646a38"
"4375","¿Te apetece?","میل داری؟ ، دلت می‌خواهد؟","مکالمه روزمره","","a0eba9ff-4e61-47b0-b7a9-fb2c9849afde"
"4376","¿qué os apetece hacer?","دوست دارید چه کار کنید؟ ، هوس چه کاری کرده‌اید؟","مکالمه روزمره","","9d8cd7d6-20e8-43c8-b8ed-8e607edd0c80"
"4377","le encanta","عاشقش است ، خیلی دوست دارد","مکالمه روزمره","","6c216f9c-4a0b-4882-bb0b-2795547be65f"
"4378","me gusta meditar después de levantarme","دوست دارم بعد از بیدار شدن مدیتیشن کنم","مکالمه روزمره","","4df7e559-bc30-45f9-897e-5022fa6f9d45"
"4379","me gusta leer antes de acostarme","دوست دارم قبل از خوابیدن مطالعه کنم","مکالمه روزمره","","0b0a0905-5c99-45b5-a5c4-bdb84cbaf6b2"
"4380","¿qué te gusta hacer por la mañana?","صبح‌ها دوست داری چه کار کنی؟","مکالمه روزمره","","230b2d71-5f7f-475a-88ab-b8b97328f684"
"4381","¿qué cosas te gusta hacer?","چه کارهایی را دوست داری انجام دهی؟","مکالمه روزمره","","4f0537ae-6fed-4ac9-932b-d8e8cfca218b"
"4382","¿qué le encanta hacer?","او عاشق انجام چه کاری است؟","مکالمه روزمره","","e51cb4a7-eec5-49bc-8fd8-03ea9f0eeccd"
"4383","¿qué te interesa?","به چه چیزی علاقه داری؟","مکالمه روزمره","","6bdd7115-ea39-4a5c-bdb4-f1ad851e15de"
"4384","le interesan los idiomas","به زبان‌ها علاقه دارد","مکالمه روزمره","","8cba204b-3a39-4685-bb21-db0eaf3e42e0"
"4385","se le dan muy bien los idiomas","در یادگیری زبان‌ها بسیار استعداد دارد","مکالمه روزمره","","030e26d9-c4a6-4b8e-8fa3-eeffb6cac1b7"
"4386","¿eres de playa o de montaña?","اهل دریا و ساحلی یا کوهستان؟","مکالمه روزمره","","c807aa25-5d8a-445b-8498-5de14ce3650f"
"4387","soy más de playa","بیشتر اهل ساحل و دریا هستم","مکالمه روزمره","","36f47508-518e-44f4-abe7-ab07e46cdb67"
"4388","Prefiero...","ترجیح می‌دهم...","مکالمه روزمره","","1d9070be-7500-4f70-8bbc-cca4518e66e2"
"4389","Prefiero esto a aquello.","این را به آن ترجیح می‌دهم.","مکالمه روزمره","","0a604cc2-4798-45e7-aa20-7b36fe2e1ce0"
"4390","o lo amas, o lo odias","یا عاشقش می‌شوی یا از آن متنفر می‌شوی (حد وسط ندارد)","مکالمه روزمره","","bd7c97b0-1a43-4135-9fd0-c3422d210755"
"4391","A mí me parece que...","به نظر من این طور می‌رسد که...","مکالمه روزمره","","9f4c110d-faa4-40f4-a42c-3ba61e4cf9e8"
"4392","En mi opinion...","به نظر من...","مکالمه روزمره","","1be5eb14-a053-43b0-8ccf-c6d6b7aee5c8"
"4393","Pensándolo bien ...","که خوب فکرش را می‌کنم...","مکالمه روزمره","","6c50107f-e338-45f9-830c-8d2c2ff19b26"
"4394","pensándolo bien …","با بررسی مجدد ، که خوب فکر می‌کنم...","مکالمه روزمره","","6928e9a1-715c-408e-abc6-2d1cca33c17d"
"4395","pensándolo bien...","که درست فکرش را می‌کنم...","مکالمه روزمره","","cded436e-2545-4225-8422-b82034f11f18"
"4396","creo que","فکر می‌کنم که ، اعتقاد دارم که","مکالمه روزمره","","b19a0465-c765-400a-809d-f4e1bd9b1985"
"4397","creo que es una idea estupenda","فکر می‌کنم ایده فوق‌العاده‌ای است","مکالمه روزمره","","78d2e843-8dc3-4957-9aa7-f7c751f5ac0f"
"4398","supongo que sí","حدس می‌زنم این‌طور باشد ، گمان کنم بله","مکالمه روزمره","","eee266d3-2d35-4c26-982b-47a1bfc27aed"
"4399","Lo cierto es que...","واقعیت این است که...","مکالمه روزمره","","46e9b773-8b6e-4e49-ae1a-d1b6a955f8a8"
"4400","La verdad es que...","حقیقت این است که...","مکالمه روزمره","","e97f9ba1-c5e0-441f-bbd5-ec32f52dfdb7"
"4401","Eso es así.","همین‌طور است.","مکالمه روزمره","","54442cc4-656f-41af-8c07-9ad7b42c37d1"
"4402","Eso no es así.","این‌طور نیست.","مکالمه روزمره","","bc785909-c636-4249-aa09-cb69f3b00b2d"
"4403","no lo veo de esa forma","من این‌طور به موضوع نگاه نمی‌کنم","مکالمه روزمره","","e6a3bc83-4af9-4b4a-8e64-ca169e53ac3a"
"4404","no me convence","مرا قانع نمی‌کند","مکالمه روزمره","","36df577d-c6d5-4011-b754-1e920fac3869"
"4405","No tener sentido.","بی‌معنی بودن ، منطقی نبودن.","مکالمه روزمره","","16544f14-4fa9-4394-aff7-c3f2ef4ea194"
"4406","tengo una opinión diferente sobre este asunto","نظر متفاوتی درباره این موضوع دارم","مکالمه روزمره","","31c90adc-62e7-41fb-a8f0-b56c3a1c8150"
"4407","es importante respetar las opiniones de todos","احترام گذاشتن به نظرات همه مهم است","مکالمه روزمره","","a4d85967-84d0-4057-aedf-8432e2284a37"
"4408","las opiniones","نظرات ، دیدگاه‌ها","مکالمه روزمره","","ed79bff0-84cb-442d-aff2-73e88669e321"
"4409","júzgalo tú mismo","خودت قضاوت کن","مکالمه روزمره","","ffcce9e1-393e-4f61-8b9f-484c293d3c27"
"4410","afronta los hechos","با واقعیت‌ها روبرو شو","مکالمه روزمره","","e9a5e128-9451-4600-89db-629562d23376"
"4411","Lo que tú digas.","هرچه تو بگویی.","مکالمه روزمره","","8fbc2ad6-f1be-4604-ae5e-b8d3e4c1f8a0"
"4412","Lo que tú quieras.","هرچه تو بخواهی.","مکالمه روزمره","","d0aaff6a-e86a-4926-b89b-bb43abb8d89f"
"4413","Lo que quieras.","هر چه بخواهی.","مکالمه روزمره","","2cec6582-1809-4c06-b43a-9925850e4090"
"4414","Como quieras.","هر طور مایل هستی ، هر طور راحت تر هستی.","مکالمه روزمره","","c2121bc8-9a23-4204-9b7d-d11138e3dbe1"
"4415","Como veas.","هر طور صلاح می‌دانی ، هر طور می‌بینی.","مکالمه روزمره","","99e3b83c-f4b1-414a-8ea9-a84ad6bccae8"
"4416","Haz lo que quieras.","هر کاری دلت می‌خواهد بکن.","مکالمه روزمره","","871fc11c-ea4d-4ab1-a9ad-fd165a47863e"
"4417","Allá tú.","خود دانی ، صلاح مملکت خویش خسروان دانند.","مکالمه روزمره","","b814e4c8-2d27-41a9-9730-f467636c3724"
"4418","Hazme caso!","به حرفم گوش کن!","مکالمه روزمره","","65c71aaa-aeda-4f07-83f8-586154530f9e"
"4419","Estoy de acuerdo.","موافقم.","مکالمه روزمره","","ef37c4ed-6966-42d5-bf11-8e939b0e7307"
"4420","estar de acuerdo","موافق بودن","مکالمه روزمره","","e415fbba-885f-4c72-94c6-63b1c5e4e5a9"
"4421","estamos de acuerdo","هم‌نظر و موافق هستیم","مکالمه روزمره","","9099a3aa-cbad-4ed7-bbb2-946d8711cf08"
"4422","¿Estás de acuerdo?","موافقی؟","مکالمه روزمره","","a0f8d8ca-7343-4570-b5e0-4e0fe23c4b22"
"4423","Estoy en contra.","مخالف هستم.","مکالمه روزمره","","1a657ac2-7574-4be5-af70-3d842766b4cb"
"4424","No estoy de acuerdo","موافق نیستم","مکالمه روزمره","","6b38dd30-3943-4e74-84db-e3c1de081d31"
"4425","no estoy de acuerdo con esta decisión","با این تصمیم موافق نیستم","مکالمه روزمره","","f6ad2b77-cc1a-45e0-9bf0-50127e63ca82"
"4426","no estoy de acuerdo contigo","با تو موافق نیستم","مکالمه روزمره","","01372737-95da-4a65-af2b-9af185379131"
"4427","No estoy nada de acuerdo.","اصلاً و ابداً موافق نیستم.","مکالمه روزمره","","c9f26d45-456c-4e1b-b7e1-5ccb175bc990"
"4428","no estamos de acuerdo","ما توافق ، موافقت نداریم","مکالمه روزمره","","52e82bf6-b00a-4cd4-88c6-4cafa0d9227f"
"4429","aceptaremos nuestras diferencias","تفاوت‌هایمان را خواهیم پذیرفت","مکالمه روزمره","","ada78be9-0d79-4c5e-a151-e8c5295673b2"
"4430","nuestras diferencias","اختلافات و تفاوت‌های ما","مکالمه روزمره","","2bc6d5f5-f85d-4316-93ce-55a05530f2f1"
"4431","discutíamos todo el tiempo","تمام مدت بحث و جدال می‌کردیم","مکالمه روزمره","","a292164a-78cf-4502-9538-0281fb8ec3c2"
"4432","Discutieron ayer por el dinero, pero ya se reconciliaron y están como si nada hubiera pasado","دیروز سر پول بحث کردند، اما دیگر آشتی کرده‌اند و انگار هیچ اتفاقی نیفتاده است","مکالمه روزمره","","e0798e7f-d871-4750-a419-333efb7cad95"
"4433","es solo una pelea tonta","فقط یک دعوای احمقانه است","مکالمه روزمره","","3592484b-14d1-460b-8550-165f272a5bab"
"4434","una pelea","یک دعوا ، نزاع","مکالمه روزمره","","7810ede0-2ba6-44d4-b72f-87b6cc1179fa"
"4435","hacer las paces","آشتی کردن","مکالمه روزمره","","4edc8b51-4336-4b97-9386-9f90ed8011d3"
"4436","quiero que hagamos las paces","می‌خواهم آشتی کنیم","مکالمه روزمره","","ab30e733-b159-4753-9ded-074db56fbdd2"
"4437","deberíamos hacer las paces","باید آشتی کنیم","مکالمه روزمره","","f026c6d1-b6e9-4e0f-b5f9-83881e374196"
"4438","hacer un trato","معامله کردن ، توافق کردن","مکالمه روزمره","","f8879631-8ffd-4775-8d6e-36906b8fc753"
"4439","vamos a hacer un trato","بیا معامله‌ای بکنیم","مکالمه روزمره","","fe5dd5cd-c939-425c-9639-48872dee5a3b"
"4440","¡trato hecho!","قبوله! ، معامله شد!","مکالمه روزمره","","7d8c0fb5-63fc-4e45-9fb7-183ab7520143"
"4441","alcanzar un acuerdo","دست یافتن به یک توافق","مکالمه روزمره","","069793be-6632-4714-b482-417216c62d70"
"4442","el acuerdo","توافق ، قرارداد","مکالمه روزمره","","9d166c7f-4fad-4d2c-bda7-14692cfb1635"
"4443","el desacuerdo","عدم توافق ، اختلاف نظر","مکالمه روزمره","","a10009f8-d348-485f-bc4d-01702250163e"
"4444","es de mala educación","این بی‌ادبی است","مکالمه روزمره","","3b4924dc-f76f-4c3e-9aab-d48c9224c8d1"
"4445","Es cierto.","درست است.","مکالمه روزمره","","892902a6-a51a-4f1e-abe8-36e1d845fcaa"
"4446","Es verdad.","حقیقت دارد ، درست است.","مکالمه روزمره","","49dfa926-e2d6-4e2e-a997-27f20fb9a866"
"4447","Es evidente que...","بدیهی است که...","مکالمه روزمره","","219c3e02-d929-40dc-b9ac-2a3945e2df1a"
"4448","Es obvio que...","واضح و مشخص است که...","مکالمه روزمره","","6a57e644-0c35-4050-87f4-8eeaefd7de12"
"4449","No hay duda de que...","شک و تردیدی نیست که...","مکالمه روزمره","","160bc070-e678-4995-950c-6ae306849fc3"
"4450","Sin duda.","بدون شک.","مکالمه روزمره","","818890fd-fa7c-4b1f-af1a-3a9faafd978a"
"4451","Sin ninguna duda.","بدون هیچ شکی.","مکالمه روزمره","","f0939342-e093-417f-a87f-7d3867cdd571"
"4452","seguro que","مطمئناً ، حتماً","مکالمه روزمره","","372960bf-76be-44ed-8311-322643d52a15"
"4453","Seguro que sí.","مطمئناً بله.","مکالمه روزمره","","3b038f74-cda1-4ed1-8bc6-0aa9d1f4f27e"
"4454","Seguro que no.","مطمئناً نه.","مکالمه روزمره","","2af12da7-3e82-46c9-9b07-0d15dcc7294e"
"4455","estoy seguro de que","اطمینان دارم که","مکالمه روزمره","","02a5eec1-dff3-49b3-9190-a4f95a5e95e5"
"4456","estoy seguro de que tendrás mucho éxito","مطمئنم موفقیت زیادی به دست خواهی آورد","مکالمه روزمره","","1c8be8d8-3b37-4746-a1c7-ba991e0274df"
"4457","estoy seguro de que todo irá bien","اطمینان دارم همه‌چیز خوب پیش خواهد رفت","مکالمه روزمره","","84d78075-5b74-453f-ae8e-1a017acfc34b"
"4458","estoy convencido de que esto es lo mejor","قانع شده‌ام که این بهترین گزینه است","مکالمه روزمره","","ad97450d-11f4-4bde-bf17-ec7f6664b78a"
"4459","Es falso.","نادرست ، غلط است.","مکالمه روزمره","","193b8adc-5a27-4aa4-be50-1d1233ab7efb"
"4460","Es mentira.","دروغ است.","مکالمه روزمره","","7644ec32-5316-43a3-a1ac-25e9fc1f7fde"
"4461","No es cierto.","صحیح نیست.","مکالمه روزمره","","b3c58b25-4597-4ed8-b665-9c9528897a1b"
"4462","No es verdad.","واقعیت ندارد.","مکالمه روزمره","","a871cb91-2dd2-4694-becf-e6f3f3ca742b"
"4463","no le creo","حرفش را باور نمی‌کنم","مکالمه روزمره","","632513a4-aa31-46f4-8594-429142dfbc85"
"4464","creo que te equivocas","فکر می‌کنم اشتباه می‌کنی","مکالمه روزمره","","1016da4a-e496-4283-b188-2fd0064b738f"
"4465","te equivocas","اشتباه می‌کنی","مکالمه روزمره","","8f534244-ed17-4ca5-87df-c6959a4d9c6c"
"4466","No tienes razón.","حق با تو نیست.","مکالمه روزمره","","a8ebc8cd-de79-4b8a-b1ed-d65235ea704f"
"4467","tiene razón","حق با اوست","مکالمه روزمره","","b0653e4b-8e1d-4392-b568-e00d46368d58"
"4468","Tienes razón.","حق با توست.","مکالمه روزمره","","748a3e9e-9b09-41ae-a014-60ab751a5baa"
"4469","tienes toda la razón","کاملاً حق با توست","مکالمه روزمره","","b90039b9-43ef-403f-9169-1c63a1db4401"
"4470","toda la razón","حق مطلق ، کاملاً درست","مکالمه روزمره","","d4ee85d7-5cea-4f03-902e-2f29114ed85a"
"4471","anda, tiene usted razón","عجب، حق با شماست","مکالمه روزمره","","20354f76-997d-4529-9099-b99b66462949"
"4472","Puede ser.","امکان دارد ، ممکن است.","مکالمه روزمره","","bfadb107-1c48-4577-9f60-b5a73d181389"
"4473","Tal vez.","شاید.","مکالمه روزمره","","c8b780c9-7cb8-4b38-943a-069456901199"
"4474","A lo mejor.","احتمالاً ، شاید.","مکالمه روزمره","","36100716-0341-4ea7-92d5-2032aff26ed9"
"4475","puede que ...","ممکن است که...","مکالمه روزمره","","4e425823-3a7f-4c90-afad-13feab49b9b2"
"4476","puede que...","شاید که...","مکالمه روزمره","","3502bbeb-d587-4122-895a-8693deccf3f5"
"4477","Puede que sí.","شاید بله.","مکالمه روزمره","","6e07cfdb-fa4f-4e91-b055-36c481facaf0"
"4478","Puede que no.","شاید نه.","مکالمه روزمره","","0e889844-08d7-43b6-a920-2330f87b8333"
"4479","la probabilidad de que ...","احتمال اینکه...","مکالمه روزمره","","004e5420-4b98-49f1-8323-32e3b41656fe"
"4480","la probabilidad de que...","احتمال اینکه...","مکالمه روزمره","","6230cff8-2087-4cc0-8173-346d00867b52"
"4481","la probabilidad","احتمال ، شانس","مکالمه روزمره","","2d9f54bb-3684-4643-a952-5213d7160768"
"4482","Dios quiera.","خدا کند.","مکالمه روزمره","","c48462d0-22d9-4a65-99e9-d3c4585560da"
"4483","¡Dios quiera!","ان‌شاءالله!","مکالمه روزمره","","3f9343e8-97ce-41f2-bb9f-508ab4f9ec31"
"4484","Ojalá que sí.","امیدوارم این‌طور باشد.","مکالمه روزمره","","28f8fc0e-616f-4d7f-8fb3-6bc3a1c893d8"
"4485","¡Ojalá que sí!","ای کاش بله!","مکالمه روزمره","","7eeac888-2113-4f3a-908c-446557c408d2"
"4486","Ojalá que no.","امیدوارم این‌طور نباشد.","مکالمه روزمره","","24119bd8-16b0-4da2-aee0-80d8c9c2a0f7"
"4487","¡Ojalá que no!","ای کاش نه!","مکالمه روزمره","","d00334f9-20b6-409d-bba2-75760d651349"
"4488","Si Dios quiere.","اگر خدا بخواهد.","مکالمه روزمره","","f588c79d-9a2c-4d0d-9868-30066548b2aa"
"4489","¡Si Dios quiere!","ان‌شاءالله!","مکالمه روزمره","","e0902c44-987b-48d2-9685-1cbeaf044dda"
"4490","Si todo va bien.","اگر همه‌چیز خوب پیش برود.","مکالمه روزمره","","b0921223-71b7-4b83-ac59-b30be8890a36"
"4491","eso espero","امیدوارم همین‌طور باشد","مکالمه روزمره","","49615b8e-2b19-4708-8cd4-e3b78ddf2447"
"4492","Estar hecho mierda.","داغون ، داغان بودن (شدیداً عامیانه).","مکالمه روزمره","","8515d0a3-6d38-4498-8794-fcd1685fd1c7"
"4493","Estar hecho polvo.","له و خسته بودن ، از پا افتادن.","مکالمه روزمره","","bac6baf9-8e97-450d-9e98-1ec52ccc80d1"
"4494","Estar hecho trizas.","تکه‌تکه و بسیار داغان بودن.","مکالمه روزمره","","651ba66c-5e8a-470e-8446-d5bf74651c6d"
"4495","Estar que se sube por las paredes.","از شدت عصبانیت ، کلافگی به سیم آخر زدن.","مکالمه روزمره","","c9ec0e86-178a-4e7f-82c6-4bc2f90af93a"
"4496","Estar que arde.","شدیداً داغ و متشنج بودن (اوضاع یا فرد).","مکالمه روزمره","","f1f6708b-b335-4892-b92c-5e65d3551935"
"4497","Estar que echa chispas.","از عصبانیت جرقه زدن ، به شدت خشمگین بودن.","مکالمه روزمره","","ed7745ff-12e5-405d-a0f9-6192ac554f52"
"4498","Estar que muerde.","از عصبانیت آماده پاچه گرفتن بودن.","مکالمه روزمره","","97a3140f-b52f-4a1b-b070-423c4f60c435"
"4499","Estar que no puede más.","دیگر توان و طاقت نداشتن.","مکالمه روزمره","","9ee51918-4a92-43e9-ad96-aaea43068524"
"4500","Estar que no se lo cree.","از شدت تعجب یا شادی باور نکردن.","مکالمه روزمره","","2e243e16-70dc-4662-a9b2-598d32e9f6a9"
"4501","Estar que se lo flipa.","خیلی هیجان‌زده و جوگیر بودن.","مکالمه روزمره","","90da5f8a-178f-45d4-95aa-5b4a9f38fa07"
"4502","Estar que trina.","از خشم جوش آوردن.","مکالمه روزمره","","d6856756-f3e9-47c0-a8f4-8c4b68d934c7"
"4503","ESTAR A TOPE","در اوج انرژی ، شلوغی بودن","مکالمه روزمره","","102abbc5-9a71-4dfd-b141-bf520276be39"
"4504","ESTAR AL LORO","حواس‌پرت نبودن ، شش‌دانگ حواس به چیزی بودن","مکالمه روزمره","","68944d84-6b72-4fc1-ad08-9dd50bb55cb4"
"4505","Estar de bajón.","فاز غم داشتن ، بی‌حوصله و پکر بودن.","مکالمه روزمره","","53947f3b-0f1c-41b4-9815-4ccf164c81ab"
"4506","ESTAR DE ESCÁNDALO","معرکه و فوق‌العاده بودن","مکالمه روزمره","","b122fc4c-504c-4310-81d0-b575a6402095"
"4507","ESTAR DE MUERTE","بسیار خوشمزه ، عالی بودن","مکالمه روزمره","","0e6fd58c-3729-4bd8-a437-27b9398c73b7"
"4508","Estar de subidón.","در اوج هیجان و انرژی مثبت بودن.","مکالمه روزمره","","f9e3c03c-87e6-4489-8f69-dd69deba656d"
"4509","ESTAR DE TRANQUIS","در حال ریلکس کردن و آرامش بودن","مکالمه روزمره","","e6891d28-6239-4b0e-a32c-c3a2ff57075e"
"4510","ESTAR EN APUROS","در تنگنا و دردسر بودن","مکالمه روزمره","","9d3b1fe8-44a2-4691-86d6-cb741260697b"
"4511","ESTAR EN EL AJO","در جریان راز ، ماجرا بودن","مکالمه روزمره","","9b7b932a-a41e-4c30-a371-d4063cec7a4e"
"4512","ESTAR EN LA INOPIA","تو باغ نبودن ، پرت بودن از مرحله","مکالمه روزمره","","2f39e9f3-8496-4a07-b5c7-3a61c4b01f0f"
"4513","Estar en la luna.","گیج بودن ، حواس‌پرت بودن (تو ماه سیر کردن).","مکالمه روزمره","","1df35369-96c0-4f77-9381-ccd00e2e1669"
"4514","ESTAR EN LA RUINA","ورشکسته و بی‌پول بودن","مکالمه روزمره","","ae6aa789-95d0-4bad-b37f-e982583f9110"
"4515","Estar en las nubes.","در ابر‌ها سیر کردن ، خیالباف بودن.","مکالمه روزمره","","cc559400-4cdf-44ab-aed5-68565e963d79"
"4516","ESTAR FRITO","از خستگی بیهوش بودن ، کلافه بودن","مکالمه روزمره","","dad130eb-ff5b-44a4-8414-ed7d4bf83eae"
"4517","ESTAR TIESO","یک قران هم نداشتن ، بی‌پولِ بی‌پول بودن","مکالمه روزمره","","f1b5e53f-4fec-428a-8a05-ff2cc9fd00d3"
"4518","ESTAR TIRADO DE PRECIO","مفت بودن ، خیلی ارزان بودن","مکالمه روزمره","","e0ed3c9b-7570-453e-8fa6-188cdb246f6a"
"4519","SER UN PLASTA","سیریش و رو مخ بودن","مکالمه روزمره","","45dd19dc-4f52-467c-84d8-2e9c0369d1ae"
"4520","Ser un aprovechado.","سوءاستفاده‌گر بودن.","مکالمه روزمره","","9a8cf116-b2e3-426f-91cc-82c218226c49"
"4521","Ser un caradura.","پررو و بی‌چشم و رو بودن.","مکالمه روزمره","","50cbb7db-6983-4889-bfe6-95827fed825e"
"4522","Ser un cuentista.","قمپوزسی ، چاخان بودن.","مکالمه روزمره","","e56ff688-10da-4d15-9186-32b059bb132d"
"4523","Ser un derrochador.","ولخرج بودن.","مکالمه روزمره","","fd289e71-f78b-40f0-950c-c3c9760349c6"
"4524","Ser un fantasma.","قمپوزدرکن ، لاف‌زن بودن.","مکالمه روزمره","","a24c7f3e-e31a-4d87-9e71-2c517e22c068"
"4525","Ser un flipado.","جوگیر و تو توهم بودن.","مکالمه روزمره","","bbf924c1-5e54-4f23-a51d-8e5e300c9fc4"
"4526","Ser un manirroto.","ولخرج و دست‌وباز بودن.","مکالمه روزمره","","d3d3f0fe-9f8b-4ff3-94ad-77e6266c8880"
"4527","Ser un manitas.","دست‌به‌به دست و آچاربه‌دست بودن.","مکالمه روزمره","","04a960e3-0e62-4f98-964c-e93f792e5557"
"4528","Ser un mentiroso.","دروغگو بودن.","مکالمه روزمره","","5b5adb35-541b-4f91-b0e3-2290c76d1052"
"4529","Ser un rata.","خسیس بودن.","مکالمه روزمره","","7b72f480-a953-4dee-b712-8aaf9b964dfe"
"4530","Ser un sinvergüenza.","بی‌حیا و پررو بودن.","مکالمه روزمره","","542f3923-e5b2-4000-b83e-caf42d895d20"
"4531","Ser un tacaño.","خسیس بودن.","مکالمه روزمره","","fa88bf17-74da-4ada-beb3-998928721a44"
"4532","TENER UN MARRÓN ENCIMA","یک دردسر بزرگ روی دوش داشتن","مکالمه روزمره","","24f4f74a-1edc-4388-8979-04872408983f"
"4533","IR DE TRANQUI","بی‌خیال و با آرامش پیش رفتن","مکالمه روزمره","","63f05c6f-db07-4227-892d-2b49db6b1c4a"
"4534","¡Alucinante!","حیرت‌انگیز!","مکالمه روزمره","","29e2bb7b-dcb9-45a8-9e3b-a2a10522b61d"
"4535","¡Magnífico!","باشکوه! ، عالی!","مکالمه روزمره","","1587f977-8e96-4870-8a48-91134fc71584"
"4536","¡Maravilloso!","شگفت‌انگیز!","مکالمه روزمره","","78a8321a-c54c-4810-827d-4f8bd748d7f3"
"4537","Qué bochorno.","چه خفت ، شرمساری‌ای.","مکالمه روزمره","","e8c5c21c-a158-4fdc-8d39-cf98f68b4e96"
"4538","Qué caos.","چه آشفتگی و اغتشاشی.","مکالمه روزمره","","eccbf53b-8297-43d9-b566-19c857349f43"
"4539","Qué chulo.","چقدر قشنگ ، باحال.","مکالمه روزمره","","7467e467-2b1a-48cb-a641-37052b250ff4"
"4540","¡Qué chulo!","چه ناز و باحالی!","مکالمه روزمره","","c2883d76-8426-4347-b981-069970faa7d4"
"4541","qué guay!","چقدر باحال!","مکالمه روزمره","","ab46a8b4-cc58-42c0-b40c-ab6272fcc228"
"4542","¡Qué horror!","چه فاجعه و وحشتی!","مکالمه روزمره","","c2f69f5a-95b6-4e6c-a4ab-3d26dab645fe"
"4543","¡qué idiota!","عجب احمقی!","مکالمه روزمره","","a183fac8-8af7-4888-baaa-2bdbf1263d5a"
"4544","¡qué ilusión!","چقدر ذوق‌زده‌کننده!","مکالمه روزمره","","86f621b5-e424-42f6-b30b-099235e07567"
"4545","Qué mal.","چقدر بد.","مکالمه روزمره","","506d3f53-9bbd-4b49-80c0-e97611abad67"
"4546","¡Qué mal!","چه بد!","مکالمه روزمره","","1ea3a002-aee6-465b-8965-1daa5482d2d4"
"4547","¡qué mierda!","چه افتضاحی! ، چه گندکاری‌ای!","مکالمه روزمره","","7696f715-9046-499c-9491-fbd4c0faff99"
"4548","¡qué paradón!","عجب سیوی! (در فوتبال)","مکالمه روزمره","","8a48741a-9d39-4b14-96ca-b90c6f1def30"
"4549","¡qué tontería!","چه حماقت و چرندیاتی!","مکالمه روزمره","","b7c9fb26-8a2f-4e27-9df8-06db484ebc05"
"4550","¡qué excusa más mala!","عجب بهانه پوچی!","مکالمه روزمره","","cd804215-1f88-41b2-8efb-99c7d51acc8d"
"4551","!qué buena pinta!","چقدر خوش‌رنگ و لعاب ، جذاب به نظر می‌رسد!","مکالمه روزمره","","69049b4a-09a9-48ae-bc18-00979a013f0c"
"4552","!qué desastre!","چه فاجعه‌ای!","مکالمه روزمره","","6f30e540-00d6-4cb5-9d37-8cbf3fbf947f"
"4553","es un desastre","افتضاح است ، فاجعه است","مکالمه روزمره","","dceccc0c-5909-4cab-9354-203a2b9bc5a9"
"4554","¡vaya clavada!","عجب جیب‌بری ، گران‌فروشی‌ای!","مکالمه روزمره","","58d71ae2-2dc9-44c4-a763-88cc9b70f810"
"4555","¡vaya lío!","عجب دردسر و معرکه‌ای!","مکالمه روزمره","","2e3a071f-4a2f-450b-b04e-80de7c718b41"
"4556","¡vaya pocilga!","عجب کثافت‌دانه‌ای!","مکالمه روزمره","","4eb8a6c8-5a9e-45ca-ac7a-139dfd51120a"
"4557","¡venga!","یالا! ، بیخیال! ، باشه!","مکالمه روزمره","","ba516a0b-476a-42c3-b89c-4908b397587b"
"4558","¡Dale!","برو بریم! ، انجامش بده!","مکالمه روزمره","","0f4a4eae-4e1f-4eb6-9021-57fe6d136a9a"
"4559","¡Hala!","عجب! ، زود باش!","مکالمه روزمره","","9c71b420-5e0d-4577-b2b0-1523461eebae"
"4560","¡Ea!","خب دیگه! ، تمام!","مکالمه روزمره","","8218ca9e-8e5a-471c-8abf-788b883407f8"
"4561","¡Olé!","ایول! ، آفرین!","مکالمه روزمره","","26c0d586-ba5b-4f3d-a135-21df9ecdb032"
"4562","¡toma ya!","بفرما! ، دیدی گفتم!","مکالمه روزمره","","6a5e40ab-2edb-4e41-944e-2b11c78bc48b"
"4563","¡joder!","لعنتی! (عامیانه تند)","مکالمه روزمره","","7d366d96-934f-4e60-885b-63dcaaa18552"
"4564","!Por Dios!","تورا خدا! ، برای رضای خدا!","مکالمه روزمره","","f463dc47-ad54-43ec-b436-c6806e49f7f1"
"4565","!Dios mío!","خدای من!","مکالمه روزمره","","7810bd99-3f41-4a26-bb68-e6ef8eb8782c"
"4566","!gracias a Dios!","خدا را شکر!","مکالمه روزمره","","ff5d6059-0c3e-4bef-9d46-4ad20fbd9700"
"4567","!Menos mal!","بازم جای شکرش باقیه! ، خداروشکر!","مکالمه روزمره","","82a461ec-37c4-4dd9-a9d5-28b4184e76d5"
"4568","Menos mal.","خدا را شکر.","مکالمه روزمره","","97672030-a2aa-4c77-8783-f0970eae6994"
"4569","¡Por fin!","بالاخره!","مکالمه روزمره","","ad32bae0-1cd4-42bf-be06-f5e41864e18d"
"4570","Por fin.","سرانجام ، بالاخره.","مکالمه روزمره","","5d509308-2f8c-40cd-8e3c-1c791084f96d"
"4571","!Eso es!","همینه!","مکالمه روزمره","","fc248ced-3587-4467-a426-3bbb63418a73"
"4572","¡Exacto!","دقیقاً!","مکالمه روزمره","","0dc7e786-c97a-4413-bcd4-a5e04f9dc458"
"4573","!Así se hace!","اینطوری انجامش می‌دن! ، کار درست همینه!","مکالمه روزمره","","5c4bbc4d-6d4e-4b9b-b3e3-719d4ca0262b"
"4574","!lo has clavado!","زدیش تو خال! ، عالی انجامش دادی!","مکالمه روزمره","","159a5c43-d33d-4faa-9d6d-5df6c9bdffc6"
"4575","!lo has hecho de maravilla!","شاهکار کردی! ، فوق‌العاده انجامش دادی!","مکالمه روزمره","","14914fe1-528f-4d13-b999-069ffa52f539"
"4576","diste justo en el clavo","دقیقاً زدی به هدف","مکالمه روزمره","","74d861b7-de91-479f-8207-2d2807fb8009"
"4577","con las manos en la masa","مچ‌گیرانه ، حین ارتکاب جرم","مکالمه روزمره","","ae72a92f-9940-4e9f-992f-54cd0e82f4a0"
"4578","y si no?","وگرنه چی؟","مکالمه روزمره","","36bd0fa7-630e-4fbc-92c9-85e91b6f5c10"
"4579","o qué?","یا چی؟","مکالمه روزمره","","952356da-a615-4e32-8526-271a096b6b17"
"4580","¿verdad?","مگر نه؟ ، مگه نه؟","مکالمه روزمره","","2a868136-2950-4d3c-8d03-598b9f587a05"
"4581","no hay malos rollos","کدورت و حس بدی در کار نیست","مکالمه روزمره","","a74524f8-5d6f-4115-8333-abc17aec39de"
"4582","vas más pedo que Alfredo","از مستی بوق بوقی (اصطلاح عامیانه برای مستی شدید)","مکالمه روزمره","","d0591166-a760-4b93-b9a2-09669f2d1861"
"4583","los caminos del Señor son misteriosos","راه‌های خداوند اسرارآمیزند","مکالمه روزمره","","ea3283a2-1da3-4da9-b897-86afbf44e3d9"
"4584","uno no quiere","یک نفر نخواهد (اشاره به دعوا با یک دست صدا ندارد)","مکالمه روزمره","","36c1d9a3-bcbe-4119-a86a-cee30dd62b08"
"4585","el grano","اصل مطلب ، جوش ، دانه","مکالمه روزمره","","7b7f80cc-9a0a-4df9-b569-e7c6c7cbeab6"
"4586","... la caja que contenía los diamantes","... جعبه‌ای که حاوی الماس‌ها بود","مکالمه روزمره","","64ee2c2b-5e18-4119-827e-21db22da4ee9"
"4587","… la caja que contenía los diamantes","... جعبه‌ای که حاوی الماس‌ها بود","مکالمه روزمره","","43e3989f-d4fe-46ab-b25b-9c931ae2ab03"
"4588","... el hombre que informó del problema","... مردی که مشکل را گزارش داد","مکالمه روزمره","","abd37e46-27ab-4519-bb23-9dc637f98a6b"
"4589","… el hombre que informó del problema","... مردی که مشکل را گزارش داد","مکالمه روزمره","","6693d017-506f-456f-b1b4-59b05542cb67"
"4590","cuyo / cuya","که ...ِ او ، که ضمیر ملکی‌اش (مذکر ، مؤنث)","مکالمه روزمره","","f4504d97-a1d5-4309-9e94-e9e7bd074622"
"4591","si ganan","اگر ببرند","مکالمه روزمره","","6513c66d-25a8-4a9c-a046-1ba08c24cc16"
"4592","si pudiera ...","اگر می‌توانستم...","مکالمه روزمره","","9d8a1d5d-465e-4993-9be0-1076d8c767e9"
"4593","si fuese astronauta, podría ir al espacio exterior","اگر فضانورد بودم، می‌توانستم به فضای بیرونی بروم","مکالمه روزمره","","119b4a9e-bd70-4518-a5f7-e1a664e172b9"
"4594","si fuese","اگر می‌بودم ، اگر می‌بود","مکالمه روزمره","","602c5b89-d38d-402a-b43a-ae3a7fe10ad8"
"4595","si tuviese","اگر می‌داشتم ، اگر داشت","مکالمه روزمره","","560d4a7d-fb79-418e-a9ad-fa2bae80c1ec"
"4596","Si yo fuera tú...","اگر من جای تو بودم...","مکالمه روزمره","","5ffbf4ca-0423-4182-9453-bccbd230f50f"
"4597","si hubiese afrontado sus problemas, habría estado bien","اگر با مشکلاتش روبرو شده بود، حالش خوب می‌بود","مکالمه روزمره","","d3cca8e1-2af1-4de3-9361-fb5c5b99e6f6"
"4598","si hubiese...","اگر ... شده بود","مکالمه روزمره","","13813075-84eb-47f0-b7a7-297f6b1f2d1e"
"4599","si hubieses escrito una nota, no habría estado tan preocupado","اگر یک یادداشت نوشته بودی، این‌قدر نگران نمی‌شدم","مکالمه روزمره","","41f5d97e-4aa6-426b-95e6-8295c48bad78"
"4600","si hubieses estado ahí, también habría oído tu versión de la historia","اگر آنجا بودی، روایت تو را هم از ماجرا می‌شنیدم","مکالمه روزمره","","5981b46d-b4b7-4b15-b35f-88c1cbfe77a2"
"4601","si hubieses ...","اگر انجام داده بودی...","مکالمه روزمره","","34e97e79-4ebf-4e05-b009-6d87d9cebaa3"
"4602","si hubieses …","اگر کرده بودی...","مکالمه روزمره","","d47ffa1d-1ec7-41eb-a42c-10d10385da03"
"4603","si hubieses...","اگر ... کرده بودی","مکالمه روزمره","","3f2df88d-d8ca-4882-b2c8-093044646b0d"
"4604","con una condición ...","به یک شرط...","مکالمه روزمره","","46f9b41d-d2ab-4141-85d3-1dd9b4d900b5"
"4605","con una condición...","با یک شرط...","مکالمه روزمره","","d2bb6b5c-a040-49b8-8c9c-8cddcd52791a"
"4606","a no ser que …","مگر اینکه...","مکالمه روزمره","","a7f11bfa-1dc6-44e7-9e45-511571f36ece"
"4607","a no ser que...","مگر این‌که...","مکالمه روزمره","","4888f674-e098-4891-9025-0c3179f41150"
"4608","siempre y cuando ...","مشروط بر اینکه...","مکالمه روزمره","","90f24646-e303-4ebf-b338-2d929e0358da"
"4609","siempre y cuando sepas qué estás haciendo","تا زمانی که بدانی داری چه کار می‌کنی","مکالمه روزمره","","00a6939b-dbe0-4183-b586-4fc260803a44"
"4610","siempre y cuando...","به شرطی که...","مکالمه روزمره","","436a66fa-7b02-49b1-8884-d36b1b377652"
"4611","si no ...","وگرنه... ، اگر نه...","مکالمه روزمره","","1da98512-f6db-4c35-aa76-c178d0c3da18"
"4612","si no …","وگرنه...","مکالمه روزمره","","8923da42-dafa-463a-b12c-a9e845c6705b"
"4613","si no...","اگر نه...","مکالمه روزمره","","7acb0882-136c-4439-99ca-e694f5c594e1"
"4614","hay que","باید (به صورت کلی و عمومی)","مکالمه روزمره","","48188e1d-53cf-4467-b392-e4f110fe5840"
"4615","hay que coger número","باید نوبت گرفت","مکالمه روزمره","","8f18fa6a-0925-41f1-b527-88d6fe1d0b57"
"4616","hay que ser puntual","باید آن‌ان ، وقت‌شناس بود","مکالمه روزمره","","e2129771-f471-4644-a4a6-70ae6a2d543c"
"4617","hay que …","لازم است که...","مکالمه روزمره","","f34a751f-0dde-491d-8c82-1cd1eb275782"
"4618","hay que...","باید...","مکالمه روزمره","","009019e2-4abb-4117-be73-8aed2876be03"
"4619","tengo que","من باید","مکالمه روزمره","","424b089e-7cb4-4b4a-a514-e8efa59494ac"
"4620","tienes que","تو باید","مکالمه روزمره","","271d0542-253f-4669-9f6a-0ff05487d284"
"4621","debería","باید ، بهتر است","مکالمه روزمره","","ed3c2000-882d-4085-892a-7697b7c1ae88"
"4622","debería cambiar","باید تغییر کند ، باید تغییر دهم","مکالمه روزمره","","dc1a60a7-e704-416a-a6d0-4d2ebc8ca38a"
"4623","deberíamos","ما باید ، بهتر است ما","مکالمه روزمره","","9ffec4e9-51dc-47a0-b1ff-37724dbebc32"
"4624","deberíamos haberla conocido","باید او را می‌شناختیم","مکالمه روزمره","","c1add191-d133-41ee-bade-1b4f5a98b28a"
"4625","deberíamos visitar","بهتر است بازدید کنیم","مکالمه روزمره","","a5ebd23b-33a2-4e48-b307-73d784d6ad99"
"4626","deberías","تو باید ، بهتر است تو","مکالمه روزمره","","aa4a5f99-b153-47ed-b8dd-c0bc56e53dba"
"4627","deberías dejar de fumar","تو باید سیگار کشیدن را ترک کنی","مکالمه روزمره","","27a9d98b-b65b-4eb8-a667-0bbc0e330175"
"4628","deberías olvidarlo","بهتر است فراموشش کنی","مکالمه روزمره","","ce2ebc79-482b-4362-a5c8-d36aa8dc5d66"
"4629","deberías oírte","باید صدای خودت را بشنوی (کنایه از حرف‌های عجیب زدن)","مکالمه روزمره","","a40f255a-9d0b-4a50-9577-91b03e888da5"
"4630","deberías perdonarlo","باید او را ببخشی","مکالمه روزمره","","01cc5273-9efb-438c-8120-ac4a1a4c034b"
"4631","no deben","نباید (جمع)","مکالمه روزمره","","b1920b4e-3e51-4010-9ba1-fbe74d731e4a"
"4632","Son las cinco menos cuarto.","ساعت یک ربع به پنج است.","مکالمه روزمره","","b2dbfda3-ed32-4e3b-bc38-a07bbefab704"
"4633","a las cuatro menos cuarto","در ساعت یک ربع به چهار","مکالمه روزمره","","702febb6-16a5-46e8-b016-53b7a4749f1f"
"4634","a las cinco y cuarto","در ساعت پنج و ربع","مکالمه روزمره","","9f489918-5c4b-42cb-939c-c424db2a2536"
"4635","a las dos y media","در ساعت دو و نیم","مکالمه روزمره","","74172787-a130-41b3-9bb9-c204f0920cec"
"4636","a las ocho menos cinco","در ساعت پنج دقیقه به هشت","مکالمه روزمره","","a0136f03-df4c-4342-a2ab-e20ef1dee506"
"4637","a qué hora","در چه ساعتی ، چه زمانی","مکالمه روزمره","","8d60b4b6-99c5-47f7-8a04-e222ec9bc3cd"
"4638","A eso de las...","حدود ساعتِ...","مکالمه روزمره","","764ae669-80ad-4a3a-bfd1-18a6af9926e8"
"4639","A partir de las...","از ساعتِ... به بعد","مکالمه روزمره","","a7f46083-e863-4ec8-b500-d032d63caa2b"
"4640","Antes de las...","قبل از ساعتِ...","مکالمه روزمره","","cb691ff2-09fd-48a5-954f-25e03b87e7a8"
"4641","Más o menos a las...","تقریباً در ساعتِ...","مکالمه روزمره","","d0fef1df-7e3c-4b93-8c09-35c90dd2b3f0"
"4642","sobre las...","حدود ساعتِ...","مکالمه روزمره","","4398b292-899c-4364-accc-59873a11f192"
"4643","Quedamos a las...","در ساعتِ... قرار می‌گذاریم","مکالمه روزمره","","52e7b1f1-82ff-4c74-b470-283b15a570bc"
"4644","Nos vemos a las...","در ساعتِ... همدیگر را می‌بینیم","مکالمه روزمره","","d298a028-c030-4628-be88-d574c1c7216e"
"4645","acabamos a las 5 de la mañana","ساعت ۵ صبح کارمان تمام شد ، تمام کردیم","مکالمه روزمره","","95222541-2ed3-4552-88e1-c2bdba14664a"
"4646","¿A qué hora quedamos?","چه ساعتی قرار بگذاریم؟","مکالمه روزمره","","b108bda9-dfa3-414c-925e-4e5a21ff07b1"
"4647","¿a qué hora empieza?","چه ساعتی شروع می‌شود؟","مکالمه روزمره","","a039b38b-6c77-4eca-887a-a9246a7bd46e"
"4648","¿a qué hora te levantas?","چه ساعتی از خواب بیدار می‌شوی؟","مکالمه روزمره","","85a2f6b6-e959-4162-8e1c-f351a81d2004"
"4649","Me levanto a las siete.","ساعت هفت از خواب بیدار می‌شوم.","مکالمه روزمره","","9418c3e3-b771-4515-981a-aa10079f46af"
"4650","levantarme temprano","زود بیدار شدنم ، زود از خواب خاستنم","مکالمه روزمره","","1037997f-38d6-4446-bc26-3e3241b889c2"
"4651","me cuesta levantarme temprano","صبح زود بیدار شدن برایم سخت است","مکالمه روزمره","","a0e3e9b4-98e5-47e3-87f8-014103e9020e"
"4652","muy temprano","خیلی زود (صبح خیلی زود)","مکالمه روزمره","","48addcf6-390b-4e68-867f-29d4b32367bd"
"4653","me encantaría, pero mañana tengo que levantarme temprano","خیلی دوست دارم، اما فردا باید زود بیدار شوم","مکالمه روزمره","","a87f426c-76a4-4a84-9695-8b39cbc9ce1d"
"4654","es hora punta","ساعت شلوغی ، ساعت اوج ترافیک است","مکالمه روزمره","","e1340227-6399-47ac-9635-f678e0fb1680"
"4655","es la hora de la siesta","زمان خواب بعدازظهر (سیئستا) است","مکالمه روزمره","","8fe386c6-3670-4197-ae28-821a1fe87a7d"
"4656","es la hora del vermú","زمان نوشیدن و گپ‌زدن قبل از ناهار است","مکالمه روزمره","","d5e33004-73c3-418f-9cd3-15f9f2ff2886"
"4657","es hora de irse","وقت رفتن است","مکالمه روزمره","","1e341be6-6e2c-4a15-9697-8b936879aac0"
"4658","¿qué día de la semana es hoy?","امروز چندشنبه است؟","مکالمه روزمره","","8f9b7f48-3af6-41c9-8589-1a5ab10fd8f9"
"4659","hoy es lunes, así que mañana es martes","امروز دوشنبه است، بنابراین فردا سه‌شنبه است","مکالمه روزمره","","b6226dfa-6285-45a7-ad9f-d18a3e55cd7c"
"4660","los lunes está cerrado","دوشنبه‌ها تعطیل است","مکالمه روزمره","","6131c05d-e188-4878-84ca-f17a2f7a0a03"
"4661","los lunes","دوشنبه‌ها","مکالمه روزمره","","cd43934c-eb8f-4a8f-abe0-ec3cb7ba7b11"
"4662","Los lunes no puedo.","دوشنبه‌ها نمی‌توانم.","مکالمه روزمره","","c70ad789-905a-4b40-b323-6de7ee34cf39"
"4663","Los martes sí puedo.","سه‌شنبه‌ها می‌توانم.","مکالمه روزمره","","dab0ea23-7480-4829-a39d-5ba0747576e7"
"4664","el jueves","پنج‌شنبه","مکالمه روزمره","","213f3004-cec9-4ae5-8818-7b619e0030be"
"4665","el miércoles","چهارشنبه","مکالمه روزمره","","e8250cb8-4833-4511-b3bd-370751ddd882"
"4666","los domingos","یکشنبه‌ها","مکالمه روزمره","","3df9ddeb-f173-4f0f-ba5e-3ca99e4be3ff"
"4667","todos los domingos","همه یکشنبه‌ها ، هر یکشنبه","مکالمه روزمره","","0732388b-f288-45df-8859-5a6b018fa760"
"4668","Entre semana me viene mal.","وسط هفته (روزهای کاری) برایم مناسب نیست.","مکالمه روزمره","","65cf210c-8117-4910-a524-7f4aaa1eee6e"
"4669","el fin de semana","آخر هفته","مکالمه روزمره","","4c3b6f2c-945b-44e8-bb89-bb54cce7b30e"
"4670","El fin de semana me viene bien.","آخر هفته برایم مناسب است.","مکالمه روزمره","","078ceb79-080a-4a7f-8dd4-369dc1531524"
"4671","Mejor el fin de semana.","آخر هفته بهتر است.","مکالمه روزمره","","0bb3f327-9f87-4804-b1bc-1a6eab4375eb"
"4672","esta mañana","امروز صبح","مکالمه روزمره","","abc9f167-4219-4e2b-ae27-7828bcd7862e"
"4673","por la mañana","در هنگام صبح ، صبح‌ها","مکالمه روزمره","","f20daa42-d513-4b15-868b-96da99172563"
"4674","Mejor por la mañana.","صبح بهتر است.","مکالمه روزمره","","4a2a489a-8f6a-43c1-9207-baafb0bac90a"
"4675","esta tarde","امروز بعدازظهر ، امشب (اوایل شب)","مکالمه روزمره","","f5f02119-8e32-471b-a428-e9f4d0de4a2c"
"4676","por la tarde","بعدازظهرها ، در هنگام عصر","مکالمه روزمره","","894948c1-b208-47fb-9344-91fa59a945a1"
"4677","Mejor por la tarde.","بعدازظهر بهتر است.","مکالمه روزمره","","a89b5a6a-2f60-4404-b321-096a47aaedcb"
"4678","¿los demás quieren venir a la playa esta tarde?","آیا بقیه می‌خواهند امروز بعدازظهر به ساحل بیایند؟","مکالمه روزمره","","198c7546-faf9-4877-8404-0facababf6c6"
"4679","¿qué harán los demás esta tarde?","بقیه امروز بعدازظهر چه کار خواهند کرد؟","مکالمه روزمره","","badbe8a8-5a36-42b0-9a3e-6b4010f70fba"
"4680","esta noche","امشب","مکالمه روزمره","","df2a2fb8-23f1-4df7-a185-0367910d01b9"
"4681","por la noche","در هنگام شب ، شب‌ها","مکالمه روزمره","","9266c171-e102-45e9-960f-5338f3677968"
"4682","mañana por la noche","فردا شب","مکالمه روزمره","","d75e1ce4-c6b7-40b0-a5d6-9da5a2cfd006"
"4683","vamos a ir a correr mañana por la noche","فردا شب قرار است برویم دویدن","مکالمه روزمره","","bf83fa2f-2ff4-45eb-baca-699cd44205a3"
"4684","de día","در روز ، روزها","مکالمه روزمره","","b2ec47da-aa2f-4819-b1a9-ac919b054547"
"4685","de noche","در شب ، شب‌ها","مکالمه روزمره","","d7cacdbe-2adb-4fd4-ba18-dcddad7cdde5"
"4686","a mediodía","ظهر ، ظهر هنگام","مکالمه روزمره","","048c8104-bde4-470c-bb2a-a70e7d80a4bb"
"4687","pasado mañana","پس‌فردا","مکالمه روزمره","","712de6c3-6ac5-4dc2-a8a5-fe977c0d45f5"
"4688","La semana pasada.","هفته گذشته.","مکالمه روزمره","","2c782c50-804b-45ef-ba16-dd8ac7f18767"
"4689","semana pasada","هفته پیش ، هفته گذشته","مکالمه روزمره","","8978f173-3fb2-4e41-8587-f98a18d14e1b"
"4690","la próxima semana","هفته آینده","مکالمه روزمره","","b9ad6528-f10f-41cd-8ed9-60995798045d"
"4691","próxima semana","هفته بعد","مکالمه روزمره","","8b8542db-172c-4b51-9523-d869d3abfa7c"
"4692","El mes pasado.","ماه گذشته.","مکالمه روزمره","","9c7da0ba-2d6a-4cef-8376-41e691491b67"
"4693","el próximo mes","ماه آینده","مکالمه روزمره","","8cb502a3-07cd-41d6-b530-ab2016ebc097"
"4694","próximo mes","ماه بعد","مکالمه روزمره","","0a54b585-37bc-40e3-8bef-263477ded419"
"4695","durante dos meses","به مدت دو ماه","مکالمه روزمره","","82556e16-b574-4eda-82c9-63713d6a40ed"
"4696","llevo un mes","یک ماه است که...","مکالمه روزمره","","79f9b7c4-0e2c-49df-8d04-40b1d47b5fe7"
"4697","¡llevo un mes sin fumar!","یک ماه است که سیگار نکشیده‌ام!","مکالمه روزمره","","f558515c-b606-457a-975e-b9256f1ef9f9"
"4698","hace dos semanas","دو هفته پیش","مکالمه روزمره","","260ca680-bd98-4db4-9d93-2d22222b31b6"
"4699","hace tres semanas","سه هفته پیش","مکالمه روزمره","","5674e745-c0ad-4503-9f82-bc3a906361ec"
"4700","esperamos dos semanas","دو هفته منتظر ماندیم ، صبر می‌کنیم","مکالمه روزمره","","79386db4-b5dd-42d2-9c53-f3c9f5a7e828"
"4701","este año","امسال","مکالمه روزمره","","069145e6-961f-4611-a318-0d0c2f772e47"
"4702","el próximo año","سال آینده","مکالمه روزمره","","c7156a57-cf6f-4c73-82dc-734445e0cbe4"
"4703","próximo año","سال بعد","مکالمه روزمره","","e7587641-c768-4f24-a041-64d1ae3cf154"
"4704","las próximas elecciones son en dos años","انتخابات بعدی دو سال دیگر است","مکالمه روزمره","","a4b16916-eff2-4a27-a70b-c6c6c168e9b5"
"4705","¿cuándo son las próximas elecciones?","انتخابات بعدی چه زمانی است؟","مکالمه روزمره","","224f4942-12cf-4b0d-93ae-51b8077e54c7"
"4706","la década","دهه","مکالمه روزمره","","56a20bb1-6484-4f3d-a25e-9012ebea4ff8"
"4707","el siglo","قرن ، سده","مکالمه روزمره","","c8b73ed6-6dbe-4959-b994-f07afd75e7b9"
"4708","Año Nuevo","سال نو","مکالمه روزمره","","03cf5c30-4320-496e-b49d-6bf2f4d6f8ba"
"4709","¡feliz Año Nuevo!","سال نو مبارک!","مکالمه روزمره","","d7c37917-a277-4dcc-9833-54437ceada00"
"4710","Día de la Madre","روز مادر","مکالمه روزمره","","c09a88a9-7103-4c0b-8e1f-1b19d178c8fd"
"4711","Día de los Muertos","روز مردگان","مکالمه روزمره","","83bab117-5532-4ac9-8caf-f4de2996b329"
"4712","Día de la Independencia","روز استقلال","مکالمه روزمره","","cb8a6fa2-0499-4c0c-a2a1-60e5923e82be"
"4713","día festivo","روز تعطیل رسمی ، روز جشن","مکالمه روزمره","","e5de21a5-8b54-4e29-a545-129dbbae6a81"
"4714","¡feliz cumpleaños!","تولدت مبارک!","مکالمه روزمره","","8604b170-d19e-4c5a-895c-4661e69c6372"
"4715","¿cuándo es su cumpleaños?","تولد او ، شما چه زمانی است؟","مکالمه روزمره","","e617f546-5f84-4fde-ac2a-a3c0d1adcbbf"
"4716","el cumpleaños","تولد ، روز تولد","مکالمه روزمره","","409b8564-3d9d-4e52-a503-626dfe5925c9"
"4717","su cumpleaños es el tres de febrero","تولد او سوم فوریه است","مکالمه روزمره","","a645e1ca-5ce5-4830-b1ee-aeb7726dd566"
"4718","dos de enero","دوم ژانویه","مکالمه روزمره","","96a2f674-6012-4acf-9a38-af361e808d21"
"4719","hoy es dos de enero","امروز دوم ژانویه است","مکالمه روزمره","","2557f16c-5e6f-46ac-948d-f4aed1ec1fb8"
"4720","dos mil uno","دو هزار و یک (۲۰۰۱)","مکالمه روزمره","","d33a866d-891a-48e9-9436-13169a5b6889"
"4721","dos mil diecisiete","دو هزار و هفده (۲۰۱۷)","مکالمه روزمره","","b19e501e-a182-481d-b584-4ba88417ddcd"
"4722","cuarenta y cuatro","چهل و چهار (۴۴)","مکالمه روزمره","","a405597d-39bc-4933-802b-ee4f12b7e2aa"
"4723","treinta y tres","سی و سه (۳۳)","مکالمه روزمره","","0f2b32cb-dd43-44c4-b4fa-168dff3a1f60"
"4724","un kilo tiene 1000 gramos","یک کیلو ۱۰۰۰ گرم است","مکالمه روزمره","","1404ee1b-648e-40ad-abad-d03f83a3da84"
"4725","pesa 60 kilos","۶۰ کیلوگرم وزن دارد","مکالمه روزمره","","7c9bf80f-ed2d-415b-b80b-a182c29914a4"
"4726","la tonelada","تن (واحد وزن)","مکالمه روزمره","","2044cc55-12f9-4c2c-89fb-1df047a55389"
"4727","¡pesa una tonelada!","یک تن وزن دارد! ، خیلی سنگین است!","مکالمه روزمره","","c2d60ea8-b92b-477f-8d93-3746bc1c8cb1"
"4728","ahora mismo","همین الان ، در همین لحظه","مکالمه روزمره","","0e7a5a63-8b1a-41a9-affc-bcab615eb49b"
"4729","en este momento","در حال حاضر ، در این لحظه","مکالمه روزمره","","890febf5-bb5e-413b-b1b3-5fe3402e3de2"
"4730","hoy en día","امروزه ، این روزها ، حالا ، به زودی","مکالمه روزمره","","abb76db4-1c56-4706-a0b7-02676ebcf8ad"
"4731","hace poco","چندی پیش ، اخیراً","مکالمه روزمره","","251259b9-3bc2-497f-8e23-eabff5295b80"
"4732","hasta ahora","تا کنون ، تا این لحظه","مکالمه روزمره","","495e9ed9-dfaf-442e-984c-6330f3efb0f5"
"4733","a estas alturas","در این مرحله ، تا اینجای کار","مکالمه روزمره","","7a7cf6bb-8277-4e6a-9369-9278ac0f1eeb"
"4734","a estas alturas ...","تا اینجای کار...","مکالمه روزمره","","fb53e26c-9079-4894-b7f0-bdcbc92f96a6"
"4735","a estas alturas …","در این مقطع...","مکالمه روزمره","","a1978e4c-b689-47a9-b35a-3f767b5609ed"
"4736","a estas alturas, ya deberíamos haberla conocido","تا الان دیگر باید او را می‌شناختیم","مکالمه روزمره","","b4a90b84-552e-4d3f-a74b-0d408e0ef1d9"
"4737","por el momento","در حال حاضر ، فعلاً","مکالمه روزمره","","b59329e5-47a5-4947-b201-6fb0fcd52587"
"4738","ya no","دیگر نه ، دیگر خیر","مکالمه روزمره","","ddec4fc9-3d7e-4492-a453-d4aa2ff9e20e"
"4739","para siempre","برای همیشه ، تا ابد","مکالمه روزمره","","dbd717e0-af50-4b27-a0a9-e0ee952c96a9"
"4740","prefiero ser feliz para siempre","ترجیح می‌دهم برای همیشه خوشحال باشم","مکالمه روزمره","","4c94988c-a650-47a0-b7dd-297f645bbb6d"
"4741","nada dura para siempre","هیچ چیز تا ابد دوام نمی‌آورد","مکالمه روزمره","","1c14de6b-3a65-4188-bf4c-d94e8921a870"
"4742","Describir a las personas","توصیف کردن افراد","مکالمه روزمره","","9fd53b92-b201-42cb-b45d-8854f45381fe"
"4743","puedes describir a la mujer o dibujarla","می‌توانی آن زن را توصیف کنی یا نقاشی‌اش کنی","مکالمه روزمره","","b92157d9-4d15-4638-8b90-bde855aa7309"
"4744","¿cómo es el hombre de tus sueños?","مرد رویاهای تو چگونه است؟","مکالمه روزمره","","44885e2f-ea7c-4c26-8017-459c56ba7af9"
"4745","el hombre de mis sueños es valiente y amable","مرد رویاهای من شجاع و مهربان است","مکالمه روزمره","","264d1d34-7b26-45f8-9705-35a55f370db1"
"4746","la mujer de mis sueños","زن رویاهای من","مکالمه روزمره","","14473ebb-dc02-422a-8a79-d5a94d14fbe8"
"4747","Tiene el pelo castaño.","موهای قهوه‌ای دارد.","مکالمه روزمره","","487ddbea-53e5-4ab4-bdaa-b4f367e68b08"
"4748","Tiene el pelo corto.","موهای کوتاه دارد.","مکالمه روزمره","","3023ee61-79ed-44a7-9c6d-6e002b59474e"
"4749","Tiene el pelo largo.","موهای بلند دارد.","مکالمه روزمره","","1d039af0-338f-4378-9f49-013e2a071415"
"4750","Tiene el pelo liso.","موهای صاف و لخت دارد.","مکالمه روزمره","","4863fc0f-0caa-4222-9b17-7febb25c3e20"
"4751","Tiene el pelo moreno.","موهای مشکی ، تیره دارد.","مکالمه روزمره","","d5366065-cb7a-4ed8-8edc-afef3a0c0528"
"4752","Tiene el pelo pelirrojo.","موهای قرمز ، حنایی دارد.","مکالمه روزمره","","d2a22a44-9b41-4ec4-a961-b8e6cecb6468"
"4753","Tiene el pelo rizado.","موهای فر دارد.","مکالمه روزمره","","c774fc70-ef0a-4e5e-a05c-58d25904269f"
"4754","Tiene el pelo rubio.","موهای بور ، طلایی دارد.","مکالمه روزمره","","37b33f32-40b2-4bdf-8778-8d843ea6b8ac"
"4755","tiene los ojos marrones y el pelo gris","چشمان قهوه‌ای و موهای جوگندمی ، خاکستری دارد","مکالمه روزمره","","6f753501-1f52-4875-9a86-e6a37d485331"
"4756","tenía menos pelo que ese tipo","از آن یارو موهای کمتری داشت","مکالمه روزمره","","a545ab77-21d0-470e-a16c-2b189dc018ba"
"4757","Me corto el cabello una vez al mes porque me crece muy rápido y lo llevo siempre recogido","ماهی یک‌بار موهایم را کوتاه می‌کنم چون خیلی سریع رشد می‌کند و همیشه آن را بسته نگه می‌دارم","مکالمه روزمره","","ac1914cc-f8bf-4954-93be-982c75823b74"
"4758","Lleva barba.","ریش دارد.","مکالمه روزمره","","00985977-15cf-4d36-90cb-4e8a4632bd03"
"4759","Lleva bigote.","سیبیل دارد.","مکالمه روزمره","","1e8589c7-d2c1-416f-90cf-e69d0cc81264"
"4760","Tiene los ojos azules.","چشمان آبی دارد.","مکالمه روزمره","","7bf6646b-9ce1-4be9-a169-63e6ecaab551"
"4761","Tiene los ojos marrones.","چشمان قهوه‌ای دارد.","مکالمه روزمره","","b592fc0f-b97c-4cd1-a670-bb6736a4623a"
"4762","Tiene los ojos negros.","چشمان مشکی دارد.","مکالمه روزمره","","29deb497-3a09-4689-bfd2-07af84e2b6e0"
"4763","Tiene los ojos verdes.","چشمان سبز دارد.","مکالمه روزمره","","1312f223-13c7-4055-955f-282bbab0b3a9"
"4764","Tiene una sonrisa bonita.","لبخند زیبایی دارد.","مکالمه روزمره","","5f1137ca-b387-453c-9b11-09c50301cebf"
"4765","De estatura alta","قد بلند","مکالمه روزمره","","ab8afe8a-23e9-4ed5-9b0a-a96b87b7682c"
"4766","De estatura media","قد متوسط","مکالمه روزمره","","f884611b-edd1-4eeb-9ace-3f59ad5a4f9f"
"4767","Alto y esbelto","بلندقد و خوش‌اندازه ، ترکه‌ای","مکالمه روزمره","","6922cc7c-19d6-4510-aa09-a91fecf03ed7"
"4768","Muy alto","خیلی بلندقد","مکالمه روزمره","","a8098f8c-6145-4273-b99b-b18a541a5754"
"4769","Es alto.","او بلندقد است.","مکالمه روزمره","","22f44b54-e896-44bf-b6ff-422bcaebd7b0"
"4770","Es bajo.","او کوتاه قد است.","مکالمه روزمره","","d85b5070-e41c-4733-89e3-f9ef8a7b150f"
"4771","Es delgado.","او لاغر است.","مکالمه روزمره","","72085c48-07dd-4efe-a61a-498604eb8476"
"4772","Es gordo.","او چاق است.","مکالمه روزمره","","288a7118-3816-4fd8-8e05-a7d8f51aecaf"
"4773","ganar peso","وزن اضافه کردن ، چاق شدن","مکالمه روزمره","","58c1a149-f840-45e1-8dc9-13f4d0f013f0"
"4774","perder peso","وزن کم کردن ، لاغر شدن","مکالمه روزمره","","9e91a1bc-fd5a-4528-a6cd-717f0e2ed37a"
"4775","Es guapo.","او خوش‌تیپ ، زیباست.","مکالمه روزمره","","b4ad5995-0b2f-43e2-86ce-02bd46c131ae"
"4776","Es feo.","او زشت است.","مکالمه روزمره","","aaf50876-28c3-4e79-a480-edf93c5bcfec"
"4777","Es anciano.","او پیر ، سالخورده است.","مکالمه روزمره","","1dfc69d0-cba2-431a-a86a-cf3be2fd2e21"
"4778","Es joven.","او جوان است.","مکالمه روزمره","","4d0901be-6951-41c1-9d2c-817cd46f064a"
"4779","Es mayor.","او مسن ، بزرگسال است.","مکالمه روزمره","","2fe4aab3-103f-4885-8b1d-8a55723ccbbb"
"4780","el mayor","بزرگ‌ترین (از نظر سن)","مکالمه روزمره","","77abb8f0-eac7-4003-8351-4346b668e7c5"
"4781","Es fuerte.","او قوی است.","مکالمه روزمره","","5cca4140-58e8-4229-a0d8-1190ea6dc589"
"4782","Es débil.","او ضعیف است.","مکالمه روزمره","","2bb3aa29-5444-4c4d-9604-f35440f6504f"
"4783","Seguro de sí mismo","دارای اعتمادبه‌نفس","مکالمه روزمره","","93539133-0e16-47c6-9b6b-ca6f7b10da69"
"4784","Es alegre.","او شادمان ، خوش‌رو است.","مکالمه روزمره","","c8f45356-b2a3-49b0-83bd-ebca04df8566"
"4785","Es amable.","او مهربان است.","مکالمه روزمره","","4c4e057b-2074-4b42-a9e5-4b42ce82cd9b"
"4786","Es antipático.","او بداخلاق ، ناخوشایند است.","مکالمه روزمره","","88632eba-b65b-448b-b339-dda6d3d24ffe"
"4787","Es simpático.","او خوش‌اخلاق ، خوش‌پذیرفت است.","مکالمه روزمره","","51fe71d4-097b-4795-aafb-600b67beaa4d"
"4788","Es gracioso.","او بامزه ، خنده‌دار است.","مکالمه روزمره","","0680a362-d34c-46d4-bde5-702773593d9a"
"4789","Es serio.","او جدی است.","مکالمه روزمره","","a68da1b9-62ac-4cef-911c-48999ef3ce02"
"4790","Es tranquilo.","او آرام ، صادق است.","مکالمه روزمره","","08e235a3-6c9b-4561-bfe2-8bbc864e234e"
"4791","Es nervioso.","او مضطرب ، عصبی است.","مکالمه روزمره","","f06cfdb8-5dbc-43c8-925f-6b261bdf9bd2"
"4792","Es inteligente.","او باهوش است.","مکالمه روزمره","","85502f94-7395-4953-8ddf-5a891147d49b"
"4793","Es listo.","او زرنگ ، زرنگ‌بازی‌بلد است.","مکالمه روزمره","","0250ee69-84fe-40c2-a195-d94451dd92c9"
"4794","Es tonto.","او نادان ، احمق است.","مکالمه روزمره","","e57fb090-9b78-4c3d-83bd-c014fc0a7b30"
"4795","Es torpe.","او دست‌پاچه ، دست‌چلفتی است.","مکالمه روزمره","","e4370cf7-51b2-4258-a720-d0e0c44d6f9d"
"4796","Es cobarde.","او ترسو است.","مکالمه روزمره","","697c9939-824f-46b8-b0e5-35aece72a857"
"4797","Es valiente.","او شجاع است.","مکالمه روزمره","","37952025-d638-4972-aa27-6f4b0c57c2cd"
"4798","Es generoso.","او دست‌ودلباز ، بخشنده است.","مکالمه روزمره","","23e39aa7-1dd4-4a79-811f-bcd1b357b47a"
"4799","Es tacaño.","او خسیس است.","مکالمه روزمره","","9a65f0f2-e16c-45e0-b30e-f02938acc51d"
"4800","Es honesto.","او صادق است.","مکالمه روزمره","","488ec084-f5b9-4e8c-9d64-3963677957f9"
"4801","Es mentiroso.","او دروغگو است.","مکالمه روزمره","","89ba012f-ae7c-4a38-bdd8-8abd0b296bff"
"4802","Es grosero.","او بی‌ادب ، گستاخ است.","مکالمه روزمره","","a11ecef0-cd80-4b42-996f-5621806fb03c"
"4803","Es desagradable.","او ناخوشایند است.","مکالمه روزمره","","d6326e1e-bf8e-4027-ad7a-5c581c62b3ed"
"4804","Es vago.","او تنبل است.","مکالمه روزمره","","06d96d86-b48d-40d4-a34b-f586b8617a23"
"4805","Es agradable.","او دلنشین ، خوشایند است.","مکالمه روزمره","","5ff61797-924e-46d3-9887-19775744684d"
"4806","Es muy majo.","او بسیار مهربان ، دوست‌داشتنی است.","مکالمه روزمره","","d90bd765-ef86-46e5-b7fa-08b8c13b985c"
"4807","Es muy pesado.","او خیلی روی اعصاب ، رو مخ است.","مکالمه روزمره","","7f2699ed-b045-4196-908f-404e6857870c"
"4808","Es un desastre de persona.","او فردی بی‌نظم ، فاجعه است.","مکالمه روزمره","","6fe4692a-1b5c-451f-9d06-b813d8727df8"
"4809","Es un desastre.","او افتضاح ، یک فاجعه است.","مکالمه روزمره","","440a9de3-6193-4f1a-82c4-11bf6758c2c4"
"4810","es súper mono / súper mona","او فوق‌العاده ناز ، جذاب است (مذکر ، مؤنث)","مکالمه روزمره","","377f4021-8e36-46fe-ba10-a79557ad2f9d"
"4811","Es un cielo.","او یک فرشته ، عزیز است.","مکالمه روزمره","","e37de684-ccd6-4d95-97ab-eed0ec8c24ba"
"4812","Es un sol.","او بسیار ماه ، نازنین است.","مکالمه روزمره","","f51f8b21-6472-4908-905e-e8c73ea41e74"
"4813","el idiota / la idiota","احمق (مذکر ، مؤنث)","مکالمه روزمره","","f98c7ade-dbbf-4ad7-ad36-66432280945a"
"4814","el idiota; la idiota","احمق مرد ، احمق زن","مکالمه روزمره","","e78b8a4e-11ad-41a0-9df9-d654d6fda0f4"
"4815","el gilipollas","احمق ، عوضی (عامیانه تند)","مکالمه روزمره","","0a36748d-cc66-4adc-8700-69b9d5b822da"
"4816","la gilipollas","احمق ، عوضی (زن - عامیانه تند)","مکالمه روزمره","","670a8a12-ec41-4f23-b6e7-5cb25b4c4734"
"4817","pijo / pija","سوسول ، اعیانی (مذکر ، مؤنث)","مکالمه روزمره","","5a41f11d-c595-408a-a7f1-0df71e2ecfca"
"4818","veterano / veterana","با تجربه ، کارکشته (مذکر ، مؤنث)","مکالمه روزمره","","950176db-a162-40c2-94f6-8dcd4913ace6"
"4819","Estoy contento.","من خشنود ، راضی هستم (مذکر).","مکالمه روزمره","","1069feed-606e-4156-9ef9-51036f940794"
"4820","Estoy contenta.","من خشنود ، راضی هستم (مؤنث).","مکالمه روزمره","","eeeb0436-7531-413b-b21c-5b6b45d3b080"
"4821","Parece contento.","خشنود ، رضایت‌مند به نظر می‌رسد.","مکالمه روزمره","","ea0df11c-9a8c-4f3c-b776-5214356a50aa"
"4822","Estoy feliz.","من خوشحال هستم.","مکالمه روزمره","","96f75bc3-bd8a-48eb-a1b3-24cd57b6ed03"
"4823","quiero sentirme más feliz","می‌خواهم احساس خوشحالی بیشتری کنم","مکالمه روزمره","","a6ce5e21-8073-461d-84d5-2a892eba4dbe"
"4824","Estoy triste.","من غمگین هستم.","مکالمه روزمره","","696ca22b-f06c-4007-bf30-739773f6288e"
"4825","Es triste.","غم‌انگیز است.","مکالمه روزمره","","28484bdf-bb7c-426e-9dc4-669ba84c8143"
"4826","Estoy enojado.","من عصبانی هستم (مذکر).","مکالمه روزمره","","63f7f734-d625-4bcf-a4f6-974765410856"
"4827","Estoy enojada.","من عصبانی هستم (مؤنث).","مکالمه روزمره","","c6d7cf7d-a4b6-4823-9385-34786637c52f"
"4828","Estoy enfadado.","من عصبانی هستم (مذکر).","مکالمه روزمره","","3d61386d-747b-46a5-b35d-ecbb810ff941"
"4829","Estoy enfadada.","من عصبانی هستم (مؤنث).","مکالمه روزمره","","b28e6b7d-d6f0-4d9f-a3c7-251369652993"
"4830","Parece enfadado.","عصبانی به نظر می‌رسد.","مکالمه روزمره","","54477d90-904b-40a3-8258-2e353db938f6"
"4831","No te enfades.","عصبانی نشو.","مکالمه روزمره","","ac61d9cc-5b20-48dc-8f9c-301b008f5b2c"
"4832","Estoy preocupado.","من نگران هستم (مذکر).","مکالمه روزمره","","7ccd9eb1-0f40-4c6e-a369-de521de067fe"
"4833","Estoy preocupada.","من نگران هستم (مؤنث).","مکالمه روزمره","","e45f5352-943e-4559-8849-68d796caf0a1"
"4834","me preocupa","مرا نگران می‌کند","مکالمه روزمره","","8c330643-cbc5-4946-942d-b137af56624d"
"4835","las dudas","شک و تردیدها","مکالمه روزمره","","9213a64d-c402-4cad-8bba-ca41491edf81"
"4836","las molestias","مزاحمت‌ها ، ناراحتی‌ها","مکالمه روزمره","","22699fef-d13d-4d43-93ce-91e1aa3d7ed6"
"4837","Estoy cansado.","من خسته هستم (مذکر).","مکالمه روزمره","","df5d91e5-d109-45d7-a426-2441f02a2045"
"4838","Estoy cansada.","من خسته هستم (مؤنث).","مکالمه روزمره","","9bfca51a-295d-47ce-a88d-183e6c01add6"
"4839","Estoy muy cansado","من خیلی خسته‌ام","مکالمه روزمره","","90151dd2-ff21-4d36-8529-11ffeac726e5"
"4840","Parece cansado.","خسته به نظر می‌رسد.","مکالمه روزمره","","f2b2e00c-d3cc-4cce-8bac-546457b56421"
"4841","Estoy agotado.","من کاملاً رمق‌بریده ، کوفته هستم (مذکر).","مکالمه روزمره","","b0990107-5bc8-4f0a-b189-1a08261813ab"
"4842","Estoy agotada.","من کاملاً رمق‌بریده ، کوفته هستم (مؤنث).","مکالمه روزمره","","7d36496a-42e6-4e50-8798-9e961ad884d9"
"4843","Estoy aburrido.","حوصله‌ام سر رفته است (مذکر).","مکالمه روزمره","","df2dc145-e7b9-4ae2-8862-8e661521ac22"
"4844","Estoy aburrida.","حوصله‌ام سر رفته است (مؤنث).","مکالمه روزمره","","d5de9f68-e21d-484e-a8a3-19e1b294cd6a"
"4845","me aburro","حوصله‌ام سر می‌رود","مکالمه روزمره","","a6ac74a8-fca7-4e45-b85d-e597c6fcc38d"
"4846","me aburro como una ostra","شدیداً حوصله‌ام سر رفته است (مثل صدف)","مکالمه روزمره","","e42e098b-b51e-4764-91c1-2cbec3c7207d"
"4847","como una ostra","مثل صدف (کنایه از حوصله‌سررفتن شدید یا سکوت)","مکالمه روزمره","","bb30143d-123d-4314-b69c-ee5bffd35adc"
"4848","Estoy animado.","من باانگیزه ، پرانرژی هستم.","مکالمه روزمره","","7bac2e3d-4ced-4aa3-84c6-f66daface584"
"4849","Estoy emocionado.","من هیجان‌زده هستم (مذکر).","مکالمه روزمره","","2997f459-4668-41bb-977a-ca2d750f1573"
"4850","¡Qué emoción!","چه هیجانی!","مکالمه روزمره","","38868a69-21b4-4d46-ab6b-8f90b85e1877"
"4851","Estoy sorprendido.","من متعجب شده‌ام (مذکر).","مکالمه روزمره","","8702e371-6c83-4a16-a474-ee3b4a0ed2a1"
"4852","Estoy sorprendida.","من متعجب شده‌ام (مؤنث).","مکالمه روزمره","","0e5a4ca2-0331-48ee-9582-13d445531ad7"
"4853","¡Qué sorpresa!","چه سورپرایز ، غافلگیری‌ای!","مکالمه روزمره","","6d1cc16f-bdea-4759-957a-750af5435d9e"
"4854","Estoy nervioso.","من مضطرب هستم (مذکر).","مکالمه روزمره","","06902b71-e0e1-4007-bc53-1be9eb0d3152"
"4855","Estoy nerviosa.","من مضطرب هستم (مؤنث).","مکالمه روزمره","","69130891-44fc-4984-ab04-0f20c8b0fb16"
"4856","¿qué nervios!","چقدر استرس‌زا ، اضطراب‌آور!","مکالمه روزمره","","dd5a22a7-6f8e-4e8b-9d2c-2ba9850b3077"
"4857","ponerse nervioso","مضطرب ، عصبی شدن","مکالمه روزمره","","86359009-5465-43dd-848f-1dcb9e624df2"
"4858","poner nervioso a …","کسی را مضطرب کردن","مکالمه روزمره","","0b84544e-de68-4217-b4a9-56c7a40eb459"
"4859","poner nervioso a...","اعصاب کسی را بهم ریختن","مکالمه روزمره","","ed8a8cb3-04f0-4c52-86bf-72401a0d21f5"
"4860","ponen nervioso","مضطرب می‌کنند ، اعصاب خرد می‌کنند","مکالمه روزمره","","17630658-7cd8-412d-9333-06d0b8690e1f"
"4861","Estoy muy agobiado","بسیار کلافه ، زیر فشار هستم","مکالمه روزمره","","8b703113-78b1-47d4-ba53-aeb050af7706"
"4862","decía que la agobiaba","می‌گفت او (زن) را کلافه کرده است","مکالمه روزمره","","59a755d3-5b9d-4fea-b7fd-cf219c40adb8"
"4863","decía que lo agobiaba","می‌گفت او (مرد) را کلافه کرده است","مکالمه روزمره","","83bbb9e8-90cd-4b1d-8cbc-bd09c26dfff6"
"4864","estoy pasando una mala racha","دوران بدی را سپری می‌کنم","مکالمه روزمره","","faef9186-01db-48aa-8639-2e0f91f4f98b"
"4865","una mala racha","یک دوره بدشانسی ، اوضاع نامساعد","مکالمه روزمره","","2afbc9f4-fb20-4d74-ac93-542cae62d4b1"
"4866","estoy un poco confusa","کمی گیج شده‌ام (مؤنث)","مکالمه روزمره","","e42cdb1b-ff18-4d9c-bde1-7c67b8431351"
"4867","estaba un poco decepcionado","کمی ناامید شده بود","مکالمه روزمره","","dff60243-9c41-425a-88a5-7e2de129fedf"
"4868","Me siento solo.","احساس تنهایی می‌کنم.","مکالمه روزمره","","7ba83dce-dd05-41c6-ae80-cce9a34cc4df"
"4869","Estoy solo.","تنها هستم (مذکر).","مکالمه روزمره","","e98ce62d-c141-4694-8cd8-d14d314db881"
"4870","quiere estar solo","می‌خواهد تنها باشد","مکالمه روزمره","","08d79cde-75ad-4f97-9465-7faf612e2ff7"
"4871","vivir solo","تنهایی زندگی کردن","مکالمه روزمره","","fe2b4149-f61b-4d4c-81b7-bb3166557d9a"
"4872","Me siento bien.","احساس خوبی دارم ، حالم خوب است.","مکالمه روزمره","","cd3a001d-52bc-4132-bfef-771af659974c"
"4873","Me siento genial.","احساس فوق‌العاده‌ای دارم.","مکالمه روزمره","","8799e263-74b3-458b-bbee-af561afe2f3f"
"4874","Ya estoy mejor.","دیگر بهتر شده‌ام.","مکالمه روزمره","","cc55bcba-d309-4d5c-930c-1dfd8af11152"
"4875","Estoy mejor.","بهتر هستم.","مکالمه روزمره","","cf4a788b-e71b-4ba2-82e6-0ae127dede2d"
"4876","Estoy peor.","بدتر شده‌ام.","مکالمه روزمره","","185344b1-8a7d-4b2a-afa4-5233493db209"
"4877","Me estoy recuperando.","در حال بهبودی هستم.","مکالمه روزمره","","2edd9f03-a690-4b24-b8db-1c4ea850b62a"
"4878","Estoy sudando.","عرق کرده‌ام ، در حال عرق کردنم.","مکالمه روزمره","","3ac62cf3-2026-44e3-a8fd-50bf9573eb79"
"4879","Estoy estreñido.","دچار یبوست شده‌ام.","مکالمه روزمره","","c0190556-0109-4728-a791-fb691181ba2f"
"4880","la ilusión","شور و شوق ، اشتیاق ، توهم","مکالمه روزمره","","162f4eb2-24bc-4df1-9188-0cccf541e82f"
"4881","la esperana:","امید:","مکالمه روزمره","","c72f688c-1056-49c3-85bf-4ffe145c7c2a"
"4882","la fe","ایمان ، باور","مکالمه روزمره","","4af20c51-81f3-43ae-b393-0bd7274ada83"
"4883","Me gusta","دوست دارم","مکالمه روزمره","","e46c999a-a24e-4705-9594-9fd38fc444e9"
"4884","Me gusta mucho.","خیلی دوست دارم.","مکالمه روزمره","","0e4d60bf-661d-43fb-b07a-38e41c81ac1f"
"4885","me gusta un montón","بسیار زیاد دوست دارم","مکالمه روزمره","","1da3d50b-ced5-4891-ba14-ce3e4fee9822"
"4886","No me gusta.","دوست ندارم.","مکالمه روزمره","","71da3f8e-69c6-430a-9068-e1a437cc9735"
"4887","No me gusta nada.","اصلاً دوست ندارم.","مکالمه روزمره","","bca4780b-85eb-45c7-a448-9b524d35ae50"
"4888","me apasionan","عاشقش هستم ، دیوانه آن هستم","مکالمه روزمره","","d91977ef-8586-4e32-a39a-72ac9b1d5d84"
"4889","me apetece","دلم می‌خواهد ، هوس کرده‌ام","مکالمه روزمره","","1839e35b-a49e-4b7c-81ad-6974f852c930"
"4890","Chao","خداحافظ ، خداحافظی عامیانه","مکالمه روزمره","","64c3cf9a-3b18-4fbb-8636-79b47411d6ac"
"4891","Dime","بگو ، بفرمایید (در پاسخ تلفن یا صحبت)","مکالمه روزمره","","db40c787-c4d8-4b7d-a4d3-9577fe4f7b80"
"4892","Disculpe","ببخشید ، عذر می‌خواهم (محترمانه)","مکالمه روزمره","","d8f3af16-6276-4ed5-a09c-3bed1f62d14a"
"4893","Déjalo","ولش کن ، رهایش کن","مکالمه روزمره","","6f121567-98e3-4f18-a2ff-cf4e258f6437"
"4894","Encantada","از آشنایی با شما خوشبختم (از زبان خانم)","مکالمه روزمره","","7d56ca43-a843-489a-91fd-ac9cb52fa729"
"4895","Enhorabuena","تبریک می‌گویم","مکالمه روزمره","","2fceca5b-d55d-4081-a3f6-40e247a14988"
"4896","Felicidades","تبریکات ، مبارک باشد","مکالمه روزمره","","8cb80116-20ce-4e92-ae5e-334443101cf2"
"4897","Me encanta","عاشقش هستم ، خیلی دوست دارم","مکالمه روزمره","","405d973f-2a23-4e3b-86ba-17d711224c73"
"4898","Me lo pienso","درباره‌اش فکر می‌کنم","مکالمه روزمره","","238b98e0-2b04-4561-b4fb-70aa9af583fd"
"4899","Olvídalo","فراموشش کن ، بیخیالش شو","مکالمه روزمره","","1e2359df-2b37-471a-a4b9-3bf131f290d7"
"4900","Perdona","ببخشید ، عذر می‌خواهم (غیررسمی)","مکالمه روزمره","","5dbd92fe-17d4-46f9-83c8-eb3c8ee0dd87"
"4901","Prefiero","ترجیح می‌دهم","مکالمه روزمره","","a6706892-6005-4f6a-aac8-b84100da00be"
"4902","Quedamos","قرار می‌گذاریم ، بماند برای بعد","مکالمه روزمره","","a12d6963-a69f-4e52-9786-aca85c8be9f2"
"4903","Relájate","آرام باش ، ریلکس کن","مکالمه روزمره","","d4308971-3e9e-4601-8cb9-38eb08f3321c"
"4904","Tengo compromiso","قرار ، تعهدی دارم ، وقتم پر است","مکالمه روزمره","","448541b9-31ea-4d3a-b7a8-b0c413ca6059"
"4905","Toma","بگیر ، بفرما","مکالمه روزمره","","afc30580-1559-4f84-b9bf-6bd4cdbdfe48"
"4906","Abajo","پایین ، در زیر","مکالمه روزمره","","0faf8dd0-696e-4efa-a874-733992403f4c"
"4907","Abierto","باز ، گشوده","مکالمه روزمره","","a02e210a-0efd-4e31-ad1d-7e5409ffca78"
"4908","Activo","فعال ، پویا","مکالمه روزمره","","812feb01-184b-4bbc-bfdc-cf28b3d38fe7"
"4909","Adelante","جلو ، بفرمایید داخل","مکالمه روزمره","","7cac3447-2be1-47ef-9a9e-2b8566aa891d"
"4910","Ahí","آنجا (نزدیک شنونده)","مکالمه روزمره","","b90ec71b-53a0-47b9-885c-e5e7d6757290"
"4911","Algo","چیزی ، کمی","مکالمه روزمره","","24ac505a-5d7e-4d3e-814e-ec40be532a0f"
"4912","Alguien","کسی ، شخصی","مکالمه روزمره","","dacf1d52-e759-40f8-9004-3d0c90769577"
"4913","Allí","آنجا (دورتر)","مکالمه روزمره","","2e1161c0-a8df-4766-909c-f9980d94f489"
"4914","Alto","بلند ، قدبلند ، ایست","مکالمه روزمره","","660374cf-4330-45db-b410-d2d132fe696b"
"4915","Amable","مهربان ، با محبت","مکالمه روزمره","","1d0b48bd-246a-4070-b58b-1b384a0d2e09"
"4916","Ancho","عریض ، پهن ، گشاد","مکالمه روزمره","","57a1fd3f-d213-49bf-bc65-037d48f62786"
"4917","Anoche","دیشب","مکالمه روزمره","","69902355-62b8-4158-a906-cbaccdf963bd"
"4918","Antes","قبل ، پیش از این","مکالمه روزمره","","838fd0b4-048e-4b37-8053-1245cecd5fb1"
"4919","Aquí","اینجا","مکالمه روزمره","","619c2a8b-72f4-47ba-9b30-c73e4b16dc2e"
"4920","Arriba","بالا","مکالمه روزمره","","0162ca56-396a-417e-87ee-0a2165fd3a7c"
"4921","Aunque","اگرچه ، با اینکه","مکالمه روزمره","","49d1e070-6f4b-4170-b116-90f6e59700b6"
"4922","Barato","ارزان","مکالمه روزمره","","7b54b26e-f602-46b5-9497-db36b183d71d"
"4923","Bastante","کافی ، تا حد زیادی ، به مقدار زیاد","مکالمه روزمره","","46977e34-5cb4-48e1-8f06-56b217225dd6"
"4924","Bien","خوب ، به نیکی","مکالمه روزمره","","24b2895e-4af0-4861-8fa8-3acbed108185"
"4925","Blanco","سفید","مکالمه روزمره","","72c8bffd-80f3-4521-9554-cac6a34ff75c"
"4926","Bueno","خوب ، شایسته","مکالمه روزمره","","e625756f-70a0-4427-8ce6-80ecdf8a6d79"
"4927","Cada","هر","مکالمه روزمره","","e038b2f7-6b3f-407d-b92d-23a3cb3c3107"
"4928","Casi","تقریباً ، نزدیک به","مکالمه روزمره","","b3b675f3-f5be-4166-9977-7a5479d5e339"
"4929","Cerca","نزدیک","مکالمه روزمره","","c1402003-fbd1-457e-9583-74d12a98628b"
"4930","Cierto","درست ، واقعی ، مشخص","مکالمه روزمره","","3d145be6-97d8-41f3-b378-27ec18eceab9"
"4931","Como","مانند ، چون ، چطور (اگر علامت سؤال داشته باشد)","مکالمه روزمره","","8195c666-2273-44e0-960a-c9d904f2ca84"
"4932","Con","با ، به همراه","مکالمه روزمره","","7a2b3f96-cb01-448f-8cb3-05aa64990ab5"
"4933","Conmigo","با من","مکالمه روزمره","","6b9e7098-ee41-4e34-9322-be4c9361e19f"
"4934","Contigo","با تو","مکالمه روزمره","","28496c5f-0923-4acc-9e66-4cda3e5147a1"
"4935","Cuanto","هرچقدر ، چه مقدار","مکالمه روزمره","","8d8678c0-5206-4546-b745-f708ec00b164"
"4936","Debajo","زیر ، پایین","مکالمه روزمره","","b16cb5d8-4053-471f-86d1-6bc27c4281c5"
"4937","Delgado","لاغر ، باریک","مکالمه روزمره","","a3ee2f77-5ba7-4038-8e1c-9fa75a53e922"
"4938","Demasiado","بیش از حد ، خیلی زیاد","مکالمه روزمره","","721da032-936c-4301-99f3-bf696ab25f97"
"4939","Dentro","داخل ، درون","مکالمه روزمره","","34d2e089-c10c-42c4-aa8a-10a3603b65e6"
"4940","Después","بعد ، پس از آن","مکالمه روزمره","","85e198b8-8927-49d4-8f8b-a2d01a90b74c"
"4941","Día","روز","مکالمه روزمره","","25ecbdc7-ec38-496d-a961-2dd34ec9cf8d"
"4942","Esto","این (اشاره به شیء یا موضوع خنثی)","مکالمه روزمره","","4c1bce40-dad4-4adc-b2fd-77389a5ed470"
"4943","Fue","بود ، رفت (گذشته بود ، رفت)","مکالمه روزمره","","69cb21a7-4983-4a1f-bb56-57761854b552"
"4944","Grande","بزرگ","مکالمه روزمره","","543c57d8-6ef3-4da8-9f7f-ec3e42ca7e2a"
"4945","Hoy","امروز","مکالمه روزمره","","92b6b38c-ac94-495e-8bfd-5c503bea07ad"
"4946","Jamás","هرگز ، هیچ‌گاه","مکالمه روزمره","","11781f81-b6c2-4468-964f-effc777eb2f2"
"4947","Largo","بلند ، طولانی","مکالمه روزمره","","e71c006d-10d2-4901-8f2d-4cc59b747dc0"
"4948","Malo","بد ، نامناسب","مکالمه روزمره","","d9325f67-bbf1-4c55-a2a6-2491ded72932"
"4949","Más","بیشتر","مکالمه روزمره","","40852d3d-caf6-40e0-9958-b9b730fc6f9f"
"4950","Mucho","زیاد ، خیلی","مکالمه روزمره","","d8578bc8-2ef2-44f9-9232-d7a4a59e682b"
"4951","Nada","هیچ‌چیز ، اصلاً","مکالمه روزمره","","6131c93d-0fce-419f-b671-1a9b4575474e"
"4952","Nadie","هیچ‌کس","مکالمه روزمره","","bd9091ff-9b2c-40a3-8f93-2bf9f26efa17"
"4953","Negro","مشکی ، سیاه","مکالمه روزمره","","c1a0e72a-4c6a-45ae-9e14-f23ef0975083"
"4954","No","نه ، خیر","مکالمه روزمره","","33d55a44-fc28-47bf-8b20-c055d511ddb6"
"4955","Nuevo","جدید ، تازه","مکالمه روزمره","","786bf28c-9780-4f07-ad6b-c4ed69c9efef"
"4956","Nunca","هرگز","مکالمه روزمره","","53008de2-a23c-48c4-8d97-49ff13fd8261"
"4957","Otro","دیگری ، یک تای دیگر","مکالمه روزمره","","e2f2d785-d0d1-45f8-b1f5-1a8d27107272"
"4958","Pequeño","کوچک","مکالمه روزمره","","14024765-a835-4b21-b92d-29eceead9667"
"4959","Pero","اما ، ولی","مکالمه روزمره","","742b7fdd-b00d-4ac0-bcd1-8f1991f4008e"
"4960","Poco","کم ، اندک","مکالمه روزمره","","ba46f9e1-9dae-4fea-85cb-7eec76db7b59"
"4961","Por qué","چرا ، به چه دلیل","مکالمه روزمره","","ac7461be-4a2c-4589-99d5-1b6dc8e9e496"
"4962","Pronto","به‌زودی ، بزودی","مکالمه روزمره","","ff957ff5-d1fe-4573-8c67-e2d735a1b269"
"4963","Rápido","سریع ، تند","مکالمه روزمره","","e31c7888-1aa7-4106-8d4b-c469e2c995a6"
"4964","Siempre","همیشه","مکالمه روزمره","","f75b9837-400c-4904-a82b-d882e5c257eb"
"4965","Solo","تنها ، فقط (اگر با استرس نوشته شود)","مکالمه روزمره","","c00c68e1-4a23-41bb-8cde-bd48d42f240a"
"4966","Tal vez","شاید ، احتمالاً","مکالمه روزمره","","01e2547a-5699-42d0-b581-89dcd3323d8a"
"4967","Tan","این‌قدر ، تا این حد","مکالمه روزمره","","398ab1f0-fb56-48c8-b89f-276e43b64242"
"4968","Tarde","دیر ، بعدازظهر","مکالمه روزمره","","c083d1c4-7a29-4a69-96bd-bca5e489a974"
"4969","Temprano","زود (صبح زود)","مکالمه روزمره","","04b57a42-f1bf-4f32-8bf4-014f15168a61"
"4970","Todos","همه ، همگی","مکالمه روزمره","","a4adafce-c965-43ff-b855-19556450f45f"
"4971","Ya","دیگر ، الان ، قبلاً","مکالمه روزمره","","fc0192e6-3567-4eab-964b-efa306f275ae"
"4972","Yo","من","مکالمه روزمره","","101ac3fe-ae95-48d8-bc07-ffb4e916f23e"
"4973","Buenos días","صبح بخیر","مکالمه روزمره","","99787def-031d-4ab3-92ff-087412b2842b"
"4974","Buenas tardes","عصر بخیر ، بعدازظهر بخیر","مکالمه روزمره","","aa1f4ead-7eff-4c51-bbab-5c75060a4325"
"4975","Buenas noches","شب بخیر","مکالمه روزمره","","f27e4d0b-2b6e-4d49-bead-81f8f02c89ca"
"4976","Hasta luego","تا بعد ، فعلاً خداحافظ","مکالمه روزمره","","cf60159e-4f52-4517-8e3c-c873c44add0a"
"4977","Hasta pronto.","تا بعد ، به‌زودی می‌بینمت.","مکالمه روزمره","","86ff1398-d597-416b-a036-cef5b9065d6e"
"4978","Hasta mañana!","تا فردا!","مکالمه روزمره","","216dbece-fa47-475b-aa7b-a5a97f8aff6b"
"4979","Hasta la vista","به امید دیدار","مکالمه روزمره","","87b9b9d0-a784-4a82-9af1-472bb3b63036"
"4980","Adiós","خداحافظ","مکالمه روزمره","","cf6b8292-0d00-4b06-85b0-6f5831332329"
"4981","Encantado.","از آشنایی با شما خوشبختم (از زبان آقا).","مکالمه روزمره","","f03aa9c2-f5a9-4e1f-b660-d822c69e0c67"
"4982","Encantado / Encantada","خوشبختم (از زبان آقا ، خانم)","مکالمه روزمره","","ed24b91a-bf02-4a1e-a752-fc0099b5e711"
"4983","Encantado de conocerte","از آشنایی با تو خوشبختم","مکالمه روزمره","","9a2b0b75-d7e9-46dc-a2c1-7a286fced970"
"4984","Encantado de verte","از دیدنت خوشحال شدم","مکالمه روزمره","","a4e10502-af5f-4bc3-a1cb-d10beb032125"
"4985","El gusto es mío.","باعث افتخار من است ، خوشبختی از بنده است.","مکالمه روزمره","","7c2b4969-5810-4e20-ac8c-915ebfc47c51"
"4986","Un gusto.","باعث خرسندی است.","مکالمه روزمره","","c71743ba-fbe3-470d-a387-ebecd47c49c0"
"4987","Un placer.","باعث افتخار است.","مکالمه روزمره","","be80cd95-c910-4383-9035-4a6714b47512"
"4988","Fue un placer.","مایه افتخار بود.","مکالمه روزمره","","25f08f84-a7e0-4161-96db-f5ec28966582"
"4989","Ha sido un placer.","باعث افتخار بوده است.","مکالمه روزمره","","f69b2ef3-2b12-47a8-bab6-98c7081c19bf"
"4990","Muy amable.","بسیار مهربانید ، لطف دارید.","مکالمه روزمره","","b146fbe2-cc5e-482a-81ab-1f578eec239b"
"4991","Es usted muy amable.","شما بسیار لطف دارید ، محبت دارید.","مکالمه روزمره","","f0076002-818a-4f1a-bdaf-23f68ec1483c"
"4992","Gracias","ممنون ، متشکرم","مکالمه روزمره","","027048ba-ecd2-4bdc-b827-5f7dc018e9e7"
"4993","Gracias por todo.","بابت همه‌چیز ممنون.","مکالمه روزمره","","5f6971f4-26b4-4954-ac08-34d38316a13a"
"4994","Muchas gracias.","خیلی ممنونم.","مکالمه روزمره","","e72ece0a-a122-42f6-bec3-bfdfc2c02c9a"
"4995","De nada.","خواهش می‌کنم.","مکالمه روزمره","","82c07b89-78f4-4577-a6b5-4f30ef8b68cb"
"4996","De nada. ¡Cuídese!","خواهش می‌کنم. مراقب خودتان باشید!","مکالمه روزمره","","7410d852-baf9-4e02-8467-ca51938a6c9c"
"4997","No hay de qué.","خواهش می‌کنم ، نیازی به تشکر نیست.","مکالمه روزمره","","2c9f4684-1e23-4731-950f-b6f6e0b1cee0"
"4998","por favor","لطفاً","مکالمه روزمره","","94fadd28-ff4f-4b76-ab1e-7be7ace708a8"
"4999","Por favor, ¿me puedes...?","لطفاً، می‌توانی به من...؟","مکالمه روزمره","","04f0729f-21be-4f9e-a5c2-f8c0b6aeea12"
"5000","Un momento, por favor.","یک لحظه لطفاً.","مکالمه روزمره","","f3b3e05b-87a1-4884-acae-412973e9e181"
"5001","¡Cuídate!","مراقب خودت باش!","مکالمه روزمره","","be294bb4-0f23-488a-bb0d-d296d0dc8e27"
"5002","¡Cuídese!","مراقب خودتان باشید!","مکالمه روزمره","","ea5fbcf1-a621-4823-8ea1-6ca8a3b19f99"
"5003","Que tengas un buen día","روز خوبی داشته باشی","مکالمه روزمره","","5a0f6b0e-6e89-4435-b883-96d1e6c609c8"
"5004","Que tengas buen día.","روز خوبی داشته باشی.","مکالمه روزمره","","bc06835a-d28e-45dd-8939-4ad04bf65210"
"5005","Que tengas suerte.","موفق باشی ، شانس یارت باشد.","مکالمه روزمره","","b0435e6c-4c7a-473b-9e4c-7817f4f3a732"
"5006","Que te vaya bien.","امیدوارم کارت خوب پیش برود ، به سلامت.","مکالمه روزمره","","aab91898-5383-4173-957e-07e07811e48f"
"5007","Que aproveche.","نوش جان.","مکالمه روزمره","","b1f743fa-a913-4c97-9006-dbce04ba1c2d"
"5008","¡Enhorabuena!","تبریک می‌گویم!","مکالمه روزمره","","b94b861e-a4c8-4d81-8676-539d23e998fb"
"5009","¡Felicidades!","تبریکات ، مبارک باشد!","مکالمه روزمره","","134f7777-b358-4046-9c56-bf9694bd60d7"
"5010","¡Bravo!","آفرین! ، عالی بود!","مکالمه روزمره","","3bbadbfc-d902-49c4-8cdd-fc827a89f3f4"
"5011","¡bien hecho!","آفرین! ، کار درست را کردی!","مکالمه روزمره","","958e52f9-d254-41cc-aea7-7b67c0530173"
"5012","¡buena suerte!","موفق باشی!","مکالمه روزمره","","ae29e392-fd06-4cf6-97a1-04830bbc47c9"
"5013","¡Ándale!","یالا! ، زود باش! (اصطلاح مکزیکی)","مکالمه روزمره","","954fc3da-f909-43c1-9bad-6f2b9394f499"
"5014","Ándale...","باشه دیگه... ، بدو...","مکالمه روزمره","","97a63a10-6ae2-4351-a006-f8d11fd48135"
"5015","¡Órale!","ایول! ، عجبا! (اصطلاح مکزیکی)","مکالمه روزمره","","bc4bb7d7-9d08-483e-a65b-8f195f925a4f"
"5016","Órale...","باشه ، برو بریم...","مکالمه روزمره","","20146b34-4842-40e3-a942-fb642f4ecce8"
"5017","¡Brindis!","به سلامتی!","مکالمه روزمره","","1d4d012a-66c2-4bd3-bf2f-17cd7946d3db"
"5018","¡Jesús!","عافیت باشد! (هنگام عطسه) ، ای خدا!","مکالمه روزمره","","85a288f8-f953-42e4-91b9-40c81742fa4d"
"5019","Vale.","باشه ، قبوله.","مکالمه روزمره","","357e776d-97c0-4afa-9c0c-ac3ad138f96a"
"5020","Vale...","باشه...","مکالمه روزمره","","8eb5b179-1162-4a73-ad44-5ae03aa1503d"
"5021","Claro","البته ، روشن","مکالمه روزمره","","0712ef1c-931e-4e77-9ffc-0da15a92410f"
"5022","claro/a","روشن ، شفاف (مذکر ، مؤنث)","مکالمه روزمره","","d015f799-12a5-4bfc-9c6c-02e5f6c942c5"
"5023","claros","روشن (جمع)","مکالمه روزمره","","c3675130-1727-4214-988f-d5c0eb7db7c3"
"5024","Claro, dime.","البته، بگو.","مکالمه روزمره","","f8911f37-c209-4732-8a58-6b299df6f49a"
"5025","Claro, siéntate.","البته، بفرما بنشین.","مکالمه روزمره","","bc44ca77-c92a-461d-af30-7181ecb99601"
"5026","Claro que sí.","البته که بله.","مکالمه روزمره","","cce9c0a2-a154-4877-9cb8-74627848180b"
"5027","Claro que no.","معلومه که نه ، البته که نه.","مکالمه روزمره","","bb548417-38f4-4a05-aba1-e93f227e9970"
"5028","¿Cómo estás?","چطوری؟","مکالمه روزمره","","e25b282c-8ad4-424f-8e5a-29ccef2bd152"
"5029","¿Cómo está usted?","حالتان چطور است؟ (محترمانه)","مکالمه روزمره","","9a6fd20f-36af-4d94-bea6-af50f59b55c3"
"5030","¿Cómo te va?","اوضاع چطور پیش می‌رود؟","مکالمه روزمره","","a26e0d47-9588-4c52-b192-52cbd3c62836"
"5031","¿Cómo va todo?","همه‌چیز چطور است؟","مکالمه روزمره","","c21eb714-fa50-482b-a4dc-b5c0e0163a13"
"5032","¿Cómo andas?","چطور مطوری؟ ، اوضاع چطوره؟","مکالمه روزمره","","db7bdb21-d53a-4a99-b113-6b5ea0731141"
"5033","¿Cómo te ha ido?","اوضاع چطور بوده است؟","مکالمه روزمره","","1f036cbd-89bc-45ad-a4be-a167a78e39bd"
"5034","¿Qué tal?","چه خبر؟ ، چطوری؟","مکالمه روزمره","","dbd59e08-0e6c-475a-89e9-17c3c8b0eb0a"
"5035","¿Qué tal todo?","همه چیز چطور است؟","مکالمه روزمره","","d30d7497-4d42-49f2-a747-9a314512cd3b"
"5036","¿Qué tal el día?","روزت چطور بود؟","مکالمه روزمره","","da80b009-ad2e-47d4-89a0-c76050146d92"
"5037","¿qué tal tu día?","روزت چطور سپری شد؟","مکالمه روزمره","","66fdb6db-7926-4a39-879e-f9297c946f39"
"5038","¿Qué hay?","چه خبر؟","مکالمه روزمره","","cb69fd66-6f6e-4629-8f9d-eca8ad1e07f4"
"5039","¿Qué onda?","چه خبرها؟ ، فاز چیه؟ (عامیانه)","مکالمه روزمره","","83676f35-64c3-44a2-bd41-31445e4e3962"
"5040","¿En qué andas?","مشغول چه کاری هستی؟","مکالمه روزمره","","81b6b811-8d89-4452-9790-bf7a325dbec7"
"5041","Bien, gracias","خوبم، ممنون","مکالمه روزمره","","8256475a-f4e4-45f8-b36f-5809dbbfe420"
"5042","Estoy bien, gracias.","من خوب هستم، ممنون.","مکالمه روزمره","","09a0cd70-a0a9-4915-8eed-f395ce29586d"
"5043","Todo bien, ¿y tú?","همه چیز خوب است، تو چطوری؟","مکالمه روزمره","","1391823b-f9b5-4e21-9854-2d7de78fc2c6"
"5044","Todo tranquilo.","همه‌چیز آرومه ، خبری نیست.","مکالمه روزمره","","ff54298e-8b12-4c2b-a657-3469ae2d5eff"
"5045","Aquí andamos.","همین دور و برها می‌پلکیم ، می‌گذرونیم.","مکالمه روزمره","","994a5364-2606-40fc-be71-bf9c97987c5d"
"5046","Ahí vamos.","می‌گذرانیم ، کج‌دار و مریز پیش می‌رویم.","مکالمه روزمره","","f56de7b5-14cc-474d-9b80-a437eba75fad"
"5047","Vamos tirando.","دست‌وپایی می‌زنیم ، می‌گذرانیم.","مکالمه روزمره","","9009e0d7-f967-4107-8e9b-4570747f76b7"
"5048","Nada nuevo.","خبر تازه‌ای نیست.","مکالمه روزمره","","79cc9ee5-c327-4a40-9309-86f1bd9d158d"
"5049","Lo mismo de siempre.","همان همیشگی.","مکالمه روزمره","","b6af8dd9-cb9e-4cde-8d9a-d0ffdc793bf8"
"5050","¿Dígame?","بفرمایید؟ (پاسخ به تلفن محترمانه)","مکالمه روزمره","","b535ce39-1133-4ea3-a9a7-ba7161de3d7f"
"5051","¿diga?","بفرمایید؟ (پاسخ تلفن)","مکالمه روزمره","","a2d0ac37-240c-4695-9e52-ca3fa23bd5d1"
"5052","Habla...","صحبت کن... ، فلانی صحبت می‌کند...","مکالمه روزمره","","f3e5af06-bb89-4bf4-9ac2-118d42d684d0"
"5053","¿Estás ahí?","آنجا هستی؟","مکالمه روزمره","","b6de276f-6f53-4095-9717-8663be51aef3"
"5054","¿Me escuchas?","صدای مرا می‌شنوی؟","مکالمه روزمره","","20c7b26d-6e62-4c14-8d93-a44054254fa9"
"5055","No te oigo","صدایت را نمی‌شنوم","مکالمه روزمره","","deb2af54-c063-4a4f-a82e-50d68ceda52c"
"5056","Te oigo mal.","صدایت را بد می‌شنوم ، صدات خوب نمیاد.","مکالمه روزمره","","66bdb819-43b9-4ea5-83b5-2a39566d09cb"
"5057","Se corta.","صدا قطع و وصل می‌شود.","مکالمه روزمره","","127b6946-cd30-4581-aef5-d599c2f59ad7"
"5058","Se ha cortado.","تماس قطع شد.","مکالمه روزمره","","3f737d80-7d5e-4efb-a231-b46688a46ec1"
"5059","No cuelgues.","قطع نکن.","مکالمه روزمره","","732336c5-5514-42fb-ad7b-eaa59c5232ea"
"5060","¡coge el teléfono!","تلفن را جواب بده!","مکالمه روزمره","","ee6a75ad-f882-484c-9df9-390fc1d90485"
"5061","¡cuelga tú!","اول تو قطع کن!","مکالمه روزمره","","5f56b22b-3ebc-4e26-a100-4b418558fe35"
"5062","Me han colgado.","تلفن را روی من قطع کردند.","مکالمه روزمره","","8d817b63-7d07-4229-96c1-d97284f34421"
"5063","Te llamo.","به تو زنگ می‌زنم.","مکالمه روزمره","","0549c757-e229-4833-9287-8b8418c2aa65"
"5064","Te llamo luego.","بعداً به تو زنگ می‌زنم.","مکالمه روزمره","","de18a7f8-ebde-4970-85c6-d9bd6d558f3d"
"5065","En un rato te llamo.","تا چند لحظه دیگر بهت زنگ می‌زنم.","مکالمه روزمره","","f6777341-298c-41b2-8ab0-c6af689b650f"
"5066","Te devuelvo la llamada.","مجدداً با تو تماس می‌گیرم.","مکالمه روزمره","","934dde16-6f41-4602-b209-7b72502efc6f"
"5067","¿Me llama?","به من زنگ می‌زنید؟ ، صدایم می‌کنید؟","مکالمه روزمره","","9501a2dc-b234-4135-ae5b-7202982bc137"
"5068","¿Puede llamar por mí?","می‌توانید به جای من زنگ بزنید؟","مکالمه روزمره","","e6dd9e1c-f593-4d2e-895f-0f96eb0ae983"
"5069","¿Tiene un teléfono?","تلفن دارید؟","مکالمه روزمره","","463cf676-a9b4-4ccc-b1d0-b2eabb4c83f5"
"5070","¿Puedo usar su teléfono?","می‌توانم از تلفن شما استفاده کنم؟","مکالمه روزمره","","d360f053-8bc1-45cf-9819-d12f3611eb59"
"5071","¿Puedo usar tu teléfono?","می‌توانم از تلفنت استفاده کنم؟","مکالمه روزمره","","3498b9f0-10f2-4e1f-965a-61a48d1bb4f8"
"5072","el contestador","پیغام‌گیر صوتی","مکالمه روزمره","","45ecd37e-30ed-44f4-86b1-f233c65b35ea"
"5073","Te escribo.","برایت پیام می‌فرستم ، می‌نویسم.","مکالمه روزمره","","b562f85b-df16-4505-a32e-88c0e0940066"
"5074","Te escribo mañana.","فردا برایت پیام می‌فرستم.","مکالمه روزمره","","11f3832a-c38f-468c-bbb2-4d847a5387b5"
"5075","Te mando un mensaje.","برایت یک پیامک ، پیام می‌فرستم.","مکالمه روزمره","","a7b460bb-e43b-4d89-9522-d325ffe88746"
"5076","¿Has visto mi mensaje?","پیام مرا دیده‌ای؟","مکالمه روزمره","","4f0882e7-308d-43d4-bbd6-ce36bce0a715"
"5077","Me llegan tus mensajes.","پیام‌هایت به من می‌رسد.","مکالمه روزمره","","55386a0d-da1f-488f-bf4b-1e6782be3ece"
"5078","No me llegan tus mensajes.","پیام‌هایت به دست من نمی‌رسد.","مکالمه روزمره","","e55ca5ca-380c-4b71-ad78-cf63680369fc"
"5079","Te mando un correo.","برایت یک ایمیل می‌فرستم.","مکالمه روزمره","","7de40c1f-194f-4a0e-8d3b-bc033850d5a6"
"5080","Te escribo un whatsapp.","در واتساپ برایت پیام می‌گذارم.","مکالمه روزمره","","d150346f-5df3-4ef1-b618-ce408e2fbf28"
"5081","Te mando un whatsapp.","در واتساپ پیام می‌فرستم.","مکالمه روزمره","","0452af29-a13d-4966-996e-a212d3fcdd6c"
"5082","mándame un whatsapp","در واتساپ به من پیام بده","مکالمه روزمره","","d82e15b5-3294-4e61-b69f-b90327b8c181"
"5083","¿Me mandas la ubicación?","لوکیشن ، موقعیت مکانی‌ات را برایم می‌فرستی؟","مکالمه روزمره","","f0deaea8-e101-4bcf-8ebd-54c83e17873a"
"5084","¿Me pasas el contacto?","شماره ، مخاطب را برایم می‌فرستی؟","مکالمه روزمره","","b9c45ac8-a003-4a2d-8a0a-bde1693f29dd"
"5085","dejar en visto","سین زدن و جواب ندادن (روی سین گذاشتن)","مکالمه روزمره","","1f47ffc4-215b-440f-b072-8035861a3583"
"5086","¿Me aceptas la solicitud?","درخواست مرا قبول ، اکسپت می‌کنی؟","مکالمه روزمره","","a0a5e339-6b79-4fb4-a5e6-219364df3483"
"5087","¿Me añades al grupo?","مرا به گروه اضافه می‌کنی؟","مکالمه روزمره","","a1d0f1a3-f757-4f7e-949d-9068b6baf946"
"5088","agrégame al Facebook","مرا در فیس‌بوک اد کن","مکالمه روزمره","","20ebca63-b638-4237-9cc5-4b9d30eb337c"
"5089","Me has بلاکئado.","مرا بلاک کرده‌ای.","مکالمه روزمره","","081b2a13-7313-4bff-93e4-612b10826028"
"5090","¿Me has bloqueado?","مرا بلاک کرده‌ای؟","مکالمه روزمره","","6aec2f00-0c7d-48d3-a958-aa1ed239b4f0"
"5091","Te he bloqueado.","تو را بلاک کرده‌ام.","مکالمه روزمره","","bb338319-8fe3-4dde-a0ed-233a90316605"
"5092","No me has contestado.","پاسخم را نداده‌ای.","مکالمه روزمره","","941343c8-1cda-44cb-9b7e-94fe54e1f5e5"
"5093","Estoy sin batería.","شارژ باتری ندارم.","مکالمه روزمره","","b29ec9c3-a177-4ce7-85ea-6587f7ec7193"
"5094","Se me ha acabado la batería.","شارژ باتری‌ام تمام شده است.","مکالمه روزمره","","a4c6749d-b13b-40e0-90ad-422a5ad23393"
"5095","Se ha quedado sin batería.","شارژ باتری‌اش تمام شده است.","مکالمه روزمره","","06c52624-b5da-48cf-9eeb-fccc507959d5"
"5096","¿alguien me deja un cargador?","کسی می‌تواند یک شارژر به من قرض بدهد؟","مکالمه روزمره","","e82d1a86-4be2-44ea-ba3f-624d078efc1a"
"5097","un cargador","یک شارژر","مکالمه روزمره","","6e7a4931-fc3b-4438-bacb-7c6bbea09363"
"5098","el cargador","شارژر","مکالمه روزمره","","f8736e75-1653-4f1f-a3b1-97fcadc8f6af"
"5099","mi móvil ha muerto","گوشی‌ام خاموش شد ، مرد","مکالمه روزمره","","424370e0-5667-4e0c-9504-36570f5ed023"
"5100","no tengo cobertura","آنتن ندارم","مکالمه روزمره","","4977efb3-ef51-4631-b815-7a4a79fed70b"
"5101","¿Tienes cobertura?","آنتن داری؟","مکالمه روزمره","","310bb1b4-d3ab-4aea-b0bd-98e697fde903"
"5102","me quedé sin saldo en el teléfono","شارژ سیم‌کارت تلفنم تمام شد","مکالمه روزمره","","66401008-19b1-441d-abeb-38122e4ce064"
"5103","te dije que me quedé sin saldo en el teléfono","به تو گفتم که شارژ پولی تلفنم تمام شد","مکالمه روزمره","","8f94ac3b-d50c-4cbf-8cae-1dc558d516b0"
"5104","Navego por internet.","در اینترنت وب‌گردی می‌کنم.","مکالمه روزمره","","3786970a-aa02-47d4-90b7-cfd77b039912"
"5105","la conexión a internet","اتصال به اینترنت","مکالمه روزمره","","0d1831a2-6d67-464c-9fad-e9417775092c"
"5106","no carga la página","صفحه لود ، بارگذاری نمی‌شود","مکالمه روزمره","","0048e618-a650-42ae-8a29-be6e32ba6ca6"
"5107","¿Cuál es la contraseña del wifi?","رمز وای‌فای چیست؟","مکالمه روزمره","","f2cb5c8a-a326-4bb8-82de-9a7d3d6c82d2"
"5108","¿Cuál es la contraseña?","رمز عبور چیست؟","مکالمه روزمره","","d95723b7-2a81-4357-8b47-b0f89bd6123f"
"5109","¿Hay wifi?","آیا وای‌فای هست؟","مکالمه روزمره","","0a59891a-865a-40ea-9fc0-4da81615f016"
"5110","No funciona el wifi.","وای‌فای کار نمی‌کند.","مکالمه روزمره","","3247f998-1871-491d-9586-75391baac542"
"5111","el wifi","وای‌فای","مکالمه روزمره","","a2ad9499-9520-4bbb-811e-6fe2e20dd6ee"
"5112","Dirección de página web","آدرس وب‌سایت","مکالمه روزمره","","b3f5d2c1-cd2f-4b64-9504-8ea9bdfd08fe"
"5113","Página web","صفحه وب","مکالمه روزمره","","0c7115ac-c47c-478a-b177-e7cf696c08d8"
"5114","Página principal","صفحه اصلی ، هوم‌پیج","مکالمه روزمره","","ea7cded3-ec1e-495f-a9c4-71b7cc1aba75"
"5115","Sitio web","وب‌سایت","مکالمه روزمره","","b4e7a797-7fb5-44f0-960d-e8e5d7603ceb"
"5116","Sitio web seguro","وب‌سایت امن","مکالمه روزمره","","ea83199f-ad0c-4b51-a384-ae408623a174"
"5117","Servidor seguro","سرور امن","مکالمه روزمره","","41802bcc-5df9-423b-ae3b-cbae022538c5"
"5118","el archivo adjunto","فایل پیوست شده ، اتچمنت","مکالمه روزمره","","9ef8da19-ea6d-497a-9cfa-d3f5e4995ccf"
"5119","el enlace","لینک ، پیوند","مکالمه روزمره","","49e487f1-a958-432c-a74b-8a31c49b8901"
"5120","¿puedes encender la cámara?","می‌توانی دوربین را روشن کنی؟","مکالمه روزمره","","72020640-bbc1-447d-be39-3a00aff51e1d"
"5121","¿puedes hacer Skype?","می‌توانی اسکایپ کنی؟","مکالمه روزمره","","d5873d0b-e51f-467a-ab35-4c89f2897f37"
"5122","Sí, anoche llegó a 39 grados. También me duele la garganta al tragar","بله، دیشب تبم به ۳۹ درجه رسید. همچنین موقع بلعیدن گلویم درد می‌کند","مکالمه روزمره","","31361a9f-a63c-431b-9563-05aa44ba48c7"
"5123","¿Le duele aquí?","اینجا درد می‌کند؟","مکالمه روزمره","","80196c71-391f-4f43-8b5e-aab2a82b50a0"
"5124","¿dónde te duele?","کجایت درد می‌کند؟","مکالمه روزمره","","756b160a-e544-4238-ba6f-d85b6cc939c7"
"5125","¿Te duele algo?","جایی از بدنت درد می‌کند؟","مکالمه روزمره","","2660a681-b16e-42e4-b223-efc11783f425"
"5126","Tengo el estómago revuelto por la cena pesada que comí anoche, no pude dormir bien","معده‌ام به خاطر شام سنگینی که دیشب خوردم به هم ریخته است، نتوانستم خوب بخوابم","مکالمه روزمره","","0ed6bb98-b1e2-428e-a136-ec02b9d7ecaa"
"5127","Creo que me he roto algo.","فکر کنم جایی از بدنم شکسته است.","مکالمه روزمره","","0a366d16-3e67-403e-9e9f-119d90b5a19a"
"5128","El calambre en la pantorrilla me despertó a mitad de la noche y tuve que levantarme para estirarla","گرفتگی عضلانی در ساق پا نصف شب مرا بیدار کرد و مجبور شدم برای کشش آن از خواب بیدار شوم","مکالمه روزمره","","eb490731-9655-4996-b107-6915eff72365"
"5129","Giré el cuello hacia la izquierda y escuché un crujido porque llevaba muchas horas frente al ordenador","گردنم را به سمت چپ چرخاندم و صدای تق‌تقی شنیدم چون ساعت‌های زیادی جلوی کامپیوتر بودم","مکالمه روزمره","","281ec51f-d54f-424f-80ba-67aa7d857ee2"
"5130","Me siento mal desde hace dos días","دو روز است که حالم بد است","مکالمه روزمره","","fd3090ce-2452-4382-8909-8c67ac0d5652"
"5131","No me encuentro nada bien","اصلاً حالم خوب نیست","مکالمه روزمره","","9d186b22-22b6-4b98-b110-d54086048d9e"
"5132","No me siento bien desde anoche","از دیشب حالم خوب نیست","مکالمه روزمره","","929557ea-00e7-4d9a-a07b-2fae255fd567"
"5133","¡Me siento mal!","حالم بد است!","مکالمه روزمره","","f1a8fa1b-80d4-4f30-95d3-1751c3ff3c12"
"5134","Buenos días, tengo una cita con el doctor","صبح بخیر، با پزشک وقت ملاقات دارم","مکالمه روزمره","","1559b83a-db72-472a-94ce-7504549550d8"
"5135","Buenos días. Tengo cita con el doctor García a las 10","صبح بخیر. ساعت ۱۰ با دکتر گارسیا وقت ملاقات دارم","مکالمه روزمره","","7074dcf8-6608-48a6-abad-f51a03ecb9ad"
"5136","Hola, me gustaría pedir una cita, por favor","سلام، می‌خواهم یک وقت ملاقات ، ویزیت بگیرم لطفاً","مکالمه روزمره","","c459c1e4-e38a-449f-b353-0507f588e505"
"5137","Sí, tengo una cita para las 10 de la mañana","بله، برای ساعت ۱۰ صبح وقت دارم","مکالمه روزمره","","dc8ce048-0bf6-418b-82b4-d47bd5fbc099"
"5138","No, he venido sin cita","خیر، بدون وقت قبلی آمده‌ام","مکالمه روزمره","","4309eeec-34fb-48d1-8fc3-2c390b9ef6c5"
"5139","¿Tiene hora disponible para hoy?","آیا برای امروز زمان خالی ، وقت آزاد دارید؟","مکالمه روزمره","","eb63e837-efd1-479b-81d9-16a715a222dc"
"5140","Siéntese en la sala de espera, por favor","لطفاً در اتاق انتظار بنشینید","مکالمه روزمره","","5fe3d5f2-8bf8-42fc-aabe-aa3e7b2ec6a5"
"5141","Muy bien. Siéntese en la sala de espera, por favor. En unos minutos le llaman","بسیار خب. لطفاً در اتاق انتظار بنشینید. تا چند دقیقه دیگر صدایتان می‌زنند","مکالمه روزمره","","99d0e4ce-5314-498e-9ac6-830befc69422"
"5142","Crucé las piernas mientras me sentaba en la sala de espera y esperé mi turno","در حالی که در اتاق انتظار نشسته بودم پاهایم را روی هم انداختم و منتظر نوبتم شدم","مکالمه روزمره","","042792b3-e344-4abb-a2fa-e09e64ea7375"
"5143","Buenos días. ¿Qué le pasa?","صبح بخیر. چه مشکلی دارید؟ ، چه شده است؟","مکالمه روزمره","","fc48ac9c-5692-4de2-8be5-19bc18a6b266"
"5144","¿Qué le pasa?","چه مشکلی دارید؟ ، چه اتفاقی افتاده است؟","مکالمه روزمره","","c7e84868-9dd0-4375-b64f-5e45c4b30030"
"5145","¿Qué le trae por aquí hoy?","امروز چه چیزی شما را به اینجا کشانده است؟ ، مشکلي پیش آمده؟","مکالمه روزمره","","8caa2cda-ccd2-44bc-a4a0-570927af6366"
"5146","el dentista le está mirando el diente ahora mismo","دندانپزشک هم‌اکنون دارد دندان او را معاینه می‌کند","مکالمه روزمره","","2d801300-5837-41b1-beea-d9013aad22cf"
"5147","¿Cuándo tendré los resultados?","چه زمانی نتایج را خواهم داشت ، تحویل خواهم گرفت؟","مکالمه روزمره","","fd8cfb4e-8037-4319-9ee4-fa5ceada98bd"
"5148","parece que el tratamiento no hace efecto, ¿verdad?","به نظر می‌رسد درمان تأثیری ندارد، این‌طور نیست؟","مکالمه روزمره","","2f9c9ee2-3d70-4537-b19c-96d02754e3be"
"5149","Tome esto cada 8 horas durante una semana. Y beba mucha agua","این را هر ۸ ساعت یک بار به مدت یک هفته مصرف کنید. و آب فراوان بنوشید","مکالمه روزمره","","ae623a1d-db03-4122-a20b-f46045d9ee5d"
"5150","Tiene que tomar esto durante una semana","باید این را به مدت یک هفته مصرف کنید","مکالمه روزمره","","4ec28a4f-b62a-4121-8992-03de27edc1c5"
"5151","¿Cada cuántas horas lo tomo?","هر چند ساعت یک بار آن را بخورم ، مصرف کنم؟","مکالمه روزمره","","a5408a51-45e0-4f84-96cd-f62fe3c90536"
"5152","¿Cada cuántas horas?","هر چند ساعت یک بار؟","مکالمه روزمره","","6c4ad594-35e5-44ad-98e0-807796829bef"
"5153","¿Cuántas veces al día debo tomarlo?","چند بار در روز باید آن را مصرف کنم؟","مکالمه روزمره","","662246d2-6647-45b8-bff0-d7c81b6f2de3"
"5154","¿Cuánto tiempo debo tomar la medicina?","چه مدت باید داروها را مصرف کنم؟","مکالمه روزمره","","0be6cb17-445c-4853-9ba8-52880d7420f9"
"5155","¿Cuándo y cómo la tomo?","چه زمانی و چگونه آن را مصرف کنم؟","مکالمه روزمره","","bee64c65-e4f0-40d1-af49-774d92aa52e5"
"5156","¿Qué puede pasar si se me olvida tomar mi medicina?","اگر فراموش کنم دارویم را بخورم چه اتفاقی ممکن است بیفتد؟","مکالمه روزمره","","b14c9e83-34c0-45fe-821f-bc67771a13a1"
"5157","Beba mucha agua y descanse","آب زیادی بنوشید و استراحت کنید","مکالمه روزمره","","2cc7230c-8f4b-4fb8-af63-95109442dcd0"
"5158","el paciente tiene que descansar por lo menos una semana","بیمار باید حداقل یک هفته استراحت کند","مکالمه روزمره","","5add4723-2aa5-4faf-98d3-470fa47fcd55"
"5159","¿Tiene algún efecto secundario?","آیا عوارض جانبی دارد؟","مکالمه روزمره","","22f5d293-3d6a-4d3f-b06f-e1a63f2d21d0"
"5160","¿Cuál es el nombre de la medicina?","نام دارو چیست؟","مکالمه روزمره","","266edf4e-5124-492f-98bd-0e1cd43175cf"
"5161","¿Cuándo me sentiré mejor?","چه زمانی حالم بهتر خواهد شد؟","مکالمه روزمره","","0eb83180-6fab-46cb-b4b6-fb2de4a3dc6f"
"5162","¿Cuándo tengo que volver a verle?","چه زمانی باید دوباره شما را ببینم؟","مکالمه روزمره","","ab1c86e8-574b-421a-9d52-b15f5f9a8d4c"
"5163","¿Tengo que volver?","آیا باید دوباره برگردم ، مراجعه کنم؟","مکالمه روزمره","","b73a4da8-be11-4b54-a942-e7736225ca02"
"5164","Necesito una consulta cuanto antes","هرچه زودتر به یک نوبت ویزیت ، مشاوره نیاز دارم","مکالمه روزمره","","c7e0773c-3db8-4b82-9931-f9e8a9b46bb8"
"5165","Dono sangre cada tres meses porque sé que puedo salvar vidas con mi tipo de sangre universal","هر سه ماه یک‌بار خون اهدا می‌کنم چون می‌دانم با گروه خونی عمومی‌ام می‌توانم جان انسان‌ها را نجات دهم","مکالمه روزمره","","a84f4b29-85d1-40a6-982b-fd1871ebd488"
"5166","Apoyó el mentón sobre la mesa y se quedó dormido mientras estudiaba toda la noche","چانه‌اش را روی میز گذاشت و در حالی که تمام شب درس می‌خواند خوابش برد","مکالمه روزمره","","2a1c81d8-0d4e-45a9-9cd9-bf75792ab03c"
"5167","está comprado","خریداری شده است ، داور یا بازی خریداری شده است (تبانی شده)","مکالمه روزمره","","b80c57c1-dc20-43c0-ba08-685ade359cef"
"5168","creo que mi equipo puede ganar mañana","فکر می‌کنم تیم من فردا می‌تواند برنده شود","مکالمه روزمره","","15a301ef-a7ca-4e3f-a976-d15e7722cee6"
"5169","no conseguimos ningún punto en la primera mitad","در نیمه اول هیچ امتیازی به دست نیاوردیم","مکالمه روزمره","","f0d818ce-4fca-43f3-bb5a-9e1990c9055d"
"5170","en la primera mitad","در نیمه اول","مکالمه روزمره","","c4a09cf0-88e2-4c9f-8fc0-a6cfe08df346"
"5171","patada a palos","شوت به سمت دروازه ، تیرک (در راگبی یا فوتبال)","مکالمه روزمره","","7c71b0db-5533-4c21-9b1f-661887a8cc7c"
"5172","hacer volteretas","پشتک زدن ، معلق زدن","مکالمه روزمره","","c2c86b4c-57c1-48a5-9062-3e5f564e2586"
"5173","el ciclista","دوچرخه‌سوار (مذکر)","مکالمه روزمره","","f19996c7-d503-48fc-97c6-30b6ed8a56e7"
"5174","patines en línea","اسکیت این‌لاین (اسکیت خطی)","مکالمه روزمره","","690b7114-b61f-4631-88c1-b201022d5148"
"5175","reef break","موج صخره‌ای ، مرجانی (در موج‌سواری)","مکالمه روزمره","","79eee71d-9b1a-4905-a36b-99e797801704"
"5176","tanque de oxígeno","کپسول اکسیژن","مکالمه روزمره","","d179172d-a7b9-4b6f-bac0-c36da9caea6f"
"5177","traje de neopreno","لباس غواصی ، موج‌سواری (لباس نئوپرن)","مکالمه روزمره","","ec4c2e7b-bb3e-4eab-b48f-5b04a46f9b50"
"5178","Remamos en el lago mientras el sol se reflejaba en el agua como un espejo","در دریاچه پارو زدیم در حالی که خورشید مانند آینه روی آب می‌درخشید","مکالمه روزمره","","7efd5a7a-6fea-4245-94c8-813328204148"
"5179","gobernar el timón","هدایت کردن سکان","مکالمه روزمره","","1ace88e7-8727-455d-977a-3c9840fa9986"
"5180","nos lo pasamos muy bien haciendo paracaidismo","چتربازی خیلی به ما خوش گذشت","مکالمه روزمره","","6defa9f1-3d58-4ab1-9e74-cea4775f1425"
"5181","postura del perro boca abajo","حرکت سگ سر به پایین (در یوگا)","مکالمه روزمره","","8ee34aab-3f9e-43a0-91af-0435c0773630"
"5182","no había ninguna película buena que ver","هیچ فیلم خوبی برای دیدن وجود نداشت","مکالمه روزمره","","f08e0ef5-d0d8-4ff0-9c6f-d08e4553d1c5"
"5183","¿vais a ver una película esta noche?","آیا امشب می‌خواهید فیلم ببینید؟","مکالمه روزمره","","270f5025-5476-43ba-9bd7-bdb456924645"
"5184","Leo una novela histórica todas las noches antes de dormir","هر شب قبل از خواب یک رمان تاریخی می‌خوانم","مکالمه روزمره","","576b25ac-69ef-4e33-86dc-423a38d2ae13"
"5185","me gustan los dramas, pero prefiero las comedias","فیلم‌های درام را دوست دارم اما کمدی را ترجیح می‌دهم","مکالمه روزمره","","2e4e46fc-169c-4215-911a-51dd7cb3d58d"
"5186","¿conoces a este grupo?","آیا این گروه (موسیقی) را می‌شناسی؟","مکالمه روزمره","","fece230f-437f-4b28-9999-5cff382c60ff"
"5187","el cantante","خواننده (مذکر)","مکالمه روزمره","","e76592c1-13ee-40a7-98f1-5582da9016dd"
"5188","la cantante","خواننده (مؤنث)","مکالمه روزمره","","f58de497-ad89-4391-9949-f4eff69d84b1"
"5189","el club de fans","کلوپ طرفداران","مکالمه روزمره","","13cc2cf9-5fdf-4f19-9da1-c1eaf3f49ece"
"5190","quiero ser miembro del club de fans","می‌خواهم عضو کلوپ طرفداران شوم","مکالمه روزمره","","c2990d8f-9cfe-4be2-a03d-3e551ae79783"
"5191","Competimos en línea durante tres horas sin perder una sola partida","به مدت سه ساعت آنلاین رقابت کردیم بدون اینکه حتی یک بازی را ببازیم","مکالمه روزمره","","11d3e86a-7b70-47b7-8fb0-d61e334b910b"
"5192","competir en línea","رقابت آنلاین کردن","مکالمه روزمره","","497b7e49-f576-4452-8b0c-95113a3de58e"
"5193","guardar la partida","ذخیره کردن بازی (ذخیره مرحله)","مکالمه روزمره","","344f0447-e3ac-4017-9cd5-f353387065b1"
"5194","me gusta hacer punto","بافتنی بافتن را دوست دارم","مکالمه روزمره","","cdc9e3de-b4a4-4e3c-b971-67c521ad6c36"
"5195","no entiendo de arte","چیزی از هنر سر در نمی‌آورم","مکالمه روزمره","","d54aa51b-9dc1-46ad-a34a-ace66c5a0deb"
"5196","es un artista muy provocador","او هنرمندی بسیار تحریک‌کننده ، جنجالی است","مکالمه روزمره","","41139884-252a-411c-9049-0cea10101543"
"5197","esta noche igual van al teatro","شاید امشب به تئاتر بروند","مکالمه روزمره","","182d9d91-eca8-42ab-83f2-fa36282a9d6f"
"5198","me la he visto de una sentada","آن را یک‌ضرب ، یک‌نفس دیدم","مکالمه روزمره","","df1059ab-4cd4-488e-9241-5f898867d26e"
"5199","¿Dónde facturo?","کجا بارم را تحویل دهم ، کارت پرواز بگیرم؟","مکالمه روزمره","","757e4ea7-22e2-4034-b057-7c6bd1154fb0"
"5200","¿Puedo facturar antes?","آیا می‌توانم زودتر بار تحویل دهم ، چک‌این کنم؟","مکالمه روزمره","","fe60c6d6-ebd4-4d74-902b-9d88a1840b9d"
"5201","¿A qué hora embarcamos?","چه ساعتی سوار هواپیما ، کشتی می‌شویم؟","مکالمه روزمره","","cc39b9be-3567-4595-bc2f-4043679d49c5"
"5202","¿Tengo que sacar el portátil?","آیا باید لپ‌تاپ را بیرون بیاورم؟","مکالمه روزمره","","541fdc29-6e85-4747-bebe-642c0a2ac563"
"5203","¿Puedo llevar líquidos?","آیا می‌توانم مایعات همراه داشته باشم؟","مکالمه روزمره","","5365e51d-007a-490c-8e02-06d00dbe79bd"
"5204","¿Cuánto peso permite?","چقدر وزن مجاز است؟","مکالمه روزمره","","de3c0b58-f74d-46df-adb9-caaef453f6b3"
"5205","¿Cuánto se retrasa?","چقدر تأخیر دارد؟","مکالمه روزمره","","dfb22908-87fa-4c23-a286-f15d95e4b67f"
"5206","tenemos que volar a Japón esta noche","امشب باید به ژاپن پرواز کنیم","مکالمه روزمره","","49880a13-e192-46f9-ad86-766bbb97e3fb"
"5207","No, no tengo nada que declarar","خیر، هیچ کالایی برای اظهار در گمرک ندارم","مکالمه روزمره","","32f627f7-a699-4cdf-9d71-f5e0a502418e"
"5208","Sí, tengo algo que declarar","بله، کالایی برای اظهار در گمرک دارم","مکالمه روزمره","","42139944-1b68-4ec4-aa1a-57dd50531bce"
"5209","¿qué línea tengo que coger?","کدام خط را باید سوار شوم؟","مکالمه روزمره","","845fb8ad-a115-4f8f-8dc3-61dbd0dad49e"
"5210","qué línea","کدام خط","مکالمه روزمره","","9e221adc-2196-4346-92f7-230cdf97f465"
"5211","¿cuántas paradas quedan?","چند ایستگاه دیگر مانده است؟","مکالمه روزمره","","8ee2dd11-35a8-466b-ae80-ba204a20e785"
"5212","el trasbordo","تعویض خط ، خط به‌خط شدن","مکالمه روزمره","","4aa575f1-216b-4f91-ab06-02dcf42e7a83"
"5213","dormimos en el tren porque no teníamos dinero para un hotel","در قطار خوابیدیم چون پولی برای هتل نداشتیم","مکالمه روزمره","","a245f9f3-def2-4e59-8332-e7c00d588fbd"
"5214","el acompañante","همراه (مذکر)","مکالمه روزمره","","bb716ad2-973e-45cd-ac20-fbaad1fd654f"
"5215","la zona residencial","منطقه مسکونی","مکالمه روزمره","","387dcea9-56b6-4b26-ac4a-5ef72c486eb7"
"5216","la línea de detención","خط ایست ، توقف (رانندگی)","مکالمه روزمره","","c8dd4da7-e4ca-4bd0-9dd5-1b82beb5bc02"
"5217","sistema de retención","سیستم ایمنی نگهدارنده (مانند کمربند یا صندلی کودک) ، سیستم نگه‌دارنده","مکالمه روزمره","","1423cbde-858d-45a7-9730-80da08dd8eb4"
"5218","No arranca.","استارت نمی‌خورد ، روشن نمی‌شود.","مکالمه روزمره","","24571139-2be9-44ff-9090-a72e5f6bb16b"
"5219","No moveré el coche.","ماشین را تکان نخواهم داد.","مکالمه روزمره","","27f32ce3-1ca8-4982-9038-c11bb74c6499"
"5220","No tengo rueda de repuesto.","لاستیک زاپاس ندارم.","مکالمه روزمره","","9ffafbbf-2d8e-4f9d-b703-9deb5deba9f1"
"5221","el deslumbramiento","خيرگی چشم (با نور شدید)","مکالمه روزمره","","a97b4cb0-bbbf-46bc-8d8f-d9f22ffdc3f9"
"5222","¿Hay aparcamiento cerca?","آیا پارکینگی در این نزدیکی هست؟","مکالمه روزمره","","b0c237c0-990a-4842-ba44-7e24ae619fa3"
"5223","¿Puedes remolcarme?","می‌توانی ماشینم را بکسل کنی؟","مکالمه روزمره","","7598025c-2bd0-4ea2-8ad9-01a9ba0703f8"
"5224","¿Me puede llevar a esta dirección?","می‌توانید مرا به این آدرس ببرید؟","مکالمه روزمره","","b3c9d579-b45c-460f-89d9-a591977dd6a6"
"5225","Pare aquí, por favor.","لطفاً همین‌جا نگه دارید.","مکالمه روزمره","","37bba62d-f2d1-4375-97aa-b6fb0a8c84d6"
"5226","Quédese con el cambio.","باقی پول پیش خودتان باشد (انعام).","مکالمه روزمره","","57466700-4e76-4c6f-8fa7-cf72ead6c6bb"
"5227","Te recojo en...","در... می‌آیم دنبالت.","مکالمه روزمره","","39cfdf5c-c464-4962-ba27-dcaa525c29ca"
"5228","¿Te llevo?","برسانمت؟","مکالمه روزمره","","ba6849bc-67d7-4cd5-8a78-97b5bdff882a"
"5229","¿Me llevas?","مرا می‌رسانی؟","مکالمه روزمره","","0ae27821-89e7-4431-9db3-f2a3166e11ad"
"5230","¿Puedes llevarme?","می‌توانی مرا برسانی؟","مکالمه روزمره","","01ce7173-dbf0-4544-ba57-6154d925fb38"
"5231","Voy andando.","پیاده می‌روم.","مکالمه روزمره","","d535f22d-e43e-48f7-85fc-c748385f3ccb"
"5232","¿Dónde está ...?","... کجاست؟","مکالمه روزمره","","54f03ebb-ba7a-4259-8993-0f516300876d"
"5233","¿Dónde está la Plaza Mayor?","میدان اصلی (پلازا مایور) کجاست؟","مکالمه روزمره","","7761c6ca-82f8-4753-950b-2e6b6642719c"
"5234","estoy buscando la Plaza Mayor","دنبال میدان اصلی می‌گردم","مکالمه روزمره","","b7462289-4cd2-4ac8-bdb7-b2374a835458"
"5235","Está al lado de...","کنارِ... است.","مکالمه روزمره","","f82befaf-865f-455e-8ae3-f076acd45bab"
"5236","Está delante de...","جلو ، روبروی... است.","مکالمه روزمره","","4738447d-c189-4893-9398-9de7296b03f4"
"5237","Está detrás de...","پشتِ... است.","مکالمه روزمره","","2c44b010-b330-4ff4-bac3-5ec39c8913b5"
"5238","Está enfrente de...","روبروی... است.","مکالمه روزمره","","4c0d6997-470d-4a14-b5a3-87781c8a9f0a"
"5239","Está entre... y...","بین... و... است.","مکالمه روزمره","","73c3de9f-2acc-42e2-af91-5ea795429264"
"5240","Está en la esquina.","سر نبش ، کنج است.","مکالمه روزمره","","552d278a-2d38-4b9f-a92d-7142d569a2b9"
"5241","Gira a la derecha.","به راست بپیچ.","مکالمه روزمره","","4b77d6ba-fd09-4c27-8074-1133bda7ecb3"
"5242","Gira a la izquierda.","به چپ بپیچ.","مکالمه روزمره","","a0ca8532-617b-49df-865c-2eccea02864c"
"5243","(a) la derecha","سمت راست","مکالمه روزمره","","b99e2490-5bac-4532-bef7-8f105e9f45a8"
"5244","a la derecha","به سمت راست","مکالمه روزمره","","875668fb-3339-4a33-9f50-2319d2858096"
"5245","(a) la izquierda","سمت چپ","مکالمه روزمره","","c832d088-4f3d-4400-a619-31b0c153aaba"
"5246","Sigue recto.","مستقیم برو.","مکالمه روزمره","","eb648148-cee0-41d2-88cd-5fc181e5ebdb"
"5247","todo recto","کاملاً مستقیم","مکالمه روزمره","","571d0f58-37a9-4373-88da-5aa37d4ffbb9"
"5248","andar hacia","راه رفتن به سمتِ","مکالمه روزمره","","41b56982-5a2f-4ab1-a184-27f112101069"
"5249","cerca de aquí","این نزدیکی‌ها","مکالمه روزمره","","b24b509e-496e-4813-b11a-0c7fac42c9f7"
"5250","Está cerca?","نزدیک است؟","مکالمه روزمره","","cc47f2a3-9972-44cf-9b55-e139dae7c478"
"5251","el puente está muy cerca","پل خیلی نزدیک است","مکالمه روزمره","","763d8237-328f-4b5b-9165-599915392d1e"
"5252","el parque está allí","پارک آنجاست","مکالمه روزمره","","d6cc8c2d-3dc4-4632-820d-e91221a58490"
"5253","la biblioteca está cerca del bar","کتابخانه نزدیک کافه است","مکالمه روزمره","","db80841a-b9dd-4ffa-98ea-297605206a26"
"5254","lejos de","دور از","مکالمه روزمره","","33b1f541-d9cb-42fc-bbd7-521c8a91ba6a"
"5255","Está lejos?","دور است؟","مکالمه روزمره","","0a36e51d-16ee-4ecd-a5dc-f47e454cde94"
"5256","muy lejos","خیلی دور","مکالمه روزمره","","2116590c-082c-478d-bf35-96da7a10897e"
"5257","¿Cómo llego a...?","چگونه به... بروم ، برسم؟","مکالمه روزمره","","0b1ba72b-a4c4-4f49-ae61-440164c413a8"
"5258","¿Cómo llego?","چطور برسم؟","مکالمه روزمره","","b1ae0324-9379-4c23-b5a4-57e723bc1ce0"
"5259","¿podrías decirme cómo llegar?","می‌توانی بگوئی چطور برسم؟","مکالمه روزمره","","1bb706e0-bc12-414a-8acf-34534c9317d8"
"5260","¿Me indicas?","راه را نشانم می‌دهی؟","مکالمه روزمره","","2248fc6f-f065-43d3-a238-9abb903382f3"
"5261","¿Puedes indicarme?","می‌توانی راهنمایی‌ام کنی؟","مکالمه روزمره","","edc0d467-9372-4c61-8fdf-f35fb0b04640"
"5262","¿Me ayudas a llegar?","کمکم می‌کنی برسم؟","مکالمه روزمره","","31a9b668-c335-463c-ab19-d105b694c3ed"
"5263","¿por dónde anduviste?","از کجاها رفتی ، قدم زدی؟","مکالمه روزمره","","b49fcbc8-290c-45cc-9156-af6c62b42073"
"5264","¿dónde anduviste?","کجا بودی ، قدم می‌زدی؟","مکالمه روزمره","","626ca967-233d-4b08-89c6-caa586810198"
"5265","Estoy perdido.","گم شده‌ام (مذکر).","مکالمه روزمره","","3d9c5309-5b21-4120-9d26-0e785aafe00e"
"5266","No sé dónde estoy.","نمی‌دانم کجا هستم.","مکالمه روزمره","","8374b634-7843-49d3-8a67-b2e8fc4fc37f"
"5267","¿Dónde estás?","کجا هستی؟","مکالمه روزمره","","aa8c2ab5-5246-48d3-b7da-10da8bf24d46"
"5268","Estoy cerca de...","نزدیکِ... هستم.","مکالمه روزمره","","66134e1e-2acf-4943-b067-357868b3cde5"
"5269","Nos perdimos en el casco antiguo y tuvimos que preguntar el camino a un transeúnte","در بافت قدیمی شهر گم شدیم و مجبور شدیم از یک رهگذر آدرس بپرسیم","مکالمه روزمره","","c1d6d248-7b84-4ebe-a3db-bb584b49f3ff"
"5270","""espero que no nos perdamos""","امیدوارم گم نشویم","مکالمه روزمره","","71191cb5-2bbe-47f5-a290-9cf7e76a7189"
"5271","nos perdamos","گم شویم","مکالمه روزمره","","cb18d76c-121d-4007-bfe9-7a9c25ec8465"
"5272","no nos perdimos","گم نشدیم","مکالمه روزمره","","a404f658-ce18-4a48-9ae3-87dd585b653a"
"5273","solemos ir al extranjero en invierno","معمولاً زمستان‌ها به خارج از کشور می‌رویم","مکالمه روزمره","","f7114950-d482-4e2d-9135-051a8a409e44"
"5274","¿por qué fuiste a Europa?","چرا به اروپا رفتی؟","مکالمه روزمره","","836ab2fa-c920-4919-aabe-3c1abc71979d"
"5275","Caminamos por el sendero forestal entre pinos y robles hasta llegar a un claro iluminado","در مسیر جنگلی میان درختان کاج و بلوط قدم زدیم تا به یک فضای بازِ روشن رسیدیم","مکالمه روزمره","","a08d505b-66c6-4e76-b783-5dd8ead33c87"
"5276","marcar el camino","راه را مشخص کردن ، علامت‌گذاری مسیر","مکالمه روزمره","","c8943d84-18a7-4d74-ab18-4fbdd14437d8"
"5277","sentir el rocío","احساس کردن شبنم","مکالمه روزمره","","870ab0ee-8475-4750-8f14-7ffb739bb942"
"5278","dormir al raso","زیر سقف آسمان (در فضای باز) خوابیدن","مکالمه روزمره","","654459f4-84fb-4ce8-a8ca-5a6cbf833c40"
"5279","alquilar","اجاره کردن","مکالمه روزمره","","818a332e-0051-4304-9116-215edd1f1b9b"
"5280","¿Tiene habitaciones libres?","آیا اتاق خالی دارید؟","مکالمه روزمره","","019aa8b1-33ad-4fc0-9279-6251abe66552"
"5281","¿A qué hora es el check-in?","ساعت پذیرش ، تحویل اتاق چه زمانی است؟","مکالمه روزمره","","c4702e33-85f7-48c6-b368-c9a3dfb84281"
"5282","¿A qué hora es el check-out?","ساعت تخلیه اتاق چه زمانی است؟","مکالمه روزمره","","dc638760-29bc-4ece-aafd-3935a1567acd"
"5283","Quiero una cuna.","یک تخت نوزاد می‌خواهم.","مکالمه روزمره","","296813fb-d0fa-43f6-a12a-6bd5024a4f82"
"5284","¿Hay agua caliente?","آیا آب گرم هست؟","مکالمه روزمره","","bf131b5a-d01e-4e7c-93dc-11530a0f1ba6"
"5285","no hay agua caliente","آب گرم نیست","مکالمه روزمره","","cbcc842f-95f5-42ae-be68-84f7d6a86d99"
"5286","No funciona la televisión.","تلویزیون کار نمی‌کند.","مکالمه روزمره","","80db3b54-c2bc-48c1-a4b1-c32485dd4bb7"
"5287","No funciona el aire.","تهویه ، کولر کار نمی‌کند.","مکالمه روزمره","","96a94a1e-59a5-4a2d-a83e-65067f0368f1"
"5288","No funciona el aire acondicionado","سیستم تهویه مطبوع کار نمی‌کند","مکالمه روزمره","","844a7df2-7c49-4bb4-8825-555aebe609cf"
"5289","¿Dónde está el aire?","دستگاه تهویه ، کولر کجاست؟","مکالمه روزمره","","c522883c-c41b-435c-bb5d-3e821ba7181a"
"5290","¿Dónde está el agua?","آب کجاست؟","مکالمه روزمره","","cfc0bb05-0413-4520-9403-0fb4aede4fee"
"5291","No funciona la luz.","چراغ ، برق کار نمی‌کند.","مکالمه روزمره","","af644805-eeda-4bba-be31-eaf06340e177"
"5292","¿Me gustaría reservar una mesa para dos","می‌خواهم یک میز دو نفره رزرو کنم","مکالمه روزمره","","51184f27-2856-49be-b34a-47128055271a"
"5293","Una mesa para dos.","یک میز برای دو نفر.","مکالمه روزمره","","6643102d-507b-4174-9d02-3b639e6a64b9"
"5294","Necesitamos una mesa para cuatro","یک میز چهار نفره نیاز داریم","مکالمه روزمره","","500948d1-e24d-41ae-8a98-bec750c49c9a"
"5295","¿Cuál es la especialidad?","غذای مخصوص اینجا چیست؟","مکالمه روزمره","","7da9825a-5989-42dd-a9c6-8927b76a9d36"
"5296","Me gustaría probar un plato regional","دوست دارم یک غذای محلی را امتحان کنم","مکالمه روزمره","","e95a6af6-18b0-4267-bae0-ae92fe366623"
"5297","De primero...","برای پیش‌غذا ، پیش‌غذای اول...","مکالمه روزمره","","9a9ca25b-129f-4db3-9bbe-d50df259a1ce"
"5298","De segundo...","برای غذای اصلی ، غذای دوم...","مکالمه روزمره","","0efe2b60-869d-4169-b02c-86ab112a6eee"
"5299","pedimos cuatro entrantes","چهار پیش‌غذا سفارش دادیم","مکالمه روزمره","","5e44fd3a-045f-47c7-9909-855f6696b745"
"5300","¿con cebolla o sin cebolla?","با پیاز یا بدون پیاز؟","مکالمه روزمره","","d305a5be-cde3-439b-9128-d9e61207c06e"
"5301","anoche cenaron en el restaurante español","دیشب در رستوران اسپانیایی شام خوردند","مکالمه روزمره","","c299af8d-1b8a-4077-8144-fc2cb9733595"
"5302","volverás antes o después de la cena?","قبل از شام برمی‌گردی یا بعد از آن؟","مکالمه روزمره","","73a5acc5-52d8-4e9d-8dc2-f725ec293bee"
"5303","¿Vamos a tomar algo?","برویم چیزی بنوشیم ، بخوریم؟","مکالمه روزمره","","ed7705c9-827f-4f1d-9cf3-5c62d8d72c00"
"5304","¿quieres quedar a tomar algo?","می‌خواهی قرار بگذاریم بریم چیزی بنوشیم؟","مکالمه روزمره","","edbafd44-7523-44c6-8e85-db1cf5926485"
"5305","¿pedimos a domicilio?","غذای بیرو‌ن‌بر ، تحویل در محل سفارش بدهیم؟","مکالمه روزمره","","36f3ed4a-61b4-48cc-b6e1-e76867c3d5fb"
"5306","¿Me da la factura?","صورت‌حساب را به من می‌دهید؟","مکالمه روزمره","","439e40db-fd62-4f7f-af32-43b38e2c41dc"
"5307","¿Me das el tique?","رسید را به من می‌دهی؟","مکالمه روزمره","","a9b1f5fb-5d4c-4be6-8bdc-8cd8130fa9b4"
"5308","Esta vez invito yo.","این بار من مهمان می‌کنم.","مکالمه روزمره","","6ea5e7fe-ad5c-48bf-a9ac-d1796ef28768"
"5309","Invito yo.","من حساب می‌کنم ، مهمان من.","مکالمه روزمره","","d0ba1d41-3575-43e5-a55c-60a882124f6a"
"5310","Te invito.","مهمان من هستی ، من تو را دعوت می‌کنم.","مکالمه روزمره","","49aa734f-9622-45ec-ad14-83be6a270a43"
"5311","La última vez invitaste tú.","دفعه قبل تو حساب کردی ، مهمان کردی.","مکالمه روزمره","","2bbfb648-9590-4410-a1ea-ec824a98366f"
"5312","no puedo, estoy a dieta","نمی‌توانم، در رژیم غذایی هستم","مکالمه روزمره","","7cba37ed-dbbe-4518-ad18-7287d6d0818f"
"5313","Prefiero evitar algo tan grasoso.","ترجیح می‌دهم از غذای این‌قدر چرب پرهیز کنم.","مکالمه روزمره","","24e32786-8808-4e1e-be81-5e1d80f9d290"
"5314","deja de comer hamburguesas","همبرگر خوردن را بس کن","مکالمه روزمره","","4db4854d-5f83-4728-a5ff-c38624630c1b"
"5315","no hay nada en la nevera","هیچ چیز در یخچال نیست","مکالمه روزمره","","15ffc249-6f5c-4415-93c3-4b799d238122"
"5316","me gustaban demasiado los pasteles y el chocolate","شیرینی و شکلات را بیش از حد دوست داشتم","مکالمه روزمره","","d0ccade4-7b1c-45d0-9563-3464362eccb2"
"5317","anoche bebimos demasiada cerveza","دیشب بیش از حد آبجو نوشیدیم","مکالمه روزمره","","79333b81-ca73-4f2b-a31e-b20d82a32a64"
"5318","me cabe","اندازه‌ام می‌شود ، در من جا می‌شود","مکالمه روزمره","","948a07ba-fa44-48d5-96d0-6efd0e4ec991"
"5319","primero fríe la cebolla","اول پیاز را سرخ کن","مکالمه روزمره","","1433d250-f603-45a8-9eaa-dab1752c9872"
"5320","Comprar ropa","خرید لباس","مکالمه روزمره","","8641ad5f-233f-43a9-b15c-962e957c2568"
"5321","van de compras","به خرید می‌روند","مکالمه روزمره","","11c3ce92-2445-4a9f-b1be-05b6c292ea98"
"5322","compro ropa de segunda mano","لباس دست‌دوم می‌خرم","مکالمه روزمره","","32584dbe-fb6f-4833-9ddf-bc9a5bfe18e6"
"5323","¿Dónde está el probador?","اتاق پرو کجاست؟","مکالمه روزمره","","4dc5ef51-6ced-4405-a22a-8068ab65b95e"
"5324","¿Me puedo probar esto?","می‌توانم این را پرو کنم؟","مکالمه روزمره","","1dd861bf-84ea-45ee-94b4-79d49fe1b31f"
"5325","¿Puedo probármelo?","می‌توانم پرو‌اش کنم؟","مکالمه روزمره","","d00c2184-e9ef-4f5e-8fab-4a56bbd9cf2a"
"5326","¿me lo puedo probar?","می‌توانم آن را امتحان ، پرو کنم؟","مکالمه روزمره","","e0e2f270-c84e-41b4-b6fb-a542714c606c"
"5327","voy a probarme esto","می‌خواهم این را پرو کنم","مکالمه روزمره","","8c126f3a-505c-4f6a-925d-dd0b84835b48"
"5328","¿Tiene descuento?","آیا تخفیف دارد؟","مکالمه روزمره","","cc1025db-727a-4aa3-8dc5-dd88646a83aa"
"5329","¿Tienes algo más barato?","چیز ارزان‌تری داری؟","مکالمه روزمره","","49f1f521-939b-4ac8-8fb7-e1e684c7e9ad"
"5330","Es barato.","ارزان است.","مکالمه روزمره","","1fb4d123-09cb-4fbd-872b-fad2dbc9875b"
"5331","este es más barato","این یکی ارزان‌تر است","مکالمه روزمره","","45a04d4a-950a-4c41-b083-3138179e1210"
"5332","más barato","ارزان‌تر","مکالمه روزمره","","722f950c-1950-4a31-b080-f8da592cd497"
"5333","más cutre","بی‌کیفیت‌تر ، بی‌ارزش‌تر","مکالمه روزمره","","6e58880b-f621-4400-803e-cb3e89cb3749"
"5334","Es muy caro.","خیلی گران است.","مکالمه روزمره","","d6a29919-4596-4634-8236-03e17ab64995"
"5335","es un chollo","خیلی مفت و مفت‌خر است ، خریدی عالی است","مکالمه روزمره","","38228500-0ce9-499a-833d-d27ccd383185"
"5336","Es una ganga.","مفت است ، مفت‌خریدن است.","مکالمه روزمره","","36f44576-dc45-4507-b3a9-6fe0eb749954"
"5337","es una oferta muy buena","پیشنهاد ، تخفیف بسیار خوبی است","مکالمه روزمره","","34af5b0e-dc26-4e68-89e3-750277516419"
"5338","¿cuánto cuesta?","قیمتش چقدر است؟","مکالمه روزمره","","0f156140-cd7b-49df-b8a7-a8109fb94db1"
"5339","¿Me puede hacer un descuento?","می‌توانید به من تخفیف بدهید؟","مکالمه روزمره","","71185bcc-559c-4637-9866-5217e40e68a7"
"5340","¿Me das una bolsa?","یک کیسه به من می‌دهید؟","مکالمه روزمره","","6de11f35-eb9a-403e-82f0-c51e197beafd"
"5341","Me lo llevo.","این را می‌برم ، می‌خرم.","مکالمه روزمره","","6cd0ff23-74ba-4a05-b2d6-7b9ccc99bf88"
"5342","Me los llevo.","این‌ها را می‌برم ، می‌خرم.","مکالمه روزمره","","5fa78a76-1b39-40c8-b58a-50f726ce604b"
"5343","No me lo llevo.","این را نمی‌برم.","مکالمه روزمره","","fec9eb4d-646b-4f24-8aea-8d6e9817d3bd"
"5344","No me los llevo.","این‌ها را نمی‌برم.","مکالمه روزمره","","d63571ad-f226-4707-800a-9f0b0429a3ad"
"5345","¡me lo quedo!","برش می‌دارم! ، مال خودم!","مکالمه روزمره","","45a5ad18-86ae-4651-a372-eedab33b65cc"
"5346","me lo quedo","برش می‌دارم ، نگه‌اش می‌دارم","مکالمه روزمره","","1f3ab9df-6283-403c-adeb-cf0f8d7c3ef8"
"5347","Quiero devolver esto.","می‌خواهم این را پس بدهم.","مکالمه روزمره","","738b8c30-464f-43d4-aae3-fb92b58ff4d5"
"5348","Quiero cambiar esto.","می‌خواهم این را تعویض کنم.","مکالمه روزمره","","cc3c835f-cc8c-4075-995c-6cd13dc1abde"
"5349","¿Puedo devolverlo?","می‌توانم آن را پس بدهم؟","مکالمه روزمره","","bbff8716-67a9-47bd-a784-15db36808e28"
"5350","¿Puedo cambiarlo?","می‌توانم آن را تعویض کنم؟","مکالمه روزمره","","3b72214c-a14b-43a8-89d3-d4df05df9631"
"5351","¿Cuál es el plazo de devolución?","مهلت پس دادن ، مرجوعی چقدر است؟","مکالمه روزمره","","79f0e2e2-9c21-45f3-85da-aacd21282eaf"
"5352","Solo estoy mirando.","فقط دارم نگاه می‌کنم.","مکالمه روزمره","","9a0d349a-f725-4303-893c-c3d03732ad86"
"5353","Gracias, solo estoy mirando.","ممنون، فقط دارم نگاه می‌کنم.","مکالمه روزمره","","fb0a13f7-d31d-4d32-9717-f81a0878d0d4"
"5354","a ver si encuentro mi talla","ببینم سایزم را پیدا می‌کنم یا نه","مکالمه روزمره","","ea97f9e9-c42e-4baa-a053-f617681a9142"
"5355","¿Qué talla usas?","چه سایزی می‌پوشی؟","مکالمه روزمره","","e17bc811-b8fd-414a-a9bd-b7b7c6af7396"
"5356","Uso la 42.","سایز ۴۲ می‌پوشم.","مکالمه روزمره","","4c0699f3-e6a7-40bb-9860-837f3612e6d7"
"5357","¿Tienes esta camisa en talla M?","آیا این پیراهن را در سایز مدیوم دارید؟","مکالمه روزمره","","ba0220ee-3402-49de-944d-cd2e7b365468"
"5358","¿Tienes otra talla?","سایز دیگری داری؟","مکالمه روزمره","","23778fd1-4a84-4414-848d-24ffa28228b4"
"5359","¿tienen una talla más?","یک سایز بزرگتر دارید؟","مکالمه روزمره","","848e1576-68d7-4cce-94f0-b68cd00b1c87"
"5360","¿Tienes una talla más?","یک سایز بزرگتر داری؟","مکالمه روزمره","","9b1142c9-c5c3-447a-8e57-fc9172247bd3"
"5361","¿Tienes una talla menos?","یک سایز کوچکتر داری؟","مکالمه روزمره","","d4a33842-92bc-403a-9f18-f99e17fbc149"
"5362","¿Tienes otro color?","رنگ دیگری داری؟","مکالمه روزمره","","85a507a2-60cd-45e0-ad26-f7f24d88d2ba"
"5363","¿Tienes otro modelo?","مدل دیگری داری؟","مکالمه روزمره","","d78cf2b9-0861-4b23-a175-66ca9809acfb"
"5364","¿Me queda bien?","به من می‌آید؟ ، اندازه‌ام است؟","مکالمه روزمره","","2d9a55bf-4d0d-455f-b837-74a9bd24fb52"
"5365","¿Me queda grande?","برایم بزرگ است؟","مکالمه روزمره","","817a1495-9eb1-4691-94ac-a496591970de"
"5366","¿Me queda pequeño?","برایم کوچک است؟","مکالمه روزمره","","e2a37c58-00b2-4221-ad99-2f408489c0ad"
"5367","¿Me queda ancho?","برایم گشاد است؟","مکالمه روزمره","","98ab02c5-8cef-433d-9c1f-aa21d8710456"
"5368","¿Me queda estrecho?","برایم تنگ است؟","مکالمه روزمره","","bcade93e-2ce2-4a9b-87ad-5a8058a0665e"
"5369","Me queda perfecto.","کاملاً اندازه‌ام است ، به من می‌آید.","مکالمه روزمره","","12c58eb0-bd43-415c-9a99-0ac6c2d72891"
"5370","me queda muy ajustado","خیلی برایم تنگ ، چسبان است","مکالمه روزمره","","2336c35e-44c4-4ca7-b9ab-5020d2a11add"
"5371","Calzo un 40.","سایز کفشم ۴۰ است.","مکالمه روزمره","","e5651f36-af85-4249-83a2-95bf54f4e556"
"5372","¿qué tal me queda?","چطور بهم میاد؟","مکالمه روزمره","","aab35571-1c03-4750-b320-35e2b1ec4a02"
"5373","te queda estupendo","فوق‌العاده بهت میاد","مکالمه روزمره","","2ec21de3-66e8-4cc0-8a3e-7608ed1dcbef"
"5374","Son muy cómodos.","خیلی راحت هستند.","مکالمه روزمره","","64ceefb7-7999-419c-bb92-5301ec9e1b5b"
"5375","Son incómodos.","نامناسب ، ناراحت هستند.","مکالمه روزمره","","cffcbaf5-b24a-4b56-b488-836f513e0fe9"
"5376","zapato de tacón","کفش پاشنه‌بلند","مکالمه روزمره","","1c01ae84-64f1-46ca-927a-f90685eb4e66"
"5377","las botas","چکمه‌ها","مکالمه روزمره","","453ac928-6998-475d-a1f3-91f83a908f0d"
"5378","¿cuáles son mis botas?","چکمه‌های من کدامند؟","مکالمه روزمره","","6b9e4c20-f7cc-4121-90ca-8d9271248c9c"
"5379","no deben olvidar sus botas de agua","نباید چکمه‌های بارانی‌شان را فراموش کنند","مکالمه روزمره","","9c3b508c-1820-4da1-bec7-f125628e8bc1"
"5380","el número de zapato","سایز کفش","مکالمه روزمره","","ad410977-f672-4fe5-b8b0-0d81e427c587"
"5381","el número de pie","سایز پا","مکالمه روزمره","","eadb7267-6560-4afe-8634-8dba03d570d3"
"5382","a veces lleva un vestido rojo","گاهی اوقات لباس قرمز می‌پوشد","مکالمه روزمره","","f1314d39-d966-4585-9bda-5e24932378a8"
"5383","los calcetines","جوراب‌ها","مکالمه روزمره","","d140c54e-b56e-45e1-892e-9978a9d5c7de"
"5384","los calzoncillos","شورت ، زیرپوش مردانه","مکالمه روزمره","","b11ad5dc-57f6-4189-8487-e1bdf2c7a75c"
"5385","el sujetador","کرست ، لباس زیر زنانه","مکالمه روزمره","","8b6be531-55a9-4bf3-8754-d56f9e71ed50"
"5386","el impermeable","بارانی ، ضدآب","مکالمه روزمره","","21f14bd8-17ea-42e5-8509-dac0eeb5bbf5"
"5387","mañana lloverá, así que necesitarán los impermeables","فردا باران خواهد آمد، بنابراین به بارانی‌هایشان نیاز خواهند داشت","مکالمه روزمره","","7d69062d-ab2b-443e-920f-a9d5e50a961c"
"5388","entonces, quítate el abrigo","پس پالتویت را دربیار","مکالمه روزمره","","27ab9366-a847-444c-b216-b9bc6d84c732"
"5389","Necesito el paraguas.","به چتر نیاز دارم.","مکالمه روزمره","","eb478ce6-f8f1-4d3c-95ef-d6d5b7b7f244"
"5390","¿Tienes un paraguas?","چتر داری؟","مکالمه روزمره","","c05d6410-5d6a-4db6-b229-f56100e9411d"
"5391","si no trae el paraguas, se empapará","اگر چتر نیاورد، خیسِ آب خواهد شد","مکالمه روزمره","","4c1e7099-bf3d-4a68-9661-f1f559891b9c"
"5392","creo que esta pulsera es de mi madre","فکر کنم این دستبند مال مادرم است","مکالمه روزمره","","51e89cc5-416b-4bbf-8ba2-a358a6717fac"
"5393","la pulsera","دستبند","مکالمه روزمره","","b779baca-a83c-46ab-b5ef-8f26155861b3"
"5394","regalar una joya","هدیه دادن یک جواهر","مکالمه روزمره","","549c9361-5d88-4941-ab08-650074a07048"
"5395","el reloj","ساعت (مچی یا دیواری)","مکالمه روزمره","","04efb8c7-93eb-408c-b9e8-f22c022484f8"
"5396","reloj de pulsera","ساعت مچی","مکالمه روزمره","","0dad5e13-5b02-4dff-9b54-515390fa22f8"
"5397","Lleva gafas.","عینک می‌زند.","مکالمه روزمره","","857a2c8c-3119-4d86-94eb-b86cbf2fac53"
"5398","las gafas","عینک","مکالمه روزمره","","2c60c049-d6e7-4406-a07d-c54aaf66c62a"
"5399","¿has pensado ponerte gafas?","آیا به عینک زدن فکر کرده‌ای؟","مکالمه روزمره","","a6ec25b3-dd5a-449e-b081-9911fcab9f91"
"5400","Necesito un sombrero nuevo","به یک کلاه جدید نیاز دارم","مکالمه روزمره","","8a7c0191-eff0-4b2b-bcef-865a1623c2c6"
"5401","Carro de la compra","چرخ خرید ، چرخ دستی سوپرمارکت","مکالمه روزمره","","ac187232-7e9a-4f0e-8f56-6d9c2a10120c"
"5402","Cesto de la ropa","سبد لباس‌ها","مکالمه روزمره","","a83ce5e0-af23-4884-bbed-8d4ab9769252"
"5403","la lista de la compra","لیست خرید","مکالمه روزمره","","bacb395b-9c77-4d4e-814d-c62f1c7bbd05"
"5404","¿has mirado si compramos todo lo de la lista de la compra?","آیا چک کردی که همه اقلام لیست خرید را خریده‌ایم یا نه؟","مکالمه روزمره","","486276c9-aa4b-44dd-be04-a6aab36c401f"
"5405","¿Aceptan efectivo?","آیا پول نقد می‌پذیرید؟","مکالمه روزمره","","56e23714-d9d7-4eb5-afc4-47b096bc111f"
"5406","el dinero en efectivo","پول نقد","مکالمه روزمره","","2b7e0f19-c920-4564-9447-993dba67971f"
"5407","no tengo dinero en efectivo","پول نقد ندارم","مکالمه روزمره","","f3be337e-e3e4-4b77-8f20-f9f370de304d"
"5408","¿Dónde está el cajero?","خودپرداز ، صندوق کجاست؟","مکالمه روزمره","","3a87b345-c4c5-4eb5-a0f9-b2991508a1c6"
"5409","la causa","علت ، سبب ، دلیل","مکالمه روزمره","","0a9dea82-5365-434d-8e0c-d78228b9fe4c"
"5410","la razón","دلیل ، منطق ، حقانیت","مکالمه روزمره","","34a9ea3f-687e-4bdc-bc41-06d0b45561f6"
"5411","el valor","ارزش ، شجاعت ، قیمت","مکالمه روزمره","","a78dba45-7cff-4b6d-a753-849221a333c7"
"5412","el nivel","سطح ، تراز","مکالمه روزمره","","dddaa38e-5582-4440-8f59-8402feac3d34"
"5413","el margen","حاشیه ، بازه ، فرصت","مکالمه روزمره","","e3d20535-ce46-406e-a127-381a9510fe52"
"5414","el límite","حد ، مرز ، محدودیت","مکالمه روزمره","","5d5761f4-e275-4d35-a45e-a111131a5da8"
"5415","el equilibrio","تعادل ، توازن","مکالمه روزمره","","90aca253-c59b-44b6-b0b6-58e8603ab6b4"
"5416","el control","کنترل ، تسلط ، بازرسی","مکالمه روزمره","","abdd8501-f9bc-4f03-83fc-c7344137accd"
"5417","estaba fuera de control","از کنترل خارج شده بود ، از دست رفته بود","مکالمه روزمره","","7745985e-d13d-4996-9574-e8835a77305d"
"5418","la regla","قانون ، قاعده ، خط‌کش ، قائدگی","مکالمه روزمره","","e41bb8f4-50d4-43aa-99cf-2b94c5bb564c"
"5419","el principio","اصل ، آغاز ، مبدأ","مکالمه روزمره","","2febf045-e265-48df-99ee-e6eb5935d4f5"
"5420","la condición","شرط ، وضعیت ، شرایط","مکالمه روزمره","","59d4cab1-3f22-4428-9dc3-4cb36a270bd5"
"5421","la decisión","تصمیم","مکالمه روزمره","","2b7a2ee7-1bd8-482a-967d-73dd9d1e9046"
"5422","esta decisión","این تصمیم","مکالمه روزمره","","fbee7462-049d-4f09-a2aa-77578ebfbdda"
"5423","tomar una decisión","تصمیم گرفتن","مکالمه روزمره","","8cb4c1c3-8c6b-4295-ba48-0df007c9c8d9"
"5424","tenemos que tomar una decisión","ما باید تصمیمی بگیریم","مکالمه روزمره","","fca08885-a779-4455-8930-f8e16c1fb533"
"5425","fue una sabia decisión","تصمیم عاقلانه‌ای بود","مکالمه روزمره","","279eacef-5820-45a2-b884-7f054e6cc478"
"5426","la responsabilidad","مسئولیت ، تعهد","مکالمه روزمره","","d70751dd-4f88-45cd-96c6-b8d4cdf5059d"
"5427","¿hay algo a lo que debería prestar más atención?","آیا چیزی هست که باید توجه بیشتری به آن داشته باشم؟","مکالمه روزمره","","88a1a430-ba3f-4f53-864d-57cd33492f88"
"5428","la intención","قصد ، نیت ، هدف","مکالمه روزمره","","1a1777f7-888a-4f51-b23b-9e63a15d2c05"
"5429","no era mi intención","قصد من این نبود ، منظور بدی نداشتم","مکالمه روزمره","","acc4dc21-6c1e-4c9c-bb7d-14420a98e12d"
"5430","No fue mi intención.","عمداً این کار را نکردم ، قصد من نبود.","مکالمه روزمره","","0bee879d-70e9-4572-9602-37c078d556c8"
"5431","tener la intención de …","قصد داشتن که...","مکالمه روزمره","","c4b540a1-d0fe-4140-b689-e5061fcc2c83"
"5432","tener la intención de...","نیت داشتن برای...","مکالمه روزمره","","e113dbbf-e88f-4e1e-b4ff-25f91f7c45eb"
"5433","el pensamiento","فکر ، اندیشه ، تفکر","مکالمه روزمره","","7f2d656f-379f-4dcb-98ce-b401e148489a"
"5434","necesito un momento para pensar","به یک لحظه زمان برای فکر کردن نیاز دارم","مکالمه روزمره","","beaef9a0-e09c-4a48-8501-241d143cb6a8"
"5435","la duda","شک ، تردید ، شبهه","مکالمه روزمره","","a86a45db-6d84-4978-a65a-e60114b17255"
"5436","la perspectiva","چشم‌انداز ، دیدگاه ، زاویه دید","مکالمه روزمره","","63a8cd89-22b5-436d-a169-725086be57ec"
"5437","mi perspectiva","دیدگاه من ، نگرش من","مکالمه روزمره","","ad1b4c6d-5c8b-4a21-bdfa-2d2475c356ba"
"5438","el tema","موضوع ، مبحث ، تم","مکالمه روزمره","","9a4aab24-501c-4354-95b4-19a8b2229ad6"
"5439","hablar de …","صحبت کردن درباره...","مکالمه روزمره","","a0114c48-70d1-41ff-b657-bdaf154accee"
"5440","hablar de...","حرف زدن از...","مکالمه روزمره","","d2e25cd4-df39-4a85-b542-e3a9203ebeda"
"5441","hablar sobre","صحبت کردن درباره‌ی","مکالمه روزمره","","5f57a687-828d-40d9-93fb-e115f8795f7d"
"5442","la conversación","مکالمه ، گفت‌وگو","مکالمه روزمره","","164061e7-2ea0-4287-b87d-6345a391be0c"
"5443","quiero oír esa historia otra vez","می‌خواهم آن داستان را دوباره بشنوم","مکالمه روزمره","","a68b0b01-f660-4d48-a36d-7d6ee8950163"
"5444","el mensaje","پیام ، پیغام","مکالمه روزمره","","cd48d4f2-8da3-4d2b-b44d-3079f0cdf7e1"
"5445","la llamada","تماس تلفنی ، فراخوان","مکالمه روزمره","","bed51225-3f64-4882-b099-8149ca695df0"
"5446","la verdad","حقیقت ، راست","مکالمه روزمره","","9001ac70-ebbc-4527-a038-6dcc62240cc9"
"5447","la mentira","دروغ","مکالمه روزمره","","e0ac880f-0ba7-4f14-973d-2462b6110d40"
"5448","el secreto","راز ، سر","مکالمه روزمره","","a705592f-86bb-4894-a47c-a48b67bc8dd0"
"5449","guardar un secreto","نگه داشتن یک راز ، رازنگهداری","مکالمه روزمره","","a6cc165d-6228-48bb-aca7-b17674ff5613"
"5450","guardarse ... para uno mismo","پیش خود نگه داشتن... ، به کسی نگفتن","مکالمه روزمره","","35ff650d-f9a7-41d0-ae55-3b874a355b67"
"5451","guardarse... para uno mismo","برای خود حفظ کردن...","مکالمه روزمره","","cf539fe8-c5e8-4295-a968-9d0cccffa5f0"
"5452","el consejo","نصیحت ، پند ، مشورت ، شورای مشورتی","مکالمه روزمره","","e0c7716a-0f41-4ec5-a673-b2be0cc1064b"
"5453","dar consejos","نصیحت کردن ، توصیه کردن","مکالمه روزمره","","3091c4ab-4346-45ae-b62e-6e556fc98d49"
"5454","las sugerencias","پیشنهادها","مکالمه روزمره","","9d9dc281-01ae-4e5d-bea1-7ce267b02550"
"5455","gracias por las sugerencias","ممنون بابت پیشنهادها","مکالمه روزمره","","d03f8790-d9bf-4d55-849d-e991b73d17a7"
"5456","el compromiso","تعهد ، قول ، نامزدی ، توافق","مکالمه روزمره","","4449fc05-1b38-485e-94a2-bdb9fe532a12"
"5457","la promesa","نوید ، قول ، وعده","مکالمه روزمره","","b37f5294-e36c-456d-aa9d-eccee041e9bc"
"5458","la comunicación","ارتباط ، ارتباطات","مکالمه روزمره","","635e5529-5ed3-4224-acc4-e0b7aebc8bf5"
"5459","la confianza","اعتماد ، اطمینان ، اعتمادبه‌نفس","مکالمه روزمره","","e4a5ea6c-6eb1-4544-8880-3143e10e68bd"
"5460","el respeto","احترام ، حرمت","مکالمه روزمره","","a73f356f-8b97-4a89-b5ff-535de59e2766"
"5461","el apoyo","پشتیبانی ، حمایت ، تکیه‌گاه","مکالمه روزمره","","b1565861-e5d9-4924-948e-da26b52405f9"
"5462","tu apoyo","حمایت تو","مکالمه روزمره","","b9fb5117-599a-4c95-b681-1e0c95dd80a5"
"5463","gracias por tu apoyo","ممنون بابت حمایتی که کردی","مکالمه روزمره","","d18ed369-0e98-4740-a2af-cd7ded25fe41"
"5464","el conflicto","تضاد ، کشمکش ، درگیری ، درگیری نظامی","مکالمه روزمره","","f7b245b8-16aa-40f8-a866-13a4532b80ba"
"5465","la discusión","بحث ، گفت‌وگو ، مناقشه","مکالمه روزمره","","1f9905c7-b030-4904-94b0-557c602276fe"
"5466","la pelea","دعوا ، نبرد ، نزاع","مکالمه روزمره","","21227ec9-2782-4f21-9156-fee87d8c1755"
"5467","Me acuerdo.","یادم هست ، به خاطر می‌آورم.","مکالمه روزمره","","6fec1dbe-d1ea-4ce1-a4a1-9b8c8633eb52"
"5468","Ya me acuerdo.","الان دیگه یادم آمد.","مکالمه روزمره","","b064c231-624f-4e5b-afe6-17967d5ee4b5"
"5469","recuerdas cómo era?","یادت می‌آید چطور بود؟","مکالمه روزمره","","8cf578e9-579d-4a37-941f-83a244638c9e"
"5470","Dale...","باشه... ، زود باش... ، ادامه‌ بده...","مکالمه روزمره","","4e524b79-da4c-4318-ae28-2756a780909b"
"5471","el conocimiento","دانش ، آگاهی ، معرفت","مکالمه روزمره","","215ac6e1-0233-4a31-a53f-a0604d7c152e"
"5472","la capacidad","ظرفیت ، توانایی ، قابلیت","مکالمه روزمره","","8ce7cba3-7883-46ea-8456-75a719d03890"
"5473","capacidad cognitiva","توانایی شناختی","مکالمه روزمره","","d3dc8622-5904-493b-97b1-652838a01169"
"5474","el talento","استعداد ، ذوق","مکالمه روزمره","","a787fc54-5192-423c-bddd-504a18419110"
"5475","la habilidad","مهارت ، چیره دستی","مکالمه روزمره","","22f2a4a6-4b63-4d84-8e04-716823243a49"
"5476","he me esforzado mucho","تلاش زیادی کرده‌ام","مکالمه روزمره","","9b2143c0-2dde-4e3a-9ba0-312141a8d213"
"5477","el logro","دستاورد ، موفقیت","مکالمه روزمره","","8e7e0fe7-037b-40c0-82d1-7403257ffd89"
"5478","los logros","دستاوردها","مکالمه روزمره","","933ce6ea-6bf9-4a03-933d-dfaf524756e7"
"5479","el éxito","پیروزی ، موفقیت","مکالمه روزمره","","e1376f5d-5ebd-4ef2-b488-8c31546cb8c8"
"5480","¡fue un éxito total!","یک موفقیت تمام‌عیار بود!","مکالمه روزمره","","6bd01bcb-9a46-4214-8312-b12f499d08eb"
"5481","tener éxito","موفق شدن ، به موفقیت رسیدن","مکالمه روزمره","","1e4bbdfa-474c-43a0-b12a-de28f4d7cb8e"
"5482","el fracaso","شکست ، ناکامی","مکالمه روزمره","","a94bbf3e-3cbc-49f4-867f-b0aeb5f928db"
"5483","el error","اشتباه ، خطاء","مکالمه روزمره","","e93ddf48-347b-49b2-bbf7-16020dc130ce"
"5484","cometer un error","مرتکب اشتباه شدن","مکالمه روزمره","","73084b66-0d63-464b-b7ba-a2b8ececb08d"
"5485","cometí un error","اشتباهی مرتکب شدم","مکالمه روزمره","","44ce90b2-166a-4c3c-b41f-9b24742791b6"
"5486","no cometas el mismo error otra vez","دوباره همان اشتباه را تکرار نکن","مکالمه روزمره","","9b6f16ca-0739-4d75-9fb0-e19529d40a1f"
"5487","el mismo error","همان اشتباه","مکالمه روزمره","","9335f51a-3b7a-42c7-af12-64f1f60b51d5"
"5488","he metido la pata","سوتی داده‌ام ، گند زده‌ام","مکالمه روزمره","","cac43fe5-b04c-4113-bfe9-6fc23a9d99bb"
"5489","has metido la pata","سوتی داده‌ای ، دسته گل به آب داده‌ای","مکالمه روزمره","","4f368e58-451f-4ca8-922a-b078bcec1c21"
"5490","el malentendido","سوءتفاهم","مکالمه روزمره","","fcf98249-a5d6-4c67-9689-f45203a6c5ea"
"5491","ha sido un malentendido","یک سوءتفاهم بوده است","مکالمه روزمره","","c81b2dc2-8aa3-4156-838f-1a80c2fe2b12"
"5492","el crecimiento","رشد ، نمو ، افزایش","مکالمه روزمره","","75937557-c19f-4ad0-97f3-e93dc9d7d9d1"
"5493","crecer un ... por ciento","... درصد رشد کردن","مکالمه روزمره","","d5e6110c-ba45-4e79-a518-8500f49984e9"
"5494","crecer un … por ciento","به میزان ... درصد افزایش یافتن","مکالمه روزمره","","011cf53b-ce77-472e-84a4-1dda95eb8668"
"5495","el futuro","آینده","مکالمه روزمره","","8210bbbd-640f-4f81-805e-008d7424fe3d"
"5496","el pasado","گذشته","مکالمه روزمره","","07d7c977-2928-49ad-8916-4684215c9c3f"
"5497","el presente","زمان حال ، اکنون ، هدیه","مکالمه روزمره","","b818395e-68e9-4b57-87cb-a8fdb0cde8a6"
"5498","la vida","زندگی ، جان","مکالمه روزمره","","bf27da95-d89c-41ed-ab38-946ba6940d00"
"5499","así es la vida","زندگی همین است","مکالمه روزمره","","212ab768-9f66-4b42-9604-500d5f743196"
"5500","hay cosas más importantes en la vida","چیزهای مهم‌تری هم در زندگی وجود دارد","مکالمه روزمره","","a5633b20-839a-4992-8ca8-b0b63029afa9"
"5501","me ha cambiado la vida","زندگی‌ام را تغییر داده است","مکالمه روزمره","","4defad9a-1ac8-43a4-9583-4092cd5f8c80"
"5502","la muerte","مرگ ، مرگ‌ومیر","مکالمه روزمره","","b9cc3f07-562d-49f1-af09-95d9d1305caf"
"5503","el destino","سرنوشت ، تقدیر ، مقصد","مکالمه روزمره","","15c88f87-6c7c-44d4-ab27-f2aefc6a9074"
"5504","la suerte","شانس ، اقبال ، بخت","مکالمه روزمره","","d92b4589-3f9a-4b35-a8e6-7c514beaa5d8"
"5505","la suerte del principiante","شانس تازه کارها","مکالمه روزمره","","a0f9aa60-329e-4e4b-baa5-b2ad3ff46db9"
"5506","¡mucha mierda!","خیلی موفق باشی! (اصطلاح عامیانه و تئاتری برای آرزوی موفقیت)","مکالمه روزمره","","2aac13a9-d5d4-4312-ad00-7ae728809482"
"5507","el momento","لحظه ، هنگام ، موقعیت","مکالمه روزمره","","05dc0125-9897-4af0-8910-74fc6ba2579c"
"5508","Es el momento.","الان وقتش است.","مکالمه روزمره","","ed58438d-dd06-4631-bc1d-c05a4b927cb0"
"5509","No ser el momento.","وقتش نبودن ، موقعیت مناسبی نبودن.","مکالمه روزمره","","b08037a3-7b35-4466-9e20-c77e6851c4ab"
"5510","en algún momento","در یک زمانی ، زمانی از زمان‌ها","مکالمه روزمره","","0327c09f-7194-417f-8b20-1ed690b914dd"
"5511","en cualquier momento","در هر لحظه‌ای ، هر زمانی","مکالمه روزمره","","9b65318f-9a3c-49d8-bdce-d37ca5500e00"
"5512","la hora","ساعت ، زمان مشخص","مکالمه روزمره","","aea817a8-f088-4c2a-9aeb-475552070bee"
"5513","el tiempo","زمان ، آب‌وهوا ، وقت ، زمانه","مکالمه روزمره","","a9a19267-49bb-4510-af7b-e7eaa462169d"
"5514","el tiempo no se utiliza de manera eficiente","از زمان به صورت بهینه و کارآمد استفاده نمی‌شود","مکالمه روزمره","","3ea8fedf-6530-486a-a9f8-2e479693fdb4"
"5515","de manera eficiente","به نحو کارآمد ، به صورت بهینه","مکالمه روزمره","","3e9b920f-5ce4-48bd-9eb9-128b8cc12779"
"5516","con claridad","با وضوح ، به روشنی","مکالمه روزمره","","a5b260f2-516d-4f0f-9013-0988d4424d5a"
"5517","de una manera respetuosa y constructiva","به شیوه‌ای محترمانه و سازنده","مکالمه روزمره","","7a566099-1e39-4b37-ace4-20e07c1fc2e5"
"5518","la energía","انرژی ، نیرو ، توان","مکالمه روزمره","","e4f42ae8-daea-4912-8f15-127832e5dc92"
"5519","la fuerza","قدرت ، قدرت فیزیکی ، زور","مکالمه روزمره","","27d5de84-d2fa-4023-9f37-d57fde051391"
"5520","las fuerzas","نیروها ، قوای جسمانی","مکالمه روزمره","","f2522797-0a09-42f9-91d7-558b9e81790f"
"5521","la gana","میل ، رغبت","مکالمه روزمره","","d2df3e18-f93f-4284-89ae-c3e138d42505"
"5522","las ganas","تمایل ، اشتیاق","مکالمه روزمره","","99c3cade-3178-4170-9dba-17ffbb8e4635"
"5523","tengo ganas de","دلم می‌خواهد که... ، تمایل دارم به","مکالمه روزمره","","1f860494-1c90-406c-854e-e45c38258a11"
"5524","Tengo ganas de...","مشتاقم برای...","مکالمه روزمره","","5f4565fd-2b83-45e2-a3d0-33a583112472"
"5525","tener ganas de …","رغبت داشتن به...","مکالمه روزمره","","b1ffc358-6a2e-4ba6-a523-1b7887c55059"
"5526","tener ganas de...","اشتیاق داشتن برای...","مکالمه روزمره","","44b4ed5c-5246-4c3d-8580-ee7a44510118"
"5527","¡Tengo ganas!","خیلی دلم می‌خواهد! ، خیلی مشتاقم!","مکالمه روزمره","","66af7129-91ff-4eb6-aa0f-3cce79574332"
"5528","no tengo ganas de","حوصله ، میلِ ... را ندارم","مکالمه روزمره","","aa8a17f0-6718-43a8-9ae2-0c14bee258e4"
"5529","¡Qué ganas!","چقدر مشتاقم! ، چقدر دلم می‌خواهد!","مکالمه روزمره","","df794f20-d725-4b86-8754-cef99fef4c18"
"5530","¡Qué ganas tengo!","چقدر تمایل و شوق دارم!","مکالمه روزمره","","fd53d29f-12d4-4a12-abc2-452bab9d19d8"
"5531","tenemos ganas de conocerte","مشتاق دیدار و آشنایی با تو هستیم","مکالمه روزمره","","550a5812-e99d-46ef-a551-32321eabe892"
"5532","tenemos ganas de verte","خیلی دلمان می‌خواهد تو را ببینیم","مکالمه روزمره","","40dd4551-d966-4081-82ac-8427bea17e76"
"5533","Me muero de ganas.","از شدت شوق می‌میرم ، بی‌صبرانه منتظرم.","مکالمه روزمره","","c996610c-867f-4601-8712-0ad167fa40b2"
"5534","¡Me muero de ganas!","بی‌صبرانه مشتاقم!","مکالمه روزمره","","167a2e1a-7693-41da-bf15-5336e5d03554"
"5535","¡Estoy deseando!","لحظه‌شماری می‌کنم!","مکالمه روزمره","","ca2d595b-7e0d-4bae-b449-6826c10d48d7"
"5536","Estoy deseando.","خیلی آرزومندم ، بسیار مشتاقم.","مکالمه روزمره","","e1010720-18b2-4e4c-bb27-40ac78cc8867"
"5537","No veo la hora.","منتظر آن لحظه‌ام ، بی‌صبرانه منتظرم.","مکالمه روزمره","","ab0be0ad-3342-427b-8b4a-c2a4c0f3dd0c"
"5538","¡No veo la hora!","دیگر طاقت ندارم ، لحظه‌شماری می‌کنم!","مکالمه روزمره","","6378a433-e387-41de-8aa2-39541733abbc"
"5539","la actitud","نگرش ، طرز برخورد ، رفتار","مکالمه روزمره","","ff0f44ba-c3e1-4c5c-bdf5-8f1771b73892"
"5540","la conducta","رفتار ، منش ، کرداری","مکالمه روزمره","","1a1b1806-557a-4a9e-b8a9-0128e55503b0"
"5541","el hábito","عادت ، رسم","مکالمه روزمره","","a6439b52-784c-4686-9d94-0cc88bd54ede"
"5542","¿hay algún hábito que debería cambiar?","آیا عادتی هست که باید تغییرش دهم؟","مکالمه روزمره","","c70eb710-f99d-4a52-8501-247abcf646b6"
"5543","la costumbre","رسم ، سنت ، عادت","مکالمه روزمره","","7d411d4f-e3c2-4dcf-8dec-60014e3cba5a"
"5544","la rutina","روال معمول ، روزمرگی","مکالمه روزمره","","063d061e-d83c-4621-b5aa-f4d30863328d"
"5545","La rutina diaria","برنامه و روال روزمره","مکالمه روزمره","","c9457504-537c-4bfc-b653-b0f5b33d7204"
"5546","el descanso","استراحت ، تنفس (بین کار)","مکالمه روزمره","","94edfc16-5f1e-4aa2-b3ab-b45980d7390d"
"5547","Descanso bien.","خوب استراحت می‌کنم.","مکالمه روزمره","","e297697a-52f3-441a-9c2e-e786c0878ddd"
"5548","Hago una pausa.","وقفه ایجاد می‌کنم ، دست از کار می‌کشم.","مکالمه روزمره","","fa295e7e-33f3-48eb-adc8-7ba515724157"
"5549","el silencio","سکوت ، خاموشی","مکالمه روزمره","","8463bc1e-3f4e-4458-9b4f-18f99b0d0635"
"5550","la calma","آرامش ، متانت","مکالمه روزمره","","94f37362-7702-4711-a712-4099733dee30"
"5551","la guerra","جنگ ، نبرد","مکالمه روزمره","","5deb0125-f0f7-47a2-b61e-cbea5e66adb3"
"5552","la guerra nunca es necesaria","جنگ هرگز ضروری نیست","مکالمه روزمره","","be5d6883-0a42-40ab-a88a-f3da8aea444f"
"5553","el enemigo","دشمن (مذکر)","مکالمه روزمره","","4c31c40f-a091-41b8-a1e4-931a1202093a"
"5554","el enemigo / la enemiga","دشمن (مذکر ، مؤنث)","مکالمه روزمره","","a3533a6b-76ff-43e2-bc3b-2c48c7e51ab0"
"5555","el aliado","متحد ، هم‌پیمان","مکالمه روزمره","","3a79d902-c2b9-448d-a6c2-fdba744e2b95"
"5556","la comunidad","جامعه ، اجتماع محلی","مکالمه روزمره","","e7cb0bd7-d2dd-4ad1-9cbf-a1d02475d90a"
"5557","la sociedad","جامعه ، شرکت ، انجمن","مکالمه روزمره","","75831d8f-2454-43f3-a469-048253b2715f"
"5558","la cultura","فرهنگ","مکالمه روزمره","","1de6d7be-7f2b-403c-bfbd-64007e951d7f"
"5559","la tradición","سنت ، رسم سنتی","مکالمه روزمره","","f2dc748f-ef7c-424b-acf6-51f6ed7ab2a8"
"5560","la religión","دین ، مذهب","مکالمه روزمره","","7e0ba50b-8815-496b-a272-2806928ec22b"
"5561","la religión es un tema importante","دین موضوع مهمی است","مکالمه روزمره","","904e459a-32aa-4f16-b22c-afe9a3b8cf1c"
"5562","soy agnóstico","من ندانم‌گرا (آگنوستیک) هستم","مکالمه روزمره","","e5f42fed-ce18-434b-9402-f2fd2f07d801"
"5563","soy budista","من بودایی هستم","مکالمه روزمره","","f39b9f6c-e67d-46ee-b51c-f36d8d00793a"
"5564","soy musulmán","من مسلمان هستم","مکالمه روزمره","","06167382-04cd-45bd-b14a-c9a2d5ae2721"
"5565","la política","سیاست ، خط‌مشی","مکالمه روزمره","","c157c499-9e07-4a8c-87a4-be49b3968702"
"5566","le enfada hablar de política","صحبت درباره سیاست او را عصبانی می‌کند","مکالمه روزمره","","abdab361-5f08-4081-a420-9fc6713edb65"
"5567","declaración de la renta","اظهارنامه مالیاتی","مکالمه روزمره","","c0a52397-b85a-4731-a51e-0aa523d1c93c"
"5568","¿te interesa la política?","آیا به سیاست علاقه داری؟","مکالمه روزمره","","10d94bb3-5461-4ce3-9e10-45052e4340e4"
"5569","el gobierno","دولت ، حکومت","مکالمه روزمره","","9a28cc40-5321-4413-9b15-35bb2b694bb1"
"5570","el gobierno no tiene mucho poder","دولت قدرت زیادی ندارد","مکالمه روزمره","","e902ba25-b8f7-485a-ae81-6d1e070b7423"
"5571","la nación","ملت ، کشور","مکالمه روزمره","","cb60f4eb-9dce-4c29-bb34-2aba5a4f431f"
"5572","el país","کشور ، سرزمین","مکالمه روزمره","","f551608c-b8b0-4413-8fc4-16640002e8c9"
"5573","el estado","دولت ، ایالت ، وضعیت","مکالمه روزمره","","2b90d669-9a02-4067-ab35-1397025a1ff9"
"5574","estado civil","وضعیت تأهل","مکالمه روزمره","","44be9135-96cc-4009-8941-b1e8cd6d8177"
"5575","la ciudadanía","شهروندی ، تابعیت","مکالمه روزمره","","09235645-22da-4450-aa1c-42fc7cd1c10c"
"5576","el origen","منشأ ، اصالت ، مبدأ","مکالمه روزمره","","30c409ac-0b7a-42bd-a6fb-6f50dc03d20a"
"5577","origen étnico","اصالت قومی","مکالمه روزمره","","fb0cca9b-83ef-4099-854c-b78d9a02de4a"
"5578","la procedencia","مبدأ ، خاستگاه ، ریشه","مکالمه روزمره","","838f2d59-03bf-4dbc-ab51-509fbb237d31"
"5579","De dónde eres?","اهل کجا هستی؟","مکالمه روزمره","","a50b441a-ce96-449b-93ed-f16220f18adb"
"5580","Vengo de...","از... می‌آیم ، اهل... هستم","مکالمه روزمره","","8377e449-9884-4320-9c07-5f200bc57bc3"
"5581","Soy de...","اهل... هستم","مکالمه روزمره","","6437f766-6c25-4495-aed7-bfa86491f212"
"5582","la frontera","مرز","مکالمه روزمره","","d6473ae5-cefd-4369-9657-271dfc03c8fd"
"5583","la tasa","نرخ ، تعرفه ، عوارض","مکالمه روزمره","","5a83febd-1bde-4215-9778-0fbb7b54a67a"
"5584","el precio","قیمت ، بهای مالی","مکالمه روزمره","","861d250c-fe3b-49b3-a287-b2356bd1d0d0"
"5585","el costo / el coste","هزینه ، مخارج","مکالمه روزمره","","77f51ab7-c1e6-40cb-a67f-15ecbfc1a3e2"
"5586","los costes","هزینه‌ها","مکالمه روزمره","","ee4877a7-c9d4-4508-ab37-c29eb97ac7e4"
"5587","la economía","اقتصاد ، صرفه‌جویی","مکالمه روزمره","","24713fc7-4436-40f6-b47b-82660c2e2e19"
"5588","la inflación","تورم","مکالمه روزمره","","27dade71-8e95-4e57-add8-4c2c7f4f7bab"
"5589","la inversión","سرمایه‌گذاری","مکالمه روزمره","","ce933a3b-8e5b-405d-8d1a-e0347313bef5"
"5590","el beneficio","سود ، منفعت ، مزایا","مکالمه روزمره","","5aaa3bcc-203e-4d8f-9213-0e90c22b42ec"
"5591","la ganancia","سود ، عایدی","مکالمه روزمره","","0a7ea4e3-5f94-4143-96b7-c8ac14e3ada6"
"5592","la pérdida","زیان ، ضرر ، فقدان","مکالمه روزمره","","30203a47-1ef6-4f2d-806b-729b5b16b67b"
"5593","el pago","پرداخت ، پرداخت وجه","مکالمه روزمره","","9ac2e5ee-a549-4b85-a947-dc390b682bd5"
"5594","el cobro","دریافت وجه ، وصول","مکالمه روزمره","","887248bf-ba06-4cab-b79d-ae9aa1eec53d"
"5595","el cargo","مبلغ بدهکار شده ، مسئولیت و پست شغلی","مکالمه روزمره","","5f1aa2df-4794-4c5c-b712-2432b6a3d346"
"5596","reclamar un cargo","اعتراض به یک مبلغ ، هزینه برداشت‌شده","مکالمه روزمره","","3e128336-7418-4d9e-abe7-c25d2195fde8"
"5597","el recibo","رسید ، قبض","مکالمه روزمره","","0ea9149b-9fe7-4f28-b4c3-fca8a82c22f6"
"5598","la factura","فاکتور ، صورت‌حساب","مکالمه روزمره","","5e613786-e017-423e-be73-e20066ba1b84"
"5599","el dinero","پول","مکالمه روزمره","","ca3d15df-cab6-406a-8a48-5a020cfd5f34"
"5600","gastar dinero","خرج کردن پول","مکالمه روزمره","","f7b52b29-028e-45fa-ba10-41c9adf992ff"
"5601","el euro","یورو","مکالمه روزمره","","207c46a1-5bce-46c7-855f-ff39a84605ed"
"5602","la libra","پوند (واحد پول یا وزن)","مکالمه روزمره","","953e4e1f-e99f-48be-af0f-9c1518098ab1"
"5603","la moneda","سکه ، واحد پول","مکالمه روزمره","","88498ff2-d414-439f-a9de-c83fc026b974"
"5604","moneda local","ارز محلی ، پول رایج محلی","مکالمه روزمره","","eb769c44-8a39-46eb-aded-28482dbb5255"
"5605","el cambio de moneda","تبدیل ارز ، صرافی","مکالمه روزمره","","ee69f10d-e52f-4819-b13c-a3440ad227a0"
"5606","el banco","بانک ، نیمکت","مکالمه روزمره","","cffd8d1a-6155-49c2-96e1-49bae3f6b908"
"5607","la caja","صندوق ، جعبه","مکالمه روزمره","","6ee641bb-990a-48bf-96b5-ef0752451bce"
"5608","el cajero","صندوق‌دار ، دستگاه خودپرداز","مکالمه روزمره","","fe1ce814-5c73-48d3-890e-f53f97f5c343"
"5609","el préstamo","وام ، قرض","مکالمه روزمره","","f1096753-1a21-4aee-a6d3-97c71cf909b1"
"5610","la hipoteca","وام مسکن ، رهن","مکالمه روزمره","","b3254bc7-5f07-4967-9863-e03137ce84db"
"5611","la deuda","بدهی ، دین","مکالمه روزمره","","00a83257-ff87-4cc6-81ba-9ca85e41b098"
"5612","el interés","سود بانکی ، علاقه و توجه","مکالمه روزمره","","e6617d0b-1416-4589-a8d0-b580738e12f4"
"5613","la comisión","کارمزد ، کمیسیون","مکالمه روزمره","","44c3b969-d22c-4af2-9a52-df890ecc4d76"
"5614","el contrato","قرارداد ، پیمان","مکالمه روزمره","","60d42822-c8e9-4b75-9628-aa18e9477674"
"5615","la firma","امضاء ، شرکت تجاری","مکالمه روزمره","","f1ec6126-a2a1-438c-aabf-dc0af11acbd1"
"5616","¿Tengo que firmar?","آیا باید امضاء کنم؟","مکالمه روزمره","","5130f763-d294-428d-964c-10f45348eacf"
"5617","¿Puede firmar aquí?","می‌توانید اینجا را امضاء کنید؟","مکالمه روزمره","","f5412086-5a72-4579-bb53-66bdf6315c15"
"5618","el documento","مدرک ، مدرک شناسایی یا اسناد","مکالمه روزمره","","272d277d-713c-4bd7-b0e6-6e4fdc6ac679"
"5619","¿Dónde está el formulario?","فرم کجاست؟","مکالمه روزمره","","d904a47e-2001-4591-851f-ece0d55bc7b1"
"5620","¿Necesito rellenar algún formulario?","آیا لازم است فرمی را پر کنم؟","مکالمه روزمره","","a6b35a9e-ad13-4697-a445-6aadbdcb18ce"
"5621","¿Me ayuda a rellenarlo?","کمکم می‌کنید پرش کنم؟","مکالمه روزمره","","1d1b6c92-b349-43eb-8b5b-d7ae0ff247fd"
"5622","el trámite","مراحل اداری ، تشریفات کاری","مکالمه روزمره","","c168a587-3311-4809-b715-3a28c5a1e87c"
"5623","la solicitud","تقاضانامه ، درخواست رسمى","مکالمه روزمره","","13f268c0-0c40-4176-b719-8c9c53d00d74"
"5624","la reclamación","شکایت ، ادعا ، اعتراض","مکالمه روزمره","","a885c8d6-bc3f-48b0-aa49-18049be584e5"
"5625","Quiero poner una reclamación.","می‌خواهم شکواییه‌ای ثبت کنم.","مکالمه روزمره","","e998ee1f-4eed-4d97-bed9-58b3de248140"
"5626","el reclamo","شکایت ، درخواست و تقاضا","مکالمه روزمره","","6d877f4c-b3cc-44f6-a9e0-eb0b9f3aa238"
"5627","el servicio","خدمات ، سرویس ، دستشویی","مکالمه روزمره","","7ed20d88-8c44-4b7b-9d49-3908dde1a566"
"5628","los servicios","خدمات ، سرویس‌های بهداشتی","مکالمه روزمره","","24249756-e701-48c1-92d4-75b5f5661192"
"5629","la calidad","کیفیت","مکالمه روزمره","","8eefb3eb-978d-4e90-a3d7-a5b8cf777043"
"5630","el producto","محصول ، فرآورده","مکالمه روزمره","","85461299-e915-4f35-95ec-40d978b80161"
"5631","el artículo","کالا ، مقاله ، بند قانونی","مکالمه روزمره","","1efbb2ed-1c16-4889-be9d-5e82ac72b3e9"
"5632","la marca","برند ، نشان تجاری ، رکورد","مکالمه روزمره","","c2e9b20a-3da3-4e87-85b8-829385bcea75"
"5633","la oferta","پیشنهاد ، تخفیف ویژه ، عرضه","مکالمه روزمره","","4f2b092d-53d0-4c11-b732-b85666d40868"
"5634","la demanda","تقاضا ، دادخواست قانونی","مکالمه روزمره","","20847d14-55e2-4459-a7a5-83a509f898dd"
"5635","el mercado","بازار","مکالمه روزمره","","692e5e33-ac83-477b-86c2-38a3f653b519"
"5636","el cliente","مشتری (مذکر)","مکالمه روزمره","","c6667d96-1aa2-400e-bc52-39762501a7d1"
"5637","el comprador","خریدار (مذکر)","مکالمه روزمره","","cf91a064-a1f0-4e3e-bc02-ba6bce61809f"
"5638","te toca","نوبت توست","مکالمه روزمره","","94e5ce79-f0ad-4de0-a37d-efa723150588"
"5639","me toca","نوبت من است","مکالمه روزمره","","513705e1-862b-4354-afba-d11d7d2c7f8d"
"5640","la pausa","مکس ، زنگ تفریح ، وقفه","مکالمه روزمره","","afca59ae-018b-4e9b-8e4b-3d8eb4fbdc33"
"5641","se jubilarán","بازنشسته خواهند شد","مکالمه روزمره","","ebc3c8f5-6b91-4722-ae80-957264bcce50"
"5642","mis padres se jubilarán dentro de unos tres años","پدر و مادرم تا حدود سه سال دیگر بازنشسته خواهند شد","مکالمه روزمره","","8b9aef3e-1a9c-4c19-adf5-73d45f1fddb2"
"5643","el compañero","همکار ، هم‌کلاسی ، همراه (مذکر)","مکالمه روزمره","","f1f1a5bd-3f30-4c76-8e7e-86d9a1e31628"
"5644","la meta","هدف ، خط پایان","مکالمه روزمره","","4c7b7505-92ec-4689-843d-e4ccdc57f3cb"
"5645","mañana tengo una cita","فردا یک قرار ملاقات ، ملاقات پزشکی دارم","مکالمه روزمره","","38fdf156-a778-473e-8f87-ec0a9ecec93c"
"5646","el correo","ایمیل ، پست","مکالمه روزمره","","685d75d2-fd5b-4ecc-a4e6-82eb850488fc"
"5647","el contacto","مخاطب ، ارتباط و تماس","مکالمه روزمره","","9dad93b6-af83-4610-a419-50db4863a41f"
"5648","la dirección","آدرس ، مسیر ، مدیریت","مکالمه روزمره","","09eb9e44-7a35-4c84-91cc-6b1ddc6b7707"
"5649","el teléfono","تلفن ، شماره تلفن","مکالمه روزمره","","00b834da-0f66-4cf5-b8e7-dc7f41a27e1e"
"5650","¿Me das tu número de teléfono?","شماره تلفنت را به من می‌دهی؟","مکالمه روزمره","","bed3d7c3-775c-436e-9ec1-777c52d203fe"
"5651","el número","شماره ، عدد","مکالمه روزمره","","beb72dd9-ee4c-495e-a60d-1e7ad3fdff19"
"5652","el nombre","نام ، اسم","مکالمه روزمره","","1a1960fb-4a59-4eb5-b4af-463eefb314d0"
"5653","¿Cómo te llamas?","اسمت چیست؟","مکالمه روزمره","","9fbf2612-6e24-45e3-a1a1-54c9fcaaf908"
"5654","Me llamo","اسم من ... است","مکالمه روزمره","","9970142e-8f24-467d-b70f-2e9fcf2f68e4"
"5655","¿Cuál es tu nombre?","نام تو چیست؟","مکالمه روزمره","","f605cd3d-e884-4871-82f9-ba88ac66f2be"
"5656","A nombre de...","به نامِ...","مکالمه روزمره","","0786040c-d076-49e3-8660-1f2bd3aceb31"
"5657","¿a nombre de quién?","به نام چه کسی؟","مکالمه روزمره","","52138046-9eb8-46d8-b74f-2f79c79bac8b"
"5658","el DNI","کارت شناسایی ملی","مکالمه روزمره","","8fe4c407-b4ea-4fe9-9d3e-b3de5bffec5b"
"5659","la fecha","تاریخ","مکالمه روزمره","","d6988b31-235f-47c1-b1c3-e8d1058f50a5"
"5660","fecha de nacimiento","تاریخ تولد","مکالمه روزمره","","26a63e4e-99a5-4898-882b-1f1eea6259ae"
"5661","guardar las fechas","ذخیره ، حفظ کردن تاریخ‌ها","مکالمه روزمره","","9db9963a-ed67-4ae3-bff3-e5d1fae74d31"
"5662","el lugar","مکان ، جا","مکالمه روزمره","","732af5ee-0fbb-4ab3-bb81-d418b4e27606"
"5663","el lugar de nacimiento","محل تولد","مکالمه روزمره","","46053307-6dde-4b17-b16f-442686e29420"
"5664","la edad","سن ، عصر و دوره","مکالمه روزمره","","7b61b7d4-06d0-45d3-8d0e-5934556fab5b"
"5665","el sexo","جنسیت ، رابطه جنسی","مکالمه روزمره","","745f47f4-71f0-4594-8bb2-69fe649668ee"
"5666","el estado civil","وضعیت تأهل","مکالمه روزمره","","4c665fb7-dfcd-4d97-9af4-314259638d0c"
"5667","la nacionalidad","ملیت","مکالمه روزمره","","d8ff0e0e-9e41-46e6-a004-f1134c5bad59"
"5668","el idioma","زبان (گفتاری)","مکالمه روزمره","","a7c57b4b-0228-4bf8-995c-47499deeb862"
"5669","hablaba español muy bien","او اسپانیایی را بسیار خوب صحبت می‌کرد","مکالمه روزمره","","37474eb0-60ca-4959-8a6d-2994d9e51125"
"5670","en este momento están hablando francés","در حال حاضر آن‌ها دارند فرانسوی صحبت می‌کنند","مکالمه روزمره","","ff900ab6-f570-4c5a-9602-3cce59a37443"
"5671","la ciudad","شهر","مکالمه روزمره","","f13e18af-17b8-4d80-92a1-26406102ce4a"
"5672","el pueblo","روستا ، دهکده ، مردم یا ملت","مکالمه روزمره","","e070b7ec-83da-451d-a1ed-3ad785f8fc7d"
"5673","la avenida","خیابان اصلی ، خیابان عریض","مکالمه روزمره","","af93603b-79d0-4ed2-85ac-1a54d157a105"
"5674","la plaza","میدان ، جایگاه شغلی","مکالمه روزمره","","ba495391-71cc-4505-bfef-da10d505fb01"
"5675","la puerta","درب ، دروازه","مکالمه روزمره","","203f69ff-09df-4c53-bdc4-062448739826"
"5676","el código postal","کد پستی","مکالمه روزمره","","ad3bc20c-6f4f-4ccc-bffb-7ce047f429ab"
"5677","el camino","راه ، مسیر","مکالمه روزمره","","45634889-21ae-46f8-a491-34d960146b6a"
"5678","los caminos","راه‌ها ، مسیرها","مکالمه روزمره","","fe132a65-63fa-4818-9a86-4145651cefdd"
"5679","el bolso","کیف دستی (زنانه)","مکالمه روزمره","","d99266ae-48e4-4eec-a269-8d47d7c77579"
"5680","la mochila","کوله‌پشتی","مکالمه روزمره","","1fe9d1e0-86b9-410c-9f6a-5484c8215a0e"
"5681","el paquete","بسته ، مرسوله پستی","مکالمه روزمره","","4a5e1bfb-9b54-4330-9205-c192274aeec7"
"5682","¿Me puede dar el paquete?","می‌توانید بسته را به من بدهید؟","مکالمه روزمره","","65df74ed-6327-4bea-8ad1-8c5af3a85f37"
"5683","la carta","نامه ، منوی غذا ، کارت بازی","مکالمه روزمره","","a4a04029-5411-4c37-b0d8-aae35296f505"
"5684","la postal","کارت‌پستال","مکالمه روزمره","","e65b99ff-4264-4e13-8429-8f2dc22a0bc3"
"5685","el sello","تمپر پستی ، مهر","مکالمه روزمره","","76cbd2c5-b025-4893-8acc-4ae0c708e954"
"5686","el envio","ارسال ، مرسوله","مکالمه روزمره","","823bfdae-5363-425d-884b-cba3a43da2ee"
"5687","la llegada","ورود ، رسیدن","مکالمه روزمره","","166eecaf-8f94-428d-b93b-c8f9636b3699"
"5688","el retraso","تاخیر ، عقب‌ماندگی","مکالمه روزمره","","9e9c7826-73bb-4479-8412-516d0d95f187"
"5689","la cancelación","لغو ، کنسل شدن","مکالمه روزمره","","66960036-e54a-4bd0-b479-f40fdf8a402b"
"5690","la fila","صف ، ردیف","مکالمه روزمره","","f11b0763-4e1a-436c-bac5-9086ac011ae3"
"5691","la clase","کلاس درس ، نوع و طبقه","مکالمه روزمره","","de6f20e2-45c6-4d59-9d7d-226324114dfd"
"5692","la llave","کلید","مکالمه روزمره","","a627a986-1270-4f71-aa74-ed589642770c"
"5693","la recepción","پذیرش ، میز استقبال","مکالمه روزمره","","ba02e1a1-9b54-436c-aef6-9cf4a9991e3a"
"5694","la cena","شام","مکالمه روزمره","","fd8faf7a-af8e-43ad-8385-18ea87579a5b"
"5695","la copa","جام ، لیوان پایه‌دار ، جام قهرمانی","مکالمه روزمره","","bfeded00-be66-4cd1-bfd2-76101701b799"
"5696","la botella","بطری","مکالمه روزمره","","1377213d-08f9-4b9e-b1dc-ac4a9a1d4c5c"
"5697","el efectivo","پول نقد","مکالمه روزمره","","5744c6bd-eea3-426a-94c2-81632ee4268a"
"5698","el descuento","تخفیف","مکالمه روزمره","","1d8e02f8-3549-4112-b45e-db2c6d4600c2"
"5699","la compra","خرید ، اقلام خریداری شده","مکالمه روزمره","","b3c744e0-3531-414a-97aa-a6d4c7e9a48e"
"5700","la venta","فروش","مکالمه روزمره","","20e66768-ba16-4524-9c83-0999d960468f"
"5701","a la venta","براى فروش","مکالمه روزمره","","a45c9918-941a-432e-a223-b71e639b8c78"
"5702","el regalo","هدیه ، کادو","مکالمه روزمره","","a9e496ea-9177-4593-9724-3c9d82359613"
"5703","Es un regalo.","این یک هدیه است.","مکالمه روزمره","","1946cc0c-a638-4383-9d40-3630d2aa1639"
"5704","la fiesta","مهمانی ، جشن","مکالمه روزمره","","f3592aaa-efd7-4b20-a6c0-82a8fe8afa3e"
"5705","¿quieres venir a la fiesta conmigo?","آیا می‌خواهی همراه من به مهمانی بیایی؟","مکالمه روزمره","","26017e81-10c6-4d41-8ba4-7b42c04ccafb"
"5706","el baile","رقص ، مراسم رقص","مکالمه روزمره","","dd4b4e87-10eb-4db4-b0be-249294f22b17"
"5707","el juego","بازی ، ست و مجموعه","مکالمه روزمره","","132ebfe8-86e8-4a73-809f-897723959566"
"5708","la lectura","خوانش ، مطالعه","مکالمه روزمره","","b265de9a-e787-4ad1-91ac-fc8f712f83a8"
"5709","la escritura","نوشتن ، سند و بنچاق","مکالمه روزمره","","c711197a-dc7a-48e7-b614-585d18c7e661"
"5710","el estudio","مطالعه ، تحصیل ، استودیو","مکالمه روزمره","","1bac6821-5718-4498-8cce-0e58e0236722"
"5711","el día","روز","مکالمه روزمره","","3f24eb8c-fe9a-49e3-ac7c-f92771f294f8"
"5712","la noche","شب","مکالمه روزمره","","b5516ce4-9597-4187-97d1-349659fd3cc7"
"5713","la mañana","صبح","مکالمه روزمره","","92735640-c971-4727-bff7-4c1f0f236f52"
"5714","la tarde","بعدازظهر ، عصر","مکالمه روزمره","","18a44c9e-2eda-4d99-b427-e06138c4b463"
"5715","el año","سال","مکالمه روزمره","","195c9931-93b5-458f-80ed-634af07cc7c3"
"5716","el mes","ماه (تقویمی)","مکالمه روزمره","","675147f4-68e5-4412-bb35-6b1959aac0ce"
"5717","la semana","هفته","مکالمه روزمره","","3f667488-1f17-47e8-b0b0-09eecf4b3019"
"5718","el minuto","دقیقه","مکالمه روزمره","","db582a7f-8d22-458b-9f7a-c2556920a3f0"
"5719","el segundo","ثانیه ، دومین","مکالمه روزمره","","5d526be0-2183-4cbc-9acd-b1a4bf40a002"
"5720","el hoy","امروز (زمان حال)","مکالمه روزمره","","b38de8f3-56a7-4b25-bb64-ad9ea24fb391"
"5721","el mañana","فردا (زمان آینده)","مکالمه روزمره","","c5a2645c-c49a-47ba-8201-2a3d6ffe2b48"
"5722","el ayer","دیروز (زمان گذشته)","مکالمه روزمره","","b2a39c69-8017-40f2-abd4-1acd1ea3fc30"
"5723","no debería contarlo a nadie","نباید آن را به کسی بگوید ، نباید به کسی بگویم","مکالمه روزمره","","2959fa2a-5651-4149-8bd7-35dbe17e881e"
"5724","voy a","قصد دارم ، می‌خواهم","مکالمه روزمره","","2a1d33f6-64e1-4e39-88c8-241e6a1170a7"
"5725","voy a llegar tarde","دیر خواهم رسید ، دیرم می‌شود","مکالمه روزمره","","b81dafe0-4480-4622-929d-145a1555db79"
"5726","voy a mirar","نگاهی خواهم انداخت ، بررسی می‌کنم","مکالمه روزمره","","b71e1fe4-6429-40ec-a05e-54950267405a"
"5727","voy a pensarlo.","درباره‌اش فکر خواهم کرد.","مکالمه روزمره","","8bbf54df-3990-4729-aec1-e0dc1f2e99d7"
"5728","vamos a","قرار است ما ، بیا تا","مکالمه روزمره","","7da0e22a-72af-4b60-8a04-4fe10925ecf3"
"5729","vamos a calentar","بیا گرم کنیم ، می‌خواهیم بدنمان را گرم کنیم","مکالمه روزمره","","d82b9701-8026-4a3e-86ad-86cff89bf088"
"5730","vamos a darle una oportunidad","بیا یک شانس به او ، آن بدهیم","مکالمه روزمره","","24c0bd28-bbab-4cf9-8102-36a58fababa4"
"5731","vamos a ir a Francia en verano","تابستان به فرانسه خواهیم رفت","مکالمه روزمره","","0f3681cd-d2af-4e01-bdd8-bc74625a1ce1"
"5732","vamos a ir al supermercado","می‌خواهیم برویم سوپرمارکت","مکالمه روزمره","","aadba2d4-35b0-4566-8767-d1d179fd99f3"
"5733","vamos a celebrar!","بیا جشن بگیریم!","مکالمه روزمره","","4869b054-55e3-43b0-bc88-40c18d7f3840"
"5734","¡vamos a celebrarlo!","بیا جشنش بگیریم!","مکالمه روزمره","","a3820727-1508-412a-9b05-4988d0e0ad32"
"5735","no voy a poder","نخواهم توانست","مکالمه روزمره","","7d9b695b-52ab-4589-9bd9-334ac9d10448"
"5736","no voy a poder ir","نخواهم توانست بروم","مکالمه روزمره","","98f07c8b-03f0-4c57-aae8-97761d0ad2a7"
"5737","quiero vivir para siempre","می‌خواهم تا ابد زندگی کنم","مکالمه روزمره","","14475357-0214-4655-99ba-3ba5ceb8b351"
"5738","quiere ver el mundo","می‌خواهد جهان را ببیند","مکالمه روزمره","","96745372-e795-4c46-8e35-d8daa36c8f66"
"5739","me gustaría","دوست دارم ، تمایل دارم","مکالمه روزمره","","013bc856-5c63-4ee6-af48-6c9faf5b108a"
"5740","me gustaría …","تمایل دارم که...","مکالمه روزمره","","07a029bc-cefb-40d4-bd8e-2987b0f61a14"
"5741","me gustaría...","دوست دارم که...","مکالمه روزمره","","624c672c-17d6-4374-9e23-0203ea68b622"
"5742","sería ...","خواهد بود... ، می‌بود...","مکالمه روزمره","","ceee69e3-f059-4423-99f7-1c6fa719b549"
"5743","sería...","می‌شد...","مکالمه روزمره","","a5d08358-d859-48b8-a92c-6455ac3bc464"
"5744","será estupendo","فوق‌العاده خواهد بود","مکالمه روزمره","","20b8db7f-23f2-4a03-99f6-1514fc5759c5"
"5745","sería fantástico","عالی می‌شد ، معرکه می‌بود","مکالمه روزمره","","7d187949-d2fa-4ec9-a002-804bcb8c346b"
"5746","solía...","عادت داشتم... ، قبلاً انجام می‌دادم...","مکالمه روزمره","","3aae1114-4343-4ed0-8694-43a8a6616344"
"5747","solíamos tener un negocio, pero ya no","قبلاً کسب‌وکاری داشتیم، اما دیگر نه","مکالمه روزمره","","aa9f3ca8-b8ed-4a57-96ce-0c47e5136b3c"
"5748","solíamos vivir en América, pero nos mudamos","قبلاً در آمریکا زندگی می‌کردیم، اما نقل مکان کردیم","مکالمه روزمره","","07ec14ea-9ee4-4bfa-b95e-aca9ff141ed6"
"5749","solíamos vivir en el extranjero","عادت داشتیم ، قبلاً در خارج از کشور زندگی می‌کردیم","مکالمه روزمره","","81cf236c-2c24-4f52-bc58-b31e7f698e5f"
"5750","habría estado bien","خوب می‌شد ، عالی می‌بود","مکالمه روزمره","","11b72380-ce0f-487b-9183-158e0297120c"
"5751","habría oído","شنیده بود ، می‌شنید","مکالمه روزمره","","f6c485d0-8ec1-4fa5-b014-27d451d1f1a5"
"5752","lo amé","عاشقش بودم ، دوستش داشتم","مکالمه روزمره","","e84a2563-92f8-446b-9dbe-3ab6f2172cd8"
"5753","lo hice","انجامش دادم","مکالمه روزمره","","897d0bbd-efd4-42d5-92c1-5c3eee096928"
"5754","lo hice sin querer","غیرقصدی انجامش دادم ، قصدی نداشتم","مکالمه روزمره","","b48580cd-69c1-49a0-b21f-e10283d4bbb1"
"5755","lo hice yo solo","خودم تنهایی انجامش دادم","مکالمه روزمره","","d6c9723b-98fb-4ba7-9e43-b4c53f21ec70"
"5756","me crié","بزرگ شدم ، رشد یافتم","مکالمه روزمره","","b93b3462-7693-4d70-aa8e-96fc786b20fe"
"5757","vinimos a este país hace muchos años","سال‌ها پیش به این کشور آمدیم","مکالمه روزمره","","6d58fe9e-8cf6-45d2-8f1e-31c40e3ef8b6"
"5758","vivieron en China durante ocho años","به مدت هشت سال در چین زندگی کردند","مکالمه روزمره","","4cbd9f4b-b044-4d8a-8b7f-e805a83e9915"
"5759","lo conociste en el club hace dos semanas","دو هفته پیش او را در باشگاه ، کلوپ ملاقات کردی","مکالمه روزمره","","1058ee26-721e-4ae1-b5fc-113fda10f896"
"5760","¿Cómo se dice...?","چگونه گفته می‌شود...؟ ، چطور می‌گویند...؟","مکالمه روزمره","","25d15bfd-ecb6-41c3-be01-24acd7d591a3"
"5761","¿Cómo se escribe?","چگونه نوشته می‌شود؟ ، املا‌ء آن چیست؟","مکالمه روزمره","","ff1f36c0-42a9-440c-ae24-c48d18684cf2"
"5762","¿Cómo se pronuncia?","چگونه تلفظ می‌شود؟","مکالمه روزمره","","7a4abf7f-56c9-4d1d-b905-8c29884dba2d"
"5763","¿Qué significa esta palabra?","معنی این کلمه چیست؟","مکالمه روزمره","","ed0226e5-4c27-4657-85de-eb404bf04b97"
"5764","¿Qué significa...?","چه معنایی دارد...؟","مکالمه روزمره","","0c61cc9a-ca1a-41c6-af42-9bd91bb844e6"
"5765","¿Qué quiere decir?","منظورش چیست؟ ، چه معنایی دارد؟","مکالمه روزمره","","7f44aac0-a09b-48b7-904c-23c4a130fa77"
"5766","¿Cómo se rellena?","چگونه پر می‌شود (فرم یا برگه)؟","مکالمه روزمره","","1be7352b-0d67-4926-99e3-0db2dceb2933"
"5767","¿Lo puedes traducir?","می‌توانی ترجمه‌اش کنی؟","مکالمه روزمره","","01c0b76f-6180-4793-9fc0-66d594327a65"
"5768","¿Puede traducir?","می‌توانید ترجمه کنید؟","مکالمه روزمره","","038b1216-650f-488d-94e5-3baa5e2df9dd"
"5769","¿Puedes corregirme?","می‌توانی اشتباهم را تصحیح کنی؟","مکالمه روزمره","","b973e472-cb81-40aa-b7a0-bbca855c1f5a"
"5770","¿Puedes deletrear?","می‌توانی هجی ، حرف‌به‌حرف کنی؟","مکالمه روزمره","","6c2d82ec-c772-4151-8dc0-94d62dc84289"
"5771","¿Entiendes?","متوجه می‌شوی؟ ، می‌فهمی؟","مکالمه روزمره","","7d238b07-f939-4986-b1f6-2c71d651a90c"
"5772","¿Me entiendes?","متوجه حرفم می‌شوی؟","مکالمه روزمره","","f9a6557d-ae82-4a4f-b73b-23bae3848cf0"
"5773","¿Me sigues?","داری با من پیش می‌آیی؟ ، متوجه منظورم هستی؟","مکالمه روزمره","","b9c30224-05bb-4eba-a3d7-16c420e0a703"
"5774","No te sigo.","متوجه منظورت نمی‌شوم ، متوجه حرفت نمی‌شوم.","مکالمه روزمره","","0d1dac14-7d24-4046-908e-23b5911c0f1b"
"5775","No entiendo.","متوجه نمی‌شوم ، نمی‌فهمم.","مکالمه روزمره","","35931cae-f303-4d4e-96df-326464a69595"
"5776","No te entiendo.","متوجه حرفت نمی‌شوم.","مکالمه روزمره","","7ffbdb70-59b8-4e52-8d51-298e19abb60b"
"5777","No hablo bien español.","اسپانیایی را خوب صحبت نمی‌کنم.","مکالمه روزمره","","c4b77169-f96a-4df9-8024-c2ce223f9ec2"
"5778","No hablo español","اسپانیایی صحبت نمی‌کنم","مکالمه روزمره","","c7dc302f-5388-473d-95cb-5b1efd1091dc"
"5779","Hablo un poco de español.","کمی اسپانیایی صحبت می‌کنم.","مکالمه روزمره","","b438dd71-f675-48e4-a472-73b0b4cf3061"
"5780","Estoy aprendiendo español.","در حال یادگیری زبان اسپانیایی هستم.","مکالمه روزمره","","077ea2c1-9671-43ad-a920-afc2550bce46"
"5781","¿Hablas inglés?","انگلیسی صحبت می‌کنی؟","مکالمه روزمره","","fdda7eb3-d377-47c9-8609-36483a01d3e0"
"5782","¿Habla inglés?","انگلیسی صحبت می‌کنید؟","مکالمه روزمره","","0c6beed8-6122-456a-8ffc-1cdb302a60e3"
"5783","¡Mira!","نگاه کن!","مکالمه روزمره","","37edd87f-c9e5-49bc-86f2-ec07c13cac55"
"5784","espera un minuto","یک دقیقه صبر کن","مکالمه روزمره","","f375492d-a51c-483a-95bd-72ca4f66f680"
"5785","vamos, date prisa","یالا، عجله کن","مکالمه روزمره","","083b6db1-cdd5-4387-b8a8-5cc995fa93a8"
"5786","date prisa","عجله کن","مکالمه روزمره","","05a98e0f-3251-4876-b32a-962c078b96e6"
"5787","darse prisa","عجله کردن","مکالمه روزمره","","d94c2892-176a-4f6b-a0be-ca998164eeee"
"5788","¡Relájate!","آرام باش! ، ریلکس کن!","مکالمه روزمره","","eab179af-b224-4482-9dbb-cda190d11bc5"
"5789","¡Tranquila!","آرام باش! (خطاب به مؤنث)","مکالمه روزمره","","af330a52-f28d-4201-ad5f-cafd16e0446b"
"5790","!no grites!","داد نزن!","مکالمه روزمره","","ab378bf9-ae12-4ef6-a99e-137d5aa67ca6"
"5791","¡cállate!","خفه شو! ، ساکت شو!","مکالمه روزمره","","934ba314-917f-4621-8158-4c925e6ec928"
"5792","deja de","دست بردار از ، متوقف کن","مکالمه روزمره","","c5244c1c-c206-4313-b5e2-fc551c64c86b"
"5793","deja de mirar el móvil","نگاه کردن به گوشی را بس کن","مکالمه روزمره","","5bcdcde9-70da-42e3-9641-9388c9f73076"
"5794","!Déjalo!","ولش کن!","مکالمه روزمره","","c0211c2f-ba1a-4122-8032-af618a565cbe"
"5795","¡Déjalo ya!","دیگر بس کن ، ولش کن!","مکالمه روزمره","","e89566bf-3a4c-4807-9949-259bd4579e9d"
"5796","!Olvídalo!","فراموشش کن!","مکالمه روزمره","","a06ca3d1-4586-4dc9-b020-2703bd481b6c"
"5797","!supéralo ya!","دیگر ازش بگذر ، کنار بیا باهاش!","مکالمه روزمره","","62e121b2-5baa-4a2e-a8a2-b3e5e206adb7"
"5798","!Tranquilo! / Todo tranquilo.","آرام باش! ، همه‌چیز آرام است.","مکالمه روزمره","","72963ee2-a16c-44c1-aec2-ca904f17350a"
"5799","!No pasa nada!","اتفاقی نیفتاده! ، مهم نیست!","مکالمه روزمره","","bfcced0a-23a2-4252-b831-20e00201ead1"
"5800","No pasa nada.","اشکالی ندارد ، مساله‌ای نیست.","مکالمه روزمره","","8ec038ba-fe14-4f63-af9c-e126fe0f2b47"
"5801","!No importa!","اهمیتی ندارد!","مکالمه روزمره","","3943e0f6-6ee4-4687-9db6-10c124914e50"
"5802","No importa.","مهم نیست.","مکالمه روزمره","","78ea22fd-2f1e-4510-942a-88e68985992b"
"5803","Da igual.","فرقی نمی‌کند ، تفاوتی ندارد.","مکالمه روزمره","","ed2fb5a9-7cb7-450a-8c31-9d41eba762d6"
"5804","¡Da igual!","مهم نیست! ، یکی است!","مکالمه روزمره","","885785c3-0a5c-42b6-bc78-756a75e4fe5b"
"5805","por un día no pasa nada","برای یک روز اتفاقی نمی‌افتد","مکالمه روزمره","","f5dfa45c-2af3-407c-924d-c39f4f753d2d"
"5806","Es tu problema.","مشکل خودت است.","مکالمه روزمره","","d43bd0ea-3bab-4a36-98d9-390a78c76666"
"5807","No es mi problema.","مشکل من نیست.","مکالمه روزمره","","33394fe9-65b9-48e8-9e8b-42914db445ba"
"5808","no es asunto tuyo","به تو ربطی ندارد ، مسئله تو نیست","مکالمه روزمره","","ec666e81-a559-477f-b906-7260aed4de7e"
"5809","no es para tanto","این‌قدرها هم مهم ، بزرگ نیست","مکالمه روزمره","","67807a37-a3a8-4054-b54f-947272ef6f83"
"5810","No ser para tanto.","آن‌قدرها هم تعریفی یا مهم نبودن.","مکالمه روزمره","","d8ceb596-a4f4-48c2-8da2-72e378627a1b"
"5811","es tan injusto","خیلی بی‌انصافی ، بی‌عدالتی است","مکالمه روزمره","","bf0839fe-b76c-4be8-9698-b6248dd9dc72"
"5812","Es tu día.","روز، روزِ توست.","مکالمه روزمره","","7c3f54b6-a362-4de1-8bee-0750f4343f76"
"5813","tu día","روز تو","مکالمه روزمره","","dcada138-1553-4a17-ba12-c3de633beb70"
"5814","¡que más da!","چه فرقی می‌کند!","مکالمه روزمره","","26ae2ab1-9256-4df6-9cb1-26a2219a4dc5"
"5815","!No te rindas!","تسلیم نشو!","مکالمه روزمره","","482d8473-2e22-4a32-8835-bb0ff9271aa1"
"5816","!lo vas a conseguir!","موفق خواهی شد! ، از پسش برمی‌آیی!","مکالمه روزمره","","70e6bb7e-e39f-4192-b415-98311ec48393"
"5817","!ánimo!","روحیه داشته باش! ، قوی باش!","مکالمه روزمره","","9b38bfcd-0c8a-41b7-b3ec-abfac171b56d"
"5818","!Sigue así!","همین‌طور ادامه بده!","مکالمه روزمره","","395c7cb1-6a7b-4115-ab53-1945c3fb1b20"
"5819","!mucha mierda!","موفق باشی! (اصطلاح خرافاتی نمایش‌نامه‌ای برای آرزوی موفقیت)","مکالمه روزمره","","357cf239-5746-433d-b07d-92ec62e45c2a"
"5820","!ponte los cascos!","هدفون ، هدفون بگذار!","مکالمه روزمره","","e1ae0e0f-714a-442b-bece-038fe2ca0c87"
"5821","usar auriculares","استفاده کردن از هندزفری ، هدفون","مکالمه روزمره","","4771e7f9-4f3d-4383-b650-72970b9525d2"
"5822","!quedo a la espera!","منتظر پاسخ می‌مانم!","مکالمه روزمره","","fa6dfad6-d6b6-4ef4-b6ac-0c1e6fc98260"
"5823","Quedo a la espera.","منتظر پاسخ هستم.","مکالمه روزمره","","59ab4189-7c85-4a45-97fc-09c92b0abca6"
"5824","En seguida.","فوراً ، همین الان.","مکالمه روزمره","","c7282c07-6496-44ab-b150-a07d2be6e8b3"
"5825","Ahora te cuento.","الان برایت تعریف می‌کنم.","مکالمه روزمره","","831db124-4061-4d1a-9b16-426f0258e5a8"
"5826","Ahora te digo.","الان بهت می‌گویم.","مکالمه روزمره","","172b7862-9691-416d-8f55-151cb8b71e97"
"5827","Ahí lo tienes.","خدمت شما ، این هم از این.","مکالمه روزمره","","9df3284a-e475-44be-8dc1-0329871d43ef"
"5828","Te aviso.","به تو خبر می‌دهم.","مکالمه روزمره","","9614c77a-22b5-4532-822f-b6dbbad7b46b"
"5829","Te aviso cuando sepa algo.","هر وقت چیزی فهمیدم بهت خبر می‌دهم.","مکالمه روزمره","","df189c24-d94a-4bed-859c-43e53de74154"
"5830","Te cuento luego.","بعداً برایت تعریف می‌کنم.","مکالمه روزمره","","74f8a57d-8131-4025-ab96-5eae83f0fce1"
"5831","Hablamos luego.","بعداً صحبت می‌کنیم.","مکالمه روزمره","","43675d71-9b50-47ed-b8a0-170c7621be9c"
"5832","Hablamos mañana.","فردا صحبت می‌کنیم.","مکالمه روزمره","","8ce8143a-96b9-48e9-971a-862092190070"
"5833","hablamos más tarde","بعداً با هم حرف می‌زنیم","مکالمه روزمره","","6b178afd-dcb3-4818-9021-9fca134bfa31"
"5834","Nos vemos.","می‌بینمت.","مکالمه روزمره","","c7e9f0a1-559f-4f2e-8d14-82543ca51192"
"5835","Nos vemos luego.","بعداً می‌بینمت.","مکالمه روزمره","","d920c7d3-7dc0-4bd3-a0e8-b3447b9a4050"
"5836","¿Nos vemos luego?","بعداً همدیگر را ببینیم؟","مکالمه روزمره","","fd0afdce-d762-4deb-a990-97f7a1ed9700"
"5837","¿Nos vemos?","همدیگر را ببینیم؟","مکالمه روزمره","","d35e0766-e1c9-4605-b88b-8a94b09f4ce6"
"5838","Vuelvo luego.","بعداً برمی‌گردم.","مکالمه روزمره","","a586a24a-8de8-481f-a4a7-2abdac389c10"
"5839","Ya estoy aquí.","دیگر اینجا هستم ، رسیدم.","مکالمه روزمره","","d542b607-8e0a-415e-9339-2a91e64c5bde"
"5840","Estoy aquí.","اینجا هستم.","مکالمه روزمره","","d797f834-2a0e-4070-a36d-5feed1effd33"
"5841","Llego tarde.","دیر رسیده‌ام ، دیرم شده.","مکالمه روزمره","","e00240e4-4baa-4470-bc77-8b635a51846c"
"5842","Voy con retraso.","تاخیر دارم ، تاخیر کرده‌ام.","مکالمه روزمره","","d698cc2c-5c7b-4f7b-b4da-fb533a09af44"
"5843","con retraso","با تاخیر","مکالمه روزمره","","ee2ed780-4082-4c84-811c-af1f1b425a17"
"5844","viene con retraso","با تاخیر می‌آید","مکالمه روزمره","","f13eac78-5695-46e0-9fe3-9c8fefab111a"
"5845","va con retraso","تاخیر دارد پیش می‌رود","مکالمه روزمره","","79ec4970-178d-4ade-a497-b06e1cf25239"
"5846","siempre llega tarde","همیشه دیر می‌رسد","مکالمه روزمره","","fcb89a01-1b04-4218-bc2d-ed97d5d95d75"
"5847","Llegar a tiempo / a tiempo","به موقع رسیدن ، به موقع","مکالمه روزمره","","69dbf0f4-77a6-4307-9257-30c691aa3080"
"5848","Justo a tiempo.","دقیقاً به موقع.","مکالمه روزمره","","a2bac18e-8fc3-4fc5-a579-7ed0adc9ad3a"
"5849","suele ser puntual","معمولاً وقت‌شناس ، آن‌آن است","مکالمه روزمره","","f5b62a87-dcd2-4975-80a3-d93ce3ed930d"
"5850","Ya casi llego.","تقریباً رسیده‌ام.","مکالمه روزمره","","a4ad42e4-489e-4652-adbc-674232007da3"
"5851","Estoy llegando.","دارم می‌رسم.","مکالمه روزمره","","1e5380c7-c871-49bd-bf36-ffdc2213cef0"
"5852","estoy de camino","در راهم","مکالمه روزمره","","e31180fc-ced7-43fe-8f24-2abef052195e"
"5853","Estoy en camino.","در راه هستم.","مکالمه روزمره","","9462ca7e-2ee7-49b7-9cba-9859e10eec69"
"5854","están llegando a Madrid ahora mismo","همین الان دارند به مادرید می‌رسند","مکالمه روزمره","","a1389fed-5bf6-45a1-9996-cd7c0c51c8e2"
"5855","me quedé sin","تمام کردم ، بدونِ ... ماندم","مکالمه روزمره","","37070dba-a271-4fb7-b09a-0848c45699f0"
"5856","se me acabó","تمام شد برایم","مکالمه روزمره","","7f445ded-4407-4c96-a26e-dd85fa95c60b"
"5857","se me olvidó","یادم رفت","مکالمه روزمره","","b1140e2f-cdeb-4041-a226-04c803fe4188"
"5858","Se me ha olvidado.","فراموش کرده‌ام.","مکالمه روزمره","","44af62b4-250c-4117-aa5a-c951ec98f9f7"
"5859","no me di cuenta","متوجه نشدم ، حواسم نبود","مکالمه روزمره","","8e22e9f9-788d-4cf9-93f7-6eae5705ffa7"
"5860","no me he enterado","مطلع نشدم ، خبردار نشدم","مکالمه روزمره","","50bffe3d-af5d-4241-a39a-9c0ca30e8859"
"5861","¿lo has hecho adrede?","عمداً انجامش دادی؟","مکالمه روزمره","","17da29c1-c08c-4cbb-85fd-d674beac5ce0"
"5862","por diversión","برای سرگرمی و تفریح","مکالمه روزمره","","6abb78b3-579b-49ec-804b-4c3f8db594fb"
"5863","por cierto","راستی ، ضمناً","مکالمه روزمره","","db3ff71b-1ad4-430e-a048-02441df0ccb8"
"5864","de hecho","در واقع ، اتفاقاً","مکالمه روزمره","","68fc714b-a8e1-4beb-8776-bbbf46223a5d"
"5865","de todas formas","به هر حال ، در هر صورت","مکالمه روزمره","","0b5cea63-b237-4dcc-80ca-c399802d8ba9"
"5866","de todas maneras","به هر ترتیب","مکالمه روزمره","","3ae6a29c-e505-48a1-9cbf-c4ccd4e51aee"
"5867","sin embargo","با این حال ، اما","مکالمه روزمره","","81a6d3d6-a9ca-4e7a-902c-431c4ab17179"
"5868","de repente","ناگهان ، به یک‌باره","مکالمه روزمره","","6c215729-e49a-4002-9690-c10217d1ade7"
"5869","así que","بنابراین ، در نتیجه","مکالمه روزمره","","898e0794-9ed9-4e8a-bf95-134f893e243d"
"5870","así que ...","بنابراین...","مکالمه روزمره","","1f3a7f13-23a5-433d-bb52-b61237784aad"
"5871","así que...","پس در نتیجه...","مکالمه روزمره","","c1e84ee2-12ad-49a0-8308-7d5704e09c28"
"5872","O sea...","یعنی...","مکالمه روزمره","","6bc9aa34-7387-4a46-8525-1f79246bc9b5"
"5873","en cuanto","به محض اینکه ، همین‌که","مکالمه روزمره","","a77c5f0a-2630-4946-a767-97d9872dcd7b"
"5874","En cuanto pueda, te escribo.","به محض اینکه بتوانم، برایت پیام می‌فرستم ، می‌نویسم.","مکالمه روزمره","","8d01b6b3-4334-4a31-b2f1-67617c3d570f"
"5875","en cuanto termines, avísame","به محض اینکه تمام کردی، به من خبر بده","مکالمه روزمره","","91b9bdf7-99a1-4862-ba4f-be1290452a3b"
"5876","otra vez","دوباره ، یک بار دیگر","مکالمه روزمره","","c004087a-045e-498d-bad0-56240713ec06"
"5877","Otra vez será.","دفعه بعدی خواهد بود ، ان‌شاءالله دفعه بعد.","مکالمه روزمره","","f0c2afe6-e6a9-42c3-9148-69b81a3e4583"
"5878","otro (otra)","دیگری ، یک تای دیگر (مذکر ، مؤنث)","مکالمه روزمره","","bd4c81d0-7d74-455f-8f1d-50a3bcd415c6"
"5879","por lo menos","دست‌کم ، حداقل","مکالمه روزمره","","0164c83f-737a-4029-851b-8724d660dbee"
"5880","al menos","حداقل","مکالمه روزمره","","4eddceed-17c8-4cba-8d30-bcfeb269e45b"
"5881","un poco","کمی ، یک ذره","مکالمه روزمره","","0319bd2b-8974-4320-953b-cd9b3ac037db"
"5882","Un poco más","کمی بیشتر","مکالمه روزمره","","b627155d-a130-4d38-a722-7c227e307670"
"5883","Más o menos.","کم و بیش ، کمابیش.","مکالمه روزمره","","0a4c5140-6a87-4da9-ba4d-ff188b4aa255"
"5884","un montón","یک عالمه ، بسیار زیاد","مکالمه روزمره","","da1406c7-67d6-407e-8b75-93ae8586668c"
"5885","un pedazo","یک تکه ، یک قطعه","مکالمه روزمره","","ccd6d042-0e08-4fef-ad4e-b186df9a577d"
"5886","un trozo","یک برش ، تکه","مکالمه روزمره","","f2b8b050-37cd-4023-b8e8-4cf9bf3a0fe0"
"5887","una pizca de","یک مقداری از ، یک پنس از","مکالمه روزمره","","925fd487-e6d8-473f-957f-be925e38be8d"
"5888","Casi nunca...","تقریباً هیچ‌وقت...","مکالمه روزمره","","5b969f12-5415-4e4e-b761-ae636e0322ad"
"5889","Casi siempre...","تقریباً همیشه...","مکالمه روزمره","","eb03c1ac-f631-4c96-9c5b-00ac2aee9bb5"
"5890","Rara vez...","به ندرت...","مکالمه روزمره","","cf3cacf0-ee60-4857-9b62-530e113d7436"
"5891","a veces","گاهی اوقات ، بعضی وقت‌ها","مکالمه روزمره","","0ae6f0d2-0429-4212-bec1-4005195f209e"
"5892","a menudo","اغلب ، بارها","مکالمه روزمره","","686850f7-db1f-4ff0-a58b-0c152ba46603"
"5893","cada día","هر روز","مکالمه روزمره","","1a3a8e5b-f5db-476f-81f7-f4fc8460c6f1"
"5894","Cada día...","هر روز...","مکالمه روزمره","","692ba61f-f42b-4e73-8927-85deb63b9761"
"5895","todos los días","همه روزها ، هر روز","مکالمه روزمره","","da775584-9606-434c-99e5-3173f3d5d536"
"5896","una vez a la semana","هفته‌ای یک بار","مکالمه روزمره","","61ec6d11-099c-4bd6-8c33-7d035ececab5"
"5897","una vez al mes","ماهی یک بار","مکالمه روزمره","","5b75ff62-cfed-4926-82c2-a131eef831db"
"5898","después de","بعد از ، پس از","مکالمه روزمره","","346eaf5f-4317-418f-88b8-36319c2ca95c"
"5899","antes de","قبل از ، پیش از","مکالمه روزمره","","3d3c4424-4528-43e6-8920-6689a096facb"
"5900","debajo de","زیرِ ، پایینِ","مکالمه روزمره","","4119885b-020f-428c-a1b8-285454f78cce"
"5901","detrás de","پشتِ ، در عقبِ","مکالمه روزمره","","074a1cc6-b58a-41fe-8b87-c7d5a330f789"
"5902","junto a","کنارِ ، در مجاورتِ","مکالمه روزمره","","1638df0f-2bf0-40c3-aed1-d7e553c650cb"
"5903","en el medio","در وسط ، در میان","مکالمه روزمره","","5e4c5f05-8b5c-4238-9b03-ecb33133f080"
"5904","por delante","از جلو ، در پیش رو","مکالمه روزمره","","94f2bbba-fc86-4fc1-acd2-a15cd2ea9b91"
"5905","de atrás","از پشت ، از عقب","مکالمه روزمره","","5ac7224d-e084-450c-92ba-704bd47aa9f3"
"5906","al norte","به سمت شمال ، در شمال","مکالمه روزمره","","bdf2e848-ec4e-4481-b3fd-16adf48a5b55"
"5907","al sur","به سمت جنوب ، در جنوب","مکالمه روزمره","","d08fb03d-3e6d-461f-95ef-8130454bbad4"
"5908","al este","به سمت شرق ، در شرق","مکالمه روزمره","","a1b75e62-c237-4687-af13-d803f66419ab"
"5909","al oeste","به سمت غرب ، در غرب","مکالمه روزمره","","4eb4df04-debd-42b4-bcec-551609b5e7a4"
"5910","todo está bajo control","همه چیز تحت کنترل است","مکالمه روزمره","","13bef816-4c1f-4d77-844c-ef616a23ae58"
"5911","todo está cerrado","همه چیز تعطیل ، بسته است","مکالمه روزمره","","abbbd9dc-aa19-492b-a06a-58d21a9d8b23"
"5912","se hace lo que se puede","هر کاری از دست برآید انجام می‌شود","مکالمه روزمره","","5293afdd-a86d-447c-85c5-5bb50bb0da8c"
"5913","Se hace lo que se puede.","هر چقدر بشود تلاش می‌کنیم.","مکالمه روزمره","","4ea0ef07-ae85-4799-9196-400b90ec4710"
"5914","es lo mejor","بهترین چیز است","مکالمه روزمره","","f7853cfa-dc08-4bbc-877b-2add4d09c615"
"5915","Es lo mejor.","این بهترین است.","مکالمه روزمره","","6264a559-d608-4616-94d8-cf35b1284686"
"5916","Es lo peor.","این بدترین است.","مکالمه روزمره","","bf35e4bf-8872-43e1-9846-a1afe534ea00"
"5917","Es mejor.","بهتر است.","مکالمه روزمره","","3670388f-beb2-4bf6-b91b-b013647b6689"
"5918","Es peor.","بدتر است.","مکالمه روزمره","","8b8f4754-d84d-4d52-9225-7dc551f5ce6f"
"5919","fue mejor","بهتر بود","مکالمه روزمره","","ce4d9acd-ce89-41a2-b9be-15ee288b8590"
"5920","ganó porque fue mejor","برنده شد چون بهتر بود","مکالمه روزمره","","322e08a8-3bb3-4f13-ab43-459e0c30b945"
"5921","tan...como","به همان اندازه... که","مکالمه روزمره","","36740a4f-2e2b-4c74-9fb9-3de28f1957c2"
"5922","tanto...como","هم... و هم","مکالمه روزمره","","fb36d8b6-5ff3-4db2-998a-f55c2053b06b"
"5923","tanto ... como","هم ... هم ...","مکالمه روزمره","","58cd2095-5eb2-4c2c-8306-fda45f13c45d"
"5924","tanto que","آن‌قدر که","مکالمه روزمره","","8da28290-9402-472e-990c-4b0e8913b0b5"
"5925","menos … que","کمتر از...","مکالمه روزمره","","bc619c35-fc5c-46a2-9b35-8c5ff2623b8f"
"5926","lo anterior","مورد قبلی ، قبلی","مکالمه روزمره","","f5bac8cc-6e6e-4743-a910-aeb0c194e7f9"
"5927","lo último","آخرین چیز ، جدیدترین خبر","مکالمه روزمره","","d1add4d2-1126-4b72-9f8d-ed9cf8e7bebd"
"5928","lo mejor","بهترین قسمت ، بهترین چیز","مکالمه روزمره","","916e0ec0-2ed9-4f3b-8a0b-22fef999cd02"
"5929","lo pasado, pasado está","گذشته‌ها گذشته است","مکالمه روزمره","","5f91e197-8c8f-42cd-9f7a-67664df980c0"
"5930","lo que sea","هر چه باشد ، هر چیزی","مکالمه روزمره","","d83b1c10-0338-4215-aa93-1055f402f455"
"5931","de todos","از همه ، مربوط به همه","مکالمه روزمره","","4b469e72-20c0-4fa4-a80a-bb63a232c418"
"5932","nosotras dos","ما دو نفر (مؤنث)","مکالمه روزمره","","07e95c19-d47b-4684-8533-4b4322cf3500"
"5933","todo el mundo","همه مردم ، هر کسی","مکالمه روزمره","","ea470f10-bda1-434d-9658-6ff28b9a40e3"
"5934","todos nosotros","همه ما","مکالمه روزمره","","a8d6b0ea-f325-4bb0-b63b-6e00e715a67e"
"5935","a nadie","به هیچ‌کس","مکالمه روزمره","","599729f0-d051-407b-8b37-bbcd4fd8ffc9"
"5936","no conozco a nadie","هیچ‌کس را نمی‌شناسم","مکالمه روزمره","","2c616cc3-9015-4acd-ac3a-7c9f82fe009a"
"5937","a la gente","به مردم","مکالمه روزمره","","29bd10e3-f7bc-4c1f-bd58-4f45d9c8a848"
"5938","la gente","مردم ، افراد","مکالمه روزمره","","48d229e7-4a24-478f-8fc8-2f5193e39560"
"5939","la gente me mira raro","مردم عجیب به من نگاه می‌کنند","مکالمه روزمره","","172107e1-89b2-43c5-9145-e929461746c5"
"5940","la gente quiere la paz","مردم خواهان صلح هستند","مکالمه روزمره","","39f40ff9-f78d-49f0-95a1-363ca7e049fe"
"5941","la paz","صلح ، آرامش","مکالمه روزمره","","17d24461-6748-480c-84e8-53173a6391fb"
"5942","el mundo","جهان ، دنیا","مکالمه روزمره","","623be8ff-703f-4ed3-896a-b3d5cdc829fa"
"5943","el hecho","واقعیت ، حقیقت انجام‌شده","مکالمه روزمره","","126505a0-59fd-41a2-95ea-c326762484c3"
"5944","el asunto","موضوع ، مسئله","مکالمه روزمره","","757d1a63-7a9a-4f29-aab3-bfc43fde2239"
"5945","este asunto","این موضوع ، این مسئله","مکالمه روزمره","","8aa0dfbd-55a8-4a0d-ae66-b06a4a376192"
"5946","el concepto","مفهوم ، ایده‌ی کلی","مکالمه روزمره","","94975e6a-b6a0-492a-af29-57d93bd6270c"
"5947","el resumen","چکیده ، خلاصه","مکالمه روزمره","","a09dcc6a-cf7f-4924-860a-d70eb7022871"
"5948","un resumen","یک خلاصه ، یک چکیده","مکالمه روزمره","","59d3bb68-4d7e-44fd-94a3-d59835ff60aa"
"5949","el proceso","روند ، فرآیند","مکالمه روزمره","","e496f24f-b164-48fd-b1e2-3eefcdef74e6"
"5950","el detalle","جزئیات","مکالمه روزمره","","3458e8d1-c028-46cb-acfe-a5351fa226c0"
"5951","al detalle","با تمام جزئیات","مکالمه روزمره","","5ff4bc69-ed33-4b2c-bbf5-06af38a26a6f"
"5952","el resultado","نتیجه","مکالمه روزمره","","83120e47-d1c7-47e6-82ef-420e6db49766"
"5953","los resultados","نتایج","مکالمه روزمره","","a29a18e3-0d84-4893-9991-9c84380b12eb"
"5954","resultados obtenidos","نتایج به دست آمده","مکالمه روزمره","","ded71ec0-aa50-4709-a8ac-27e4b895aa58"
"5955","el impacto","تاثیر ، ضربه","مکالمه روزمره","","05ef290c-4e1b-4d18-8e64-d2ffe787f5da"
"5956","el esfuerzo","تلاش ، کوشش","مکالمه روزمره","","87733927-32ae-4b33-9f7d-e3704afce012"
"5957","el progreso","پیشرفت ، توسعه","مکالمه روزمره","","2c1578d9-32de-4c09-b051-a78af062f01a"
"5958","el desarrollo","توسعه ، رشد","مکالمه روزمره","","1e067555-a5ea-4783-b640-985ed427cce5"
"5959","el objetivo","هدف ، مقصد","مکالمه روزمره","","2d564272-39a4-4018-89b4-99e056a45627"
"5960","mi objetivo es estar en forma","هدف من روی فرم بودن (خوش‌تیپ بودن) است","مکالمه روزمره","","479872ea-2f20-4559-9ade-6d9a46fe5c48"
"5961","el propósito","منظور ، مقصود ، هدف","مکالمه روزمره","","98b1a90a-3a4b-4a95-9ad2-e5ee8b005715"
"5962","no hay un propósito claro","هدف مشخصی وجود ندارد","مکالمه روزمره","","88be5d6a-5919-4296-ae49-a273140b771a"
"5963","el cambio","تغییر ، باقی پول","مکالمه روزمره","","44a3ed22-189c-45b8-96cb-72abc92813fd"
"5964","la opción","گزینه ، حق انتخاب","مکالمه روزمره","","64be57a6-e736-49a0-ba87-99609c592ec9"
"5965","otra opción","گزینه دیگر","مکالمه روزمره","","39bfb34a-7301-415f-9d3d-1517e5414576"
"5966","otra manera","روش ، راه دیگر","مکالمه روزمره","","8c0c580c-a092-4800-a07b-217ab55726e7"
"5967","otra persona","شخص دیگر","مکالمه روزمره","","7895d5fc-c64d-46e2-96cd-bdd0d3d257d6"
"5968","el problema","مشکل ، مسئله","مکالمه روزمره","","74592f88-c9e8-4d79-92c9-302cc73519c7"
"5969","estamos en un buen lío","در دردسر و هیاهوی بزرگی افتاده‌ایم","مکالمه روزمره","","6820bfdf-0c06-41ff-ba53-a52905db49dd"
"5970","el lío","دردسر ، شلوغی و آشفتگی","مکالمه روزمره","","eeeb6fb6-f3a2-4ef3-b54d-bed665edf06f"
"5971","el desastre","فاجعه ، افتضاح","مکالمه روزمره","","e22f360d-0501-45f2-b4d6-f66c93588681"
"5972","el riesgo","ریسک ، خطر","مکالمه روزمره","","bdff7451-ffbd-41cd-ac5e-ed1cdb07c78f"
"5973","el riesgo de ...","خطرِ...","مکالمه روزمره","","4aa77826-d1fa-4160-a6a3-796da526f3bf"
"5974","el riesgo de...","ریسکِ...","مکالمه روزمره","","75c79396-c6e0-435c-8709-e5d3fcb1cadf"
"5975","el peligro","خطر","مکالمه روزمره","","66c45e67-340c-410f-a7ff-fe5b458622c9"
"5976","la solución","راه‌حل","مکالمه روزمره","","130d3ed2-8ed4-455b-8fa1-78e2213dae24"
"5977","la ventaja","مزیت ، نقطه قوت","مکالمه روزمره","","03d4fef7-0de5-429c-97ca-9f768cfd8043"
"5978","la desventaja","عیب ، نقطه ضعف","مکالمه روزمره","","bf9aa05a-23b8-4035-8e0b-08540ea992df"
"5979","todo tiene sus ventajas","هر چیزی مزایای خودش را دارد","مکالمه روزمره","","ee68e9bc-555d-4a27-8c82-05690a89c806"
"5980","la diferencia entre ...","تفاوت بین...","مکالمه روزمره","","0960cb6a-d54d-41e4-b50d-64ac4cb667aa"
"5981","la diferencia entre...","تفاوت میان...","مکالمه روزمره","","3877447a-923a-4d57-bc9d-10ce992f8d57"
"5982","la importancia","اهمیت","مکالمه روزمره","","22e68e84-4301-4489-8f36-a5f921034dcd"
"5983","es importante","مهم است","مکالمه روزمره","","92917f9c-f71b-4ec5-8a95-d581a467924f"
"5984","es hora","وقتش است ، زمانش رسیده","مکالمه روزمره","","526dd700-a2b1-461a-bdc8-103e98eb009b"
"5985","es momento","زمان مناسبی است","مکالمه روزمره","","ee553c53-bd92-4238-a35f-4ed0cd17d1c7"
"5986","la oportunidad","فرصت ، شانس","مکالمه روزمره","","167c5b2f-5906-4e95-a297-5d2b03326439"
"5987","la situación","موقعیت ، شرایط","مکالمه روزمره","","e33e12c0-827d-4821-b1d8-97b80a7538a5"
"5988","la paciencia es la madre de la ciencia","صبر، مادر علم است / گر صبر کنی ز غوره حلوا سازی","اصطلاح","معمولاً اشاره به صبر دارد
یک ضرب‌المثل معروف اسپانیایی است که اهمیت شکیبایی و تداوم را در دستیابی به دانش و موفقیت نشان می‌دهد.","b97ef1c2-0505-48d4-b07e-b04e1378f08f"
"5989","freno","ترمز","حمل و نقل","","329f3e77-1b22-4e3d-b5f9-04484c9ee16b"
"5990","embrague","کلاچ","حمل و نقل","","b56bac35-588a-4ba2-a379-31ce1800280d"
"5991","Volante","فرمان","حمل و نقل","۱۳.","70444edd-efb3-4252-9e74-728b3baf4207"
"5992","palanca de cambios","دنده","حمل و نقل","","6e09dc0c-0d35-4e0a-9e02-230964d04a06"
"5993","Freno de mano","ترمز دستی","حمل و نقل","۲۰.","8d6f1bab-1254-4cd8-a6ac-580b34119546"
"5994","motor","موتور","حمل و نقل","","9486d9b1-3012-49fc-8efd-296d1807c471"
"5995","Neumático","لاستیک","حمل و نقل","۱۰۹.","0c50843f-5653-4522-b395-262d987530cf"
"5996","llanta","رینگ چرخ","حمل و نقل","","aa34428d-8e8b-4770-984e-b33ff6a3a7d3"
"5997","capó","کاپوت","حمل و نقل","","fca131fa-b26e-4f69-9db4-1035bc548fc5"
"5998","techo","سقف ماشین","حمل و نقل","","26af05b3-13af-4ae9-963f-056b573d3ad0"
"5999","carrocería","بدنه‌ی ماشین","حمل و نقل","","0d35c2eb-6e9f-4d8d-962b-7f44f3e67cb9"
"6000","radiador","رادیاتور","حمل و نقل","","64f4336e-7266-419e-b747-54c63bbceedc"
"6001","silenciador","اگزوز (قسمت خاموش‌کننده‌ی صدا)","حمل و نقل","","c18941f4-f3c2-40ec-8863-b32c855a3100"
"6002","bujía","شمع موتور","حمل و نقل","","2aa4b701-9dac-413a-afc8-e160965dc49e"
"6003","carburador","کاربراتور","حمل و نقل","","cd1e1417-c411-46aa-9100-cf8d7130cab8"
"6004","alternador","دینام","حمل و نقل","","22759fd8-0d63-40e9-bdec-57632e657853"
"6005","amortiguador","کمک‌فنر","حمل و نقل","","04b48832-6a83-4841-a0c4-71e42cc3004f"
"6006","suspensión","سیستم تعلیق","حمل و نقل","","71549762-0fe4-4d13-a6b8-36f8d2bd10d6"
"6007","dirección asistida","فرمان هیدرولیک","حمل و نقل","","055af918-d12a-48ab-9d94-aa4b03d1b7a2"
"6008","Caja de cambios","جعبه‌دنده","حمل و نقل","۱۷.","3f793819-5465-4193-a207-1fbfcdc4f185"
"6009","diferencial","دیفرانسیل","حمل و نقل","","15b437c0-bba9-434b-a4b3-f09b4c492de8"
"6010","eje","محور","حمل و نقل","","528cfea7-e798-43f6-a38b-8129d82b69f6"
"6011","transmisión","سیستم انتقال قدرت","حمل و نقل","","34a17ef6-3c66-4233-9e35-06c7657f4208"
"6012","pistón","پیستون","حمل و نقل","","a7125478-0601-4038-809a-6d7f59ddf577"
"6013","cigüeñal","میل‌لنگ","حمل و نقل","","b48518c2-50cd-46c9-80a4-7831ffb95f45"
"6014","válvula","سوپاپ","حمل و نقل","","fb112b4e-be34-4587-bd79-103bb6765f10"
"6015","termostato","ترموستات","حمل و نقل","","b85e258b-ae0a-4932-a48b-b8ff28b84b31"
"6016","bomba de agua","پمپ آب","حمل و نقل","","cb450821-9731-419c-9e37-0b13c1203ddd"
"6017","correa de distribución","تسمه تایم","حمل و نقل","","2db8f852-9ac5-4793-b3ab-acfc38bb507f"
"6018","Líquido de frenos","روغن ترمز","حمل و نقل","۷۳.","6bf4956e-fd46-4752-95d0-3c4a93ca19d0"
"6019","Aceite del motor","روغن موتور","حمل و نقل","۵۴.","007605db-2f9d-4bff-bd5f-5d3925b1d094"
"6020","refrigerante","مایع خنک‌کننده","حمل و نقل","","2f30896a-3b7a-47fb-8aea-25e04100dcd9"
"6021","parabrisas","شیشه‌ی جلو","حمل و نقل","","386a2073-90fc-4b1b-a375-e8dd901e5e4b"
"6022","limpiaparabrisas","برف‌پاک‌کن","حمل و نقل","","fba863f1-4464-4a69-a18d-16d4bde63338"
"6023","Retrovisor","آینه‌ی بغل ، آینه‌ی عقب","حمل و نقل","۲۶.
۴۸.","99ea5f6f-6026-4516-995f-341c2a0c0f91"
"6024","Espejo retrovisor interior","آینه‌ی داخل ماشین","حمل و نقل","۲۶.","a60c6440-90d3-442a-bd91-4bba3cb4b51f"
"6025","asiento","صندلی","حمل و نقل","","3b148346-6c3b-46fc-8b86-0e79918ca628"
"6026","Cinturón de seguridad","کمربند ایمنی","حمل و نقل","۲۹.","d3bdd1e3-a975-42c6-be2b-e5e039acf911"
"6027","airbag","کیسه‌ی هوا","حمل و نقل","","c7538ff2-8a6a-4f46-9dda-06a4a22496c4"
"6028","maletero","صندوق عقب","حمل و نقل","","b80ffd92-0608-4136-b3ae-59cfaae4ad20"
"6029","parachoques","سپر","حمل و نقل","","d6cfe6f0-8339-4360-bf86-c20621c62293"
"6030","matrícula","پلاک","حمل و نقل","","19674278-5e6b-4f7f-a2ef-663b9245b122"
"6031","chasis","شاسی","حمل و نقل","","f6820e86-9085-4d9f-bd14-e35e4b53b06e"
"6032","tubo de escape","لوله‌ی اگزوز","حمل و نقل","","f81229d7-c04a-40ba-bbda-3580f5dc29c7"
"6033","filtro de aceite","فیلتر روغن","حمل و نقل","","b8a7fa9c-5dad-4fcd-b6fb-1272d4650202"
"6034","faro","چراغ جلو","حمل و نقل","","aa467397-48cb-4246-9091-38283a49df0b"
"6035","Intermitente","چراغ راهنما","حمل و نقل","۲۱.
۲۸.
۲۸.
۲۸.
۵۰.","a7499724-2193-4a0d-a397-193d34b13a9e"
"6036","luz de freno","چراغ ترمز","حمل و نقل","","03a4a85e-b842-416f-a614-fa31d9b37667"
"6037","luz de marcha atrás","چراغ دنده‌عقب","حمل و نقل","","270e9a37-bb4a-482d-99d0-323ef027535b"
"6038","luz antiniebla","چراغ مه‌شکن","حمل و نقل","","174f8c3d-8324-4423-9856-d722de73920a"
"6039","luz de posición","چراغ پارک","حمل و نقل","","d0f35afb-e06d-4f3a-8a48-09a7017880f6"
"6040","intermitente de emergencia","چراغ چهارراهنما","حمل و نقل","","8ceea0de-b5ff-4a31-96a0-cb753add9a6e"
"6041","gato","جک ماشین ، گربه","حمل و نقل","","375e4188-cb75-4279-89e1-9fae127a887d"
"6042","llave de rueda","آچار چرخ","حمل و نقل","","dfaec1f9-5394-4147-85a2-bfa7ebd41205"
"6043","rueda de repuesto","لاستیک زاپاس","حمل و نقل","","04a10320-28f7-4646-9811-18eb3009ebe7"
"6044","extintor","کپسول آتش‌نشانی","حمل و نقل","","35416b7d-90a4-4e3e-aaa0-de5435387e2f"
"6045","triángulo de emergencia","مثلث اضطراری","حمل و نقل","","cc5df2fc-d0b6-4536-82e7-7972eb887252"
"6046","Chaleco reflectante","جلیقه‌ی شب‌نما","حمل و نقل","۶۸.
۱۷.","f4ed1231-59d5-4a02-9bae-bc0ae1cf685e"
"6047","Permiso de conducir","گواهینامه‌ی رانندگی","حمل و نقل","۲.
۶۸.","e1452900-64cb-489c-a4fe-8845bb28c339"
"6048","Permiso de circulación","کارت ماشین (مدرک تردد) ، کارت ماشین","حمل و نقل","۹۲.","b3073a1d-22ef-434e-972e-ec1bc23ad87a"
"6049","licencia de conducir","گواهینامه‌ی رانندگی","حمل و نقل","","137316ec-c1cd-4a84-b6ab-151fe567b30a"
"6050","seguro obligatorio","بیمه‌ی اجباری","حمل و نقل","","f25bd959-333a-492d-aa65-9d49a06706dd"
"6051","impuesto de circulación","مالیات تردد خودرو","حمل و نقل","","43d9dc42-3b2d-4f21-9483-3639561a0281"
"6052","exceso de velocidad","تخلف سرعت‌غیرمجاز","حمل و نقل","","4aeacfdc-15cd-497a-bb90-2065abe2e9b4"
"6053","sanción","تنبیه، مجازات","حمل و نقل","","9cb1b71b-07a5-4635-87ae-61e7b7f4c352"
"6054","retirada del carné","ضبط گواهینامه","حمل و نقل","","0c4194ca-79c9-4391-9569-55f2fb917592"
"6055","Pérdida de puntos","از دست دادن امتیاز (گواهینامه) ، از دست دادن امتیاز","حمل و نقل","۶۹.","b4162dd9-b0fd-44d3-ba5c-c4286a850bda"
"6056","carné por puntos","گواهینامه‌ی امتیازی","حمل و نقل","","a206f7aa-4f2f-42cf-a371-a0094822d1d7"
"6057","Infracción","تخلف","حمل و نقل","۷۱.","d8072b2f-93f5-4f37-872a-6c784a071c69"
"6058","infracción grave","تخلف شدید","حمل و نقل","","f28f5353-14aa-4ee9-a989-8a74706952e7"
"6059","infracción leve","تخلف جزئی","حمل و نقل","","b596875f-90cd-4821-b2fa-193c3bf31bbf"
"6060","alcohol","الکل","حمل و نقل","","835c941b-6327-40f5-9e16-96702fa87bef"
"6061","tasa de alcohol","میزان الکل خون","حمل و نقل","","d6aee1b6-adc2-4bf9-b45e-7bafb51512ea"
"6062","droga","مواد مخدر","حمل و نقل","","db18f831-2a98-4c01-bc10-3a86af9890e7"
"6063","control de alcoholemia","کنترل الکل‌سنجی","حمل و نقل","","c520c42e-d648-44e3-bf2e-71d3b835a492"
"6064","Prioridad de paso","حق تقدم عبور","حمل و نقل","۴۵.
۳۰.
۳۰.
۳۰.
۵۸.","60a3692e-7a36-4d46-81e2-33ca10945a62"
"6065","preferencia","حق تقدم","حمل و نقل","","2a546450-8847-432f-9fb0-26a231e85a30"
"6066","Ceder el paso","حق تقدم دادن","حمل و نقل","۹.","1d54dc06-f01d-4c3d-952a-85cbf1b79d5a"
"6067","Stop","ایست","حمل و نقل","۴۲.","935c0b24-4b00-4225-8fce-1f72638f9629"
"6068","señal de stop","تابلوی ایست","حمل و نقل","","28a29156-0261-4d87-993a-867b8195c6a4"
"6069","Semáforo","چراغ راهنما (تقاطع) ، چراغ راهنما","حمل و نقل","۴۳.
۹۴.
۹۴.
۶۵.","43059365-ca2a-4f2c-bcb7-9533de8bd6f8"
"6070","luz roja","چراغ قرمز","حمل و نقل","","5a53c73b-f1b2-4103-9e4c-4bbcad5b14eb"
"6071","luz amarilla","چراغ زرد","حمل و نقل","","45e96bf6-fc85-41cf-bec7-c81e068b509a"
"6072","luz verde","چراغ سبز","حمل و نقل","","f6b1f8e6-8fd7-495a-9e61-cec605e546e5"
"6073","Paso de peatones","گذرگاه عابر پیاده","حمل و نقل","۳۸.
۸۰.
۸۰.","1c20c49b-4dd2-490f-9122-b3bba2867175"
"6074","paso a nivel","گذرگاه راه‌آهن","حمل و نقل","","18e14dd9-3279-4eaa-be07-ee3757688cdf"
"6075","Glorieta","میدان (دوار) ، میدان دوار","حمل و نقل","۳۹.
۸۱.
۸۱.","6700091c-a098-4729-887a-0baffda0f007"
"6076","Carril","خط (جاده) ، خط","حمل و نقل","جاده
۷۳.
جاده
۲.","a8ef82e8-7c57-4fe4-91ec-84e8f2a3f9a3"
"6077","Carril de aceleración","خط شتاب‌گیری","حمل و نقل","۵۳.
۴۲.
۴۱.
۴۱.
۶.","7c8e0a26-b294-471f-9d90-858d4b0b5108"
"6078","Carril de deceleración","خط کاهش سرعت","حمل و نقل","۵۴.
۴۳.
۴۲.
۴۲.
۷.","e56ca44e-141d-4e7a-978a-dd1940223d7b"
"6079","carril bus","خط ویژه‌ی اتوبوس","حمل و نقل","","601eaec3-95a4-44e4-b8b2-8620ef41b325"
"6080","carril VAO","خط ویژه‌ی خودروهای پرسرنشین","حمل و نقل","","15f88d52-c758-406c-af79-e77e92a302a7"
"6081","Arcén","شانه‌ی جاده","حمل و نقل","۶۰.
۵۷.","5b925824-547c-415c-a0cd-40be5b280d2c"
"6082","Acera","پیاده‌رو","حمل و نقل","۶۱.
۳۹.
۳۸.
۳۸.","bb64a63e-534e-47da-9b95-57df5cbd52f5"
"6083","Calzada","سواره‌رو","حمل و نقل","۵۹.
۲۲.
۲۲.
۲۲.
۴۰.","ed38798a-d9ce-49e0-b125-a72336e9f994"
"6084","vía","مسیر، راه","حمل و نقل","","bc3ffb8a-af00-40a3-b809-639535a2e07b"
"6085","carretera convencional","جاده‌ی معمولی","حمل و نقل","","ec499165-fe2b-4cff-b7b4-3f851f9b9cbe"
"6086","Travesía","عبور از داخل شهر (در جاده) ، عبور از داخل شهر","حمل و نقل","در جاده
۹.
در جاده
۵۸.","997ad9ad-43fa-4ad2-a51f-6a0365a65008"
"6087","Estacionamiento","پارکینگ","حمل و نقل","۳۵.
۳۶.
۳۵.
۳۵.","370bc7a3-59a0-4f85-8d2a-18364cb4b2cd"
"6088","Parada","توقف کوتاه","حمل و نقل","۱۵.
۳۶.","69f3d1fd-dbc9-4d67-ba5f-55a6716f6e85"
"6089","Detención","توقف","حمل و نقل","۳۷.","e12eb78c-5542-4eae-a622-64fc7008c005"
"6090","aparcamiento","پارک کردن، پارکینگ","حمل و نقل","","7639d01e-a3f4-4bac-b540-ba9c015a2fec"
"6091","zona azul","منطقه‌ی پارک پولی (آبی)","حمل و نقل","","eb0269f2-0dda-4e5b-892e-2d3b9f7a88ac"
"6092","zona de carga y descarga","منطقه‌ی بارگیری و تخلیه","حمل و نقل","","ab4de437-91df-4da5-a6be-98798f2d0dfe"
"6093","Adelantamiento","سبقت گرفتن","حمل و نقل","۴۷.
۵.
۵.
۵.
۱۳.","9ad2e34a-eaea-4798-b818-16572d62b39a"
"6094","cambio de dirección","تغییر مسیر","حمل و نقل","","848e5e14-50b3-46b2-822d-1b873a85f53d"
"6095","Cambio de sentido","دور زدن","حمل و نقل","۴۸.
۶۶.","9b3f97c1-a930-4e88-8f9f-826e080099b2"
"6096","Maniobra","مانور","حمل و نقل","۸۱.","a2418b9d-fa21-46c7-aaf3-1860263fc261"
"6097","Señalización","علائم راهنمایی ، علامت‌گذاری ، نشانه‌دهی","حمل و نقل","۲۷.
۴۹.","9f3c69f2-4663-4a7c-84a9-e10b93db16a0"
"6098","Luz de emergencia","چراغ اضطراری","حمل و نقل","۷۳.","2976646e-e710-43e6-a07e-444f1d1436ed"
"6099","casco","کلاه ایمنی","حمل و نقل","","937e5b2f-e261-4c9a-a08e-8ba0e4aa5e8e"
"6100","sillita infantil","صندلی کودک","حمل و نقل","","707783ee-daef-455f-9c4d-ec16fe47009a"
"6101","ABS","سیستم ترمز ضدقفل","حمل و نقل","","6146a49e-0dbc-4051-881e-49e06df988c4"
"6102","ESP","سیستم کنترل پایداری","حمل و نقل","","f1416aca-90ba-4327-9adc-5000e292d4d8"
"6103","control de crucero","کروز کنترل","حمل و نقل","","21ca29a4-089a-467b-b0e2-b8a50a3a4da0"
"6104","Distancia de seguridad","فاصله‌ی ایمنی","حمل و نقل","۴۶.
۷۷.","6545fc8a-5e36-46a0-a96b-417d5fbcb01b"
"6105","distancia de frenado","فاصله‌ی ترمزگیری","حمل و نقل","","c97613ed-b610-4405-ad0a-1ad221d158d6"
"6106","distancia de detención","فاصله‌ی توقف کامل","حمل و نقل","","e572a605-f2ff-455d-a92d-0db8d3115c93"
"6107","aquaplaning","سر خوردن روی آب (لغزش ماشین) ، سر خوردن روی آب","حمل و نقل","","6cd93809-b73a-49d6-99c4-f1d8b53aa67b"
"6108","reventón","پنچری ناگهانی","حمل و نقل","","d408146d-9e02-40d2-8204-ed4776b1f069"
"6109","avería","خرابی فنی","حمل و نقل","","1dabccf8-48de-4110-847c-df0174371b5b"
"6110","grúa","جرثقیل (یدک‌کش)","حمل و نقل","","9434b1c0-4aca-4a09-864f-42189254a992"
"6111","remolque","تریلر، یدک‌کش ، یدک‌کش، تریلر ، یدک‌کش ، تریلر","حمل و نقل","۲.
۸۰.","9edc7a2e-67eb-4358-9061-10c9741b8711"
"6112","señal de peligro","تابلوی خطر","حمل و نقل","","cf2f8ec2-08a5-404b-8655-ce433f5fb181"
"6113","señal de prohibición","تابلوی ممنوعیت","حمل و نقل","","a48f92ed-cdf4-4cf4-a8e6-a29c85e7479c"
"6114","señal de obligación","تابلوی الزام","حمل و نقل","","ea5d65d1-55b7-42b6-b7cc-0e3a746bf39b"
"6115","señal de indicación","تابلوی اطلاعاتی","حمل و نقل","","a1df3cd8-e1df-42c6-b11e-e4d1c4360b46"
"6116","señal de prioridad","تابلوی حق تقدم","حمل و نقل","","c8b8d2f1-1cab-4e52-a886-904454151f9b"
"6117","señal de restricción","تابلوی محدودیت","حمل و نقل","","d49f6848-0abe-4b67-ab33-ed23110a71dc"
"6118","detención obligatoria","توقف اجباری","حمل و نقل","","6b9e72f5-0834-4e4a-808e-b0ae5d7b8007"
"6119","entrada prohibida","ورود ممنوع","حمل و نقل","","1a3d22b0-9b0c-4df8-ae1d-0ebc4f5dac75"
"6120","dirección prohibida","مسیر ممنوع","حمل و نقل","","5440d76b-5f7e-4e1e-b2ee-c7094ee7acdf"
"6121","prohibido el paso","عبور ممنوع","حمل و نقل","","a0ab3803-ee5d-41ef-9689-24907df6337a"
"6122","prohibido adelantar","سبقت ممنوع","حمل و نقل","","eed3308f-5350-415d-aa24-94ae5d7390ca"
"6123","prohibido estacionar","توقف ممنوع","حمل و نقل","","62429b60-9050-4782-a14a-dd3de59fb1d7"
"6124","prohibido girar a la derecha","گردش به راست ممنوع","حمل و نقل","","2bd8fabf-4364-475b-9a89-47f23e723491"
"6125","prohibido girar a la izquierda","گردش به چپ ممنوع","حمل و نقل","","e9c50bac-d941-4953-bc28-6cf65cfc10df"
"6126","prohibido cambiar de sentido","دور زدن ممنوع","حمل و نقل","","731bc62c-aea3-4d4d-af56-80cd1efc53bb"
"6127","fin de prohibición","پایان ممنوعیت","حمل و نقل","","62d64fe1-8cdc-409f-bf8f-236bc2d77b1d"
"6128","paso de animales","گذرگاه حیوانات","حمل و نقل","","7f0778b0-cbfb-459e-a4cf-f43930910744"
"6129","cruce de caminos","تقاطع راه‌ها","حمل و نقل","","3ec3d010-f526-4ce0-8104-9e404c5df2ec"
"6130","curva peligrosa","پیچ خطرناک","حمل و نقل","","d6121348-0e57-473c-8408-ed1eb113701d"
"6131","badén","دست‌انداز","حمل و نقل","","29a6792a-7b5d-492f-99de-af301aa38a0e"
"6132","resalto","برآمدگی جاده","حمل و نقل","","4854076d-95eb-4774-9407-4724dae68701"
"6133","estrechamiento","باریک شدن جاده","حمل و نقل","","937e4a51-cfa9-4504-855b-08f07585bd06"
"6134","pavimento deslizante","سطح لغزنده","حمل و نقل","","34c7c112-a234-4b2f-96b3-3fbc8443c21f"
"6135","desprendimiento","ریزش (سنگ و...)","حمل و نقل","","9346be2a-bed2-44d3-99ce-f18acd487d2f"
"6136","viento transversal","باد جانبی","حمل و نقل","","79a66fa1-4777-461f-987f-35d2074e60f5"
"6137","niebla","مه","حمل و نقل","","a686afc9-5298-492c-be17-44ed240cb5ae"
"6138","lluvia","باران","حمل و نقل","","fa88db4a-d2ff-4076-bd75-5f77936fb80d"
"6139","nieve","برف","حمل و نقل","","ee71db96-af9a-4e30-ad8e-cf97e26d3183"
"6140","hielo","یخ","حمل و نقل","","5ecf0a1c-72f9-491a-bab3-c83cb94f0799"
"6141","semáforo en rojo","چراغ قرمز","حمل و نقل","","2453eafd-7a6c-485d-9f7a-fdebc9272a6d"
"6142","semáforo en amarillo","چراغ زرد","حمل و نقل","","0b3d6bd0-2f4d-4132-b1c6-d92bd7284842"
"6143","semáforo en verde","چراغ سبز","حمل و نقل","","742b75f6-41a2-4f76-8a4b-9a1d011469b5"
"6144","semáforo intermitente","چراغ چشمک‌زن","حمل و نقل","","bc54196e-5933-417a-b4f8-dbd50897ccf6"
"6145","señal de giro","علامت گردش","حمل و نقل","","81b79c3f-102f-4844-8d2a-1e79b6e18337"
"6146","marca vial","خط‌کشی جاده","حمل و نقل","","334c025d-c4b3-4a5d-8937-b24b1c4a1241"
"6147","Línea continua","خط ممتد","حمل و نقل","۲۱.
۲۳.","b4f656c6-cc0b-4e74-98cc-77f3be6a12e3"
"6148","línea de stop","خط ایست","حمل و نقل","","4195f54d-b577-4881-b290-1ab4ca080efd"
"6149","paso de cebra","خط‌کشی عابر پیاده","حمل و نقل","","b48dfa46-3e89-46e5-b9a3-acbe29663503"
"6150","Carril bici","مسیر دوچرخه","حمل و نقل","۷۵.","7b77c396-01ce-4245-90e3-228e35b5476e"
"6151","Zona peatonal","منطقه‌ی پیاده‌رو","حمل و نقل","۷۹.","5fd01952-cef5-49f1-bf8e-fcfb8f9958f5"
"6152","zona escolar","منطقه‌ی مدرسه","حمل و نقل","","75b9e35c-7ba9-4dcc-959d-b5ae16f950d6"
"6153","zona de obras","منطقه‌ی عملیات عمرانی","حمل و نقل","","40bc3b52-6515-4077-9a2b-19ec01995e95"
"6154","balizamiento","علامت‌گذاری","حمل و نقل","","277fd6e6-f56c-4f77-9578-6b7d3ae66f42"
"6155","cono","مخروط ترافیکی","حمل و نقل","","4e7bb836-8115-4aee-bd14-8ca4bef67da1"
"6156","valla","نرده، مانع","حمل و نقل","","d7359e27-76ff-4066-bbe9-2a73f5369ec9"
"6157","bandera roja","پرچم قرمز","حمل و نقل","","f46131cb-bd99-4587-9235-80237a4cc2c6"
"6158","bandera verde","پرچم سبز","حمل و نقل","","fe147d6f-7621-40cd-b5bf-0eb52a4ea14a"
"6159","agente de tráfico","مأمور راهنمایی و رانندگی","حمل و نقل","","86bfce19-1e47-4281-8015-3b8aa6e96437"
"6160","policía local","پلیس محلی","حمل و نقل","","6f2aa5c7-6153-4877-8267-13d839abfb69"
"6161","guardia civil de tráfico","پلیس راه (اسپانیا)","حمل و نقل","","151554d9-c236-4f56-9a24-4e4245aba6cc"
"6162","señal luminosa","علامت نوری","حمل و نقل","","1af1a536-8a41-4689-8a40-a0b744af69f9"
"6163","señal acústica","علامت صوتی","حمل و نقل","","4ed191b1-c95e-47b9-b0f6-b3648baa2609"
"6164","silbato","سوت","حمل و نقل","","f1fd3787-4924-4b0e-bcc9-851ec7c1123a"
"6165","Accidente","تصادف","حمل و نقل","۳۳.","dcaff97d-8f5c-45a1-8a32-5814d1b6b88a"
"6166","choque","برخورد","حمل و نقل","","7f2d7596-286d-4845-85a5-c552cc0ea092"
"6167","alcance","تصادف از پشت","حمل و نقل","","a97329dd-14f5-4c29-ba15-d4350a7abf43"
"6168","embestida","برخورد شدید","حمل و نقل","","761bf040-1a59-4eaf-8970-587098e53ee5"
"6169","atropello","زیر گرفتن (عابر)","حمل و نقل","","1622137b-c667-4d03-9861-62e7d201d1c2"
"6170","vuelco","واژگونی","حمل و نقل","","a58afaba-4dda-4127-85ee-e13feaee99fd"
"6171","salida de vía","خروج از جاده","حمل و نقل","","8ad8a81a-99c1-455d-965c-6c84e8c66486"
"6172","derrape","سر خوردن (لغزش)","حمل و نقل","","427bed55-fac7-45d2-b745-da3c2b7ed778"
"6173","patinazo","لغزش چرخ","حمل و نقل","","92f7e63d-f623-4c98-b281-9e21b68c3130"
"6174","frenazo","ترمز ناگهانی","حمل و نقل","","fe123a5e-75be-494b-a34b-dd6f594a9dd3"
"6175","asistencia en carretera","کمک در جاده (امداد خودرو)","حمل و نقل","","f45901d3-78d0-4fdd-93b7-ac6253be9756"
"6176","seguro a todo riesgo","بیمه‌ی کامل","حمل و نقل","","19a82f59-e510-48f1-9a4a-30aa5405102a"
"6177","seguro a terceros","بیمه‌ی شخص ثالث","حمل و نقل","","8552d501-c8f9-48f0-9333-21a13adad034"
"6178","víctima","قربانی","حمل و نقل","","a62287ae-705c-4d00-9f46-a8db86ee0668"
"6179","herido","مجروح","حمل و نقل","","76190e70-41d6-4678-bd13-1eb7fc2ced95"
"6180","fallecido","فوت‌شده","حمل و نقل","","05a147e2-556a-4cb4-b406-35d012b84b42"
"6181","ileso","سالم (بدون آسیب)","حمل و نقل","","a9757193-d70a-42de-a71b-2ea2c46bbdb7"
"6182","ambulancia","آمبولانس","حمل و نقل","","2634d3c1-5acd-4c37-b137-a97f735495f0"
"6183","primeros auxilios","کمک‌های اولیه","حمل و نقل","","caf01001-a780-4277-b1c3-ff579dd40961"
"6184","botiquín","جعبه‌ی کمک‌های اولیه","حمل و نقل","","88bd8420-a589-4504-9373-297a9480c396"
"6185","reanimación","احیای قلبی","حمل و نقل","","95738cfd-9403-4f4a-bf76-1cf1cdaf7ab1"
"6186","torniquete","تورنیکت (بند بستن خون‌ریزی)","حمل و نقل","","62439e75-b6e4-4a71-8fd7-274b222ea50c"
"6187","camilla","برانکارد","حمل و نقل","","98b194ed-761d-4c64-880b-dcaeca97bb5c"
"6188","collarín","گردن‌بند طبی","حمل و نقل","","3f524b7b-b5cc-410e-9ab5-a87baa80ee37"
"6189","férula","آتل","حمل و نقل","","169431c7-bd49-4191-846b-afa36cbcf1f6"
"6190","desfibrilador","دستگاه شوک قلبی","حمل و نقل","","05899b93-4076-4771-a002-f0a015e79c66"
"6191","manta térmica","پتوی حرارتی","حمل و نقل","","faad5767-49b1-48f2-959b-fa999c89e6d8"
"6192","linterna","چراغ‌قوه","حمل و نقل","","2dbd2f19-1f52-4ef2-b3da-83b6945f8b31"
"6193","cuerda","طناب","حمل و نقل","","496f12c2-170a-431d-b591-dd5766b14232"
"6194","guante","دستکش","حمل و نقل","","a159fcdd-463b-46a4-a940-5fdfd6f641f3"
"6195","mascarilla","ماسک","حمل و نقل","","d7de17ec-e037-4c83-8689-030509dfe65d"
"6196","apoyabrazos","دسته‌ی صندلی","حمل و نقل","","8181b9df-9342-4597-9db1-a273e930181a"
"6197","sistema de retención infantil","سیستم نگه‌دارنده‌ی کودک","حمل و نقل","","403f5408-52e2-4541-b7c1-955c22848f6a"
"6198","asistente de frenada","دستیار ترمز","حمل و نقل","","3f815660-0816-4040-84a0-7c27eb2afe00"
"6199","aviso de colisión","هشدار برخورد","حمل و نقل","","7473895b-01e2-4895-b4a6-b16a61935f1a"
"6200","aviso de ángulo muerto","هشدار نقطه‌ی کور","حمل و نقل","","5df644b3-0e26-4d6b-8b84-c5aba8f6b778"
"6201","detector de peatones","آشکارساز عابر پیاده","حمل و نقل","","a8f749d9-9d38-405d-b402-5ae074dcb5df"
"6202","cámara de marcha atrás","دوربین دنده‌عقب","حمل و نقل","","f8b10a42-9649-4e3e-94d9-18ac98f2ae52"
"6203","sensor de aparcamiento","سنسور پارک","حمل و نقل","","73e3867e-d99a-4531-8e3e-f3ec96b49f15"
"6204","navegador GPS","جی‌پی‌اس","حمل و نقل","","240c716e-ab62-4841-8cbc-a4a36a5dc6a9"
"6205","manos libres","هندزفری","حمل و نقل","","a8f46e4d-8406-44a4-a78c-17cd666ed98f"
"6206","cargador","شارژر","حمل و نقل","","c86f958d-d1b2-465f-8e0f-05ca45fbcf18"
"6207","conductor","راننده","حمل و نقل","","458f743c-f6bf-4d4c-a3b4-4989bf2e0c02"
"6208","Peatón","عابر پیاده","حمل و نقل","۳۸.
۳۷.
۳۷.
۲۷.","f66d96e1-4a90-4043-8158-9eb064cb5794"
"6209","pasajero","مسافر","حمل و نقل","","9e982dbe-20af-4c6f-b521-1b2ae4be6b92"
"6210","viajero","مسافر","حمل و نقل","","908f1d2c-83b1-4527-8aef-03dbd578fa8c"
"6211","titular","دارنده","حمل و نقل","","dfd84822-0db8-45e2-9635-da3f4d650b8f"
"6212","propietario","مالک","حمل و نقل","","1f1a51c7-ff65-4c57-874d-64b527d201e0"
"6213","usuario","کاربر","حمل و نقل","","1228dff1-3fe1-4738-a537-6177323a1614"
"6214","autoridad","مقام رسمی","حمل و نقل","","0f097a4d-6f14-489a-b570-b46a5894842e"
"6215","controlador","کنترل‌کننده","حمل و نقل","","dcc7d545-7549-479f-bae9-f71f476ba07f"
"6216","Examinador","ممتحن","حمل و نقل","۵.","716a99f3-eeff-48e2-ab5d-05e8045eb8c2"
"6217","instructor","مربی","حمل و نقل","","8a422eed-7037-4b72-80d7-99602297cc0f"
"6218","Autoescuela","آموزشگاه رانندگی","حمل و نقل","۳.","350c4684-03bd-4238-80f9-fb9ba569bf08"
"6219","Examen teórico","آزمون تئوری","حمل و نقل","۸.","2159d162-965c-4f29-a694-d9481a297715"
"6220","Examen práctico","آزمون عملی","حمل و نقل","۹.","68aec384-8a03-4508-a4c2-8b0d65d41ed4"
"6221","test","آزمون، تست","حمل و نقل","","1eaae47b-c057-40e5-b8d6-b1f076091d0e"
"6222","pregunta","سؤال","حمل و نقل","","c73c9cad-6ec6-43e6-8606-24b01c0c088e"
"6223","respuesta","جواب","حمل و نقل","","4dc0cfe8-c789-4105-9754-e5cebf0dfbca"
"6224","aprobado","قبول","حمل و نقل","","e4ac2946-2831-409e-8375-7f4b21f00cfd"
"6225","suspenso","مردود","حمل و نقل","","7190ab34-fb3d-4b1e-af18-5a7353226d34"
"6226","punto","امتیاز","حمل و نقل","","4ac4d331-098a-4df5-9ca7-0e3da3e1bee1"
"6227","saldo de puntos","موجودی امتیاز","حمل و نقل","","df0f365d-19ba-4d4d-b765-fa9f4772bf27"
"6228","denuncia","شکایت","حمل و نقل","","954171ed-eff5-4d45-984c-e2e415060668"
"6229","parte de accidente","گزارش تصادف","حمل و نقل","","7c070719-5c90-4b52-9eb7-c9d687c789e8"
"6230","atestado","صورت‌جلسه‌ی پلیس","حمل و نقل","","d6c3902a-7364-437c-be19-39a04adce6d6"
"6231","declaración","اظهاریه","حمل و نقل","","e5513477-d139-40f0-b63c-84cf405a1d65"
"6232","seguro","بیمه","حمل و نقل","","8720da79-9648-4ac2-97d9-9577fd59a626"
"6233","póliza","بیمه‌نامه","حمل و نقل","","ee8e12d0-446d-437f-966e-58dfb355bb75"
"6234","siniestro","خسارت","حمل و نقل","","ed6badb4-772a-4a6f-bbbb-503f5308bc88"
"6235","indemnización","غرامت","حمل و نقل","","17e11a4d-53dd-4783-841a-e6c2c34a8a97"
"6236","peritaje","کارشناسی","حمل و نقل","","fb04a2e6-e281-420d-88cb-9c4704d7844f"
"6237","taller","تعمیرگاه","حمل و نقل","","0ae0322b-748d-41f1-b838-af2050c1d13f"
"6238","mecánico","مکانیک","حمل و نقل","","acb7fd5f-f63d-4fa3-b549-953053abcac0"
"6239","ayuntamiento","شهرداری","حمل و نقل","","c9e62e4b-7b17-4ee3-9e23-2cac76bef6e9"
"6240","DGT","اداره‌ی کل راهنمایی و رانندگی (اسپانیا) ، اداره‌ی کل راهنمایی و رانندگی","حمل و نقل","اسپانیا
۱۱.","43c42118-2845-4802-92c2-33cd9ef6d873"
"6241","Dirección General de Tráfico","اداره‌ی کل ترافیک","حمل و نقل","","dc8e9e7c-5780-43e3-8e3c-0ba93b95b2f4"
"6242","Jefatura Provincial de Tráfico","اداره‌ی استانی ترافیک","حمل و نقل","۹۰.","6b66c580-3544-4bb9-b035-38b3c394d3a0"
"6243","recurso","تجدیدنظرخواهی","حمل و نقل","","844525c2-771c-4035-919a-9da0df72395b"
"6244","alegación","دفاعیه","حمل و نقل","","2e56ee9b-136b-4b9c-afe8-e3216fa657ca"
"6245","plazo","مهلت","حمل و نقل","","312547c9-fe62-4a10-b0a6-0ba6897d934c"
"6246","notificación","اخطاریه","حمل و نقل","","4a20f0ae-9d9e-4b4d-a043-2602700efcc8"
"6247","resolución","رأی، تصمیم","حمل و نقل","","1c132591-4724-4973-8093-6b68bad3876d"
"6248","sentencia","حکم دادگاه","حمل و نقل","","9ff9347a-e570-462c-b2ef-0a3b4b915c5d"
"6249","juzgado","دادگاه","حمل و نقل","","e9c16e31-1997-4045-a0dc-83167019441b"
"6250","juez","قاضی","حمل و نقل","","4c4c04a9-a973-4bb8-91cc-f0db98e48e03"
"6251","abogado","وکیل","حمل و نقل","","9a8730c2-0d14-4dca-a644-7b928666cbc6"
"6252","وکیل دادگستری (نماینده�judicial) perito","کارشناس","حمل و نقل","","755aed40-add3-43a3-8bac-fdaff0ab6610"
"6253","testigo","شاهد","حمل و نقل","","ffda03bd-19af-4986-9c24-44703f267fc8"
"6254","informe","گزارش","حمل و نقل","","7a4c2cc7-c837-451e-9085-0fea168612f1"
"6255","dictamen","نظر کارشناسی","حمل و نقل","","ea5e8c86-8611-43ea-8033-64cc4db1d1cc"
"6256","evidencia","مدرک","حمل و نقل","","fd4f0167-b9e3-4b6e-ba71-1733aff83c7a"
"6257","rastro","رد، اثر","حمل و نقل","","29c12ccc-11ab-4026-be1f-77c8d4500568"
"6258","huella","ردپا","حمل و نقل","","f0e036d3-a507-4eeb-bf12-fb730c010b3c"
"6259","frenado","ترمزگیری","حمل و نقل","","5b8eec86-2cf4-47a2-bcbc-a0fb98c0da92"
"6260","huida","فرار","حمل و نقل","","9f31653d-6d28-4eaa-91aa-6c58b51fab80"
"6261","delito","جرم","حمل و نقل","","c64babba-7e3f-495d-88ae-71172bfe87fe"
"6262","falta","تخلف جزئی (حقوقی) ، کمبود ، نبود ، خطا ، غیبت","حمل و نقل","","ae0f35de-4bfe-4a6f-81e3-571cdb49fb36"
"6263","condena","محکومیت","حمل و نقل","","9e27c8fc-e97f-4ae7-ac57-dd73840666d8"
"6264","absolución","تبرئه","حمل و نقل","","7f498aa1-b2b3-42e6-9d7f-fc42ea0f7ebc"
"6265","prisión","زندان","حمل و نقل","","759f5508-38bb-41d6-8621-3f907f7cd29c"
"6266","inhabilitación","محرومیت از حق (مثلاً رانندگی)","حمل و نقل","","c52a8fed-9c20-4c27-aaa4-69d336312c97"
"6267","señal de emergencia","علامت اضطراری","حمل و نقل","","4b2cafff-a2b1-4eb3-a396-cbbc4d7bf782"
"6268","urbano","شهری","حمل و نقل","","58ae50a9-c2e5-4626-b614-8dd1d36733fc"
"6269","ceda","حق تقدم بده ، راه را واگذار کن","حمل و نقل","","e12ff5cd-713e-4e5f-a9a4-3439c1c5e65d"
"6270","señal de tráfico","علامت راهنمایی‌ورانندگی","حمل و نقل","","448a4c3e-a2bf-4d91-acae-3f2a82e702c6"
"6271","señal de advertencia","تابلوی هشدار","حمل و نقل","","1357301d-c963-4356-90d6-eeac0b91aa19"
"6272","Preferencia de paso","حق تقدم عبور (مترادف) ، حق تقدم عبور","حمل و نقل","مترادف
۷۹.
مترادف
۵۹.","b669d3c6-995f-43cd-af8d-f55e60660b32"
"6273","carretera","جاده","حمل و نقل","","64978212-1c3a-423f-b7b3-46ee97bcb93f"
"6274","Vía urbana","راه درون‌شهری","حمل و نقل","۵۷.","dfa4103a-f664-428b-9fc5-5eb54cf943ee"
"6275","vía interurbana","راه برون‌شهری","حمل و نقل","","c75501cb-5746-4c40-a9cc-3e2d966c006e"
"6276","Intersección","تقاطع","حمل و نقل","مترادف
۶۴.","9dd63cbd-00cc-46d1-b576-7775c9f5bfa6"
"6277","Cruce","تقاطع، چهارراه ، تقاطع","حمل و نقل","۶۳.","0cecb4cf-93e7-4ff7-9f7c-f7fdad4ab728"
"6278","Curva","پیچ","حمل و نقل","۳۳.","e0c06e3f-748d-44d6-9999-b03acdb89dc5"
"6279","recta","مسیر مستقیم","حمل و نقل","","d361569c-4a71-45a3-97c7-c6bdd87cda0b"
"6280","pendiente","شیب","حمل و نقل","","38a09eb2-8170-4aa9-85fc-07c39f4c0efa"
"6281","cambio de rasante","تغییر شیب جاده","حمل و نقل","","569108ef-766e-4e6f-98af-4d82f540d857"
"6282","semáforo en ámbar","چراغ زرد","حمل و نقل","","8a2a4486-7567-48f3-a9f9-93bca975bee8"
"6283","luz intermitente","چراغ چشمک‌زن","حمل و نقل","","7d7edfc4-8f04-4c29-a196-55ee3757e086"
"6284","luz de cruce","نور پایین (چراغ)","حمل و نقل","","765bcfda-7cde-4416-8ec3-1d3d3be2e9b3"
"6285","luz de carretera","نور بالا (چراغ)","حمل و نقل","","99a83028-611d-4faa-8738-202f68c03212"
"6286","Luces de emergencia","چراغ‌های اضطراری","حمل و نقل","۲۵.","4ca08e74-17f7-400d-8f38-6617c1e0dedf"
"6287","freno de servicio","ترمز اصلی","حمل و نقل","","9c2a6961-6fcb-49b2-ba6b-43a3469808ff"
"6288","cambio de marchas","تعویض دنده","حمل و نقل","","ff5da3d8-aa32-46ef-84e7-98c7cdef6964"
"6289","Marcha atrás","دنده‌عقب","حمل و نقل","۱۹.","757d7aac-e80b-4274-a555-40279e7e4bdb"
"6290","primera marcha","دنده‌ی یک","حمل و نقل","","09d3f9b4-e3c5-44a3-a5ca-f01dad558b09"
"6291","segunda marcha","دنده‌ی دو","حمل و نقل","","9128e944-154e-469d-8c42-bf85d075975d"
"6292","tercera marcha","دنده‌ی سه","حمل و نقل","","daed3993-e64c-4ddb-8fac-6da90751911c"
"6293","cuarta marcha","دنده‌ی چهار","حمل و نقل","","877a351a-420e-43d8-8d8a-fd697d59eebc"
"6294","quinta marcha","دنده‌ی پنج","حمل و نقل","","097a921a-ffd1-4cb9-95ae-da96343e5536"
"6295","Punto muerto","دنده‌خلاص","حمل و نقل","۱۸.","d2d94273-5e58-401d-9c3e-e36dd15e1ae3"
"6296","presión de los neumáticos","فشار باد لاستیک","حمل و نقل","","60a5482a-2138-4384-9798-2c889c753562"
"6297","desgaste","فرسودگی","حمل و نقل","","7ca8f72f-4f5f-437f-b0be-b1621677508a"
"6298","adherencia","چسبندگی (لاستیک به جاده)","حمل و نقل","","0036b2b7-b3d0-4bed-893a-d3a94b55a5d2"
"6299","distancia de reacción","فاصله‌ی زمان واکنش","حمل و نقل","","fe463dd7-50a0-4d54-a83f-940a674090b3"
"6300","tiempo de reacción","زمان واکنش","حمل و نقل","","9252161c-eba6-4399-af29-04b987600e54"
"6301","velocidad","سرعت","حمل و نقل","","d4337933-ce11-49da-806e-904617587292"
"6302","velocidad adecuada","سرعت مناسب","حمل و نقل","","eead3471-8463-42bc-99cd-2d2baac9aef2"
"6303","velocidad excesiva","سرعت بیش‌ازحد","حمل و نقل","","52bdc3ff-2613-447e-be21-ad6dee740692"
"6304","Adelantar","سبقت گرفتن","حمل و نقل","۷۱.","a7313208-d763-43b6-bcce-f83904aa2253"
"6305","vehículo adelantado","خودرویی که از آن سبقت گرفته شده","حمل و نقل","","4541aa2f-d48a-4ff6-bafe-c8eabd71c766"
"6306","vehículo que adelanta","خودرویی که سبقت می‌گیرد","حمل و نقل","","9414892e-ae75-41b7-b111-b172cd1d0b5e"
"6307","Cambio de carril","تغییر خط","حمل و نقل","۴۹.","f67774aa-39c7-4daa-b59b-80899a8b0ee1"
"6308","Incorporación","ورود به مسیر (جاده) ، ورود به مسیر","حمل و نقل","جاده
۵۲.
جاده
۲۴.
جاده
۲۴.
جاده
۲۴.
جاده
۲۱.","50e84c72-e39c-495b-9896-905e089c3254"
"6309","salida","خروجی","حمل و نقل","","63532c8a-6887-478e-b1df-5cea31f22563"
"6310","entrada","ورودی","حمل و نقل","","eb872d41-7516-44ed-88c2-d1fa194e4c38"
"6311","sentido de la marcha","جهت حرکت","حمل و نقل","","82044741-7f56-4ac3-b371-87fa5db94123"
"6312","Doble sentido","دوطرفه","حمل و نقل","۷۰.
۶۸.
۶۸.
۴۴.","c1a14555-a864-4abf-ad7c-2475f0ec0d2d"
"6313","Sentido contrario","جهت مخالف","حمل و نقل","۱۲.","62929535-f668-4294-9b27-fbc8e9685bc3"
"6314","circulación","تردد","حمل و نقل","","10d8fc87-c2f8-4d89-8d72-e33fd969d4bc"
"6315","circular","تردد کردن","حمل و نقل","","c129e688-36da-46a2-a969-a08f967a9964"
"6316","detenerse","توقف کردن","حمل و نقل","","a9ce34d1-f139-47cf-8ead-5b51fa908e3e"
"6317","parar","ایستادن، توقف کردن","حمل و نقل","","da93429a-aef9-4b41-aa4c-fd403fa8968e"
"6318","Estacionar","پارک کردن","حمل و نقل","۱۴.
۸.","45138d2e-a185-426d-b648-cf0f1fcd2838"
"6319","aparcar","پارک کردن","حمل و نقل","","7ae9a785-96e9-4937-b90e-fe62ecca787a"
"6320","prohibido aparcar","پارک ممنوع","حمل و نقل","","90367632-316f-4e27-854b-a8eaa356be47"
"6321","prohibido parar","توقف ممنوع","حمل و نقل","","0744e999-b303-41cb-94a0-0674cd8696d8"
"6322","zona de estacionamiento","منطقه‌ی پارک","حمل و نقل","","f0dbb122-7deb-4d9c-a08d-68ce9cb45d4b"
"6323","vehículo","وسیله‌ی نقلیه","حمل و نقل","","767dbf95-846f-4726-85ce-9cb4939707d8"
"6324","Turismo","خودروی سواری","حمل و نقل","۳۹.
۱۰۰.","56abdfbe-81ef-476e-a2d1-de0421a92d56"
"6325","Motocicleta","موتورسیکلت","حمل و نقل","۱۰۱.","e8a9ba98-c63c-43a4-b498-09c464f6c6df"
"6326","Ciclomotor","موتور کم‌حجم (موتورسیکلت کوچک) ، موتور کم‌حجم","حمل و نقل","۱۶.
۲۵.","db76c6e8-43f8-425f-ac5f-0417c4930e96"
"6327","autobús","اتوبوس","حمل و نقل","","7691d007-bd22-4b4f-90ce-9a10c1a5148b"
"6328","vehículo pesado","خودروی سنگین","حمل و نقل","","37490683-27d9-4ac7-aa3c-8e411d0fd4d2"
"6329","vehículo ligero","خودروی سبک","حمل و نقل","","bc19ce2a-854d-4a50-8cd4-c123d404396a"
"6330","semirremolque","نیم‌تریلر","حمل و نقل","","594ce645-caa7-4d4e-b4f8-090c1ffb1934"
"6331","Ciclista","دوچرخه‌سوار","حمل و نقل","۵۵.
۵۴.
۵۴.
۲۲.","6fa61de3-e05d-4e85-93c4-836e2cea8315"
"6332","motorista","موتورسوار","حمل و نقل","","dfc1ea27-8b08-43d8-a886-e23da61b2832"
"6333","carné de conducir","گواهینامه‌ی رانندگی","حمل و نقل","","a64e86bf-9dcd-483a-a97e-72fd3821cf5d"
"6334","Profesor de autoescuela","مربی آموزشگاه رانندگی","حمل و نقل","۴.","767a18de-5fcb-4c2b-8c12-e857a3cf97f6"
"6335","alumno","دانش‌آموز","حمل و نقل","","a9a904d0-ebfe-49d4-b100-7a3c3f57c440"
"6336","Clase práctica","کلاس عملی","حمل و نقل","۷.","22b6ab42-d7ee-4ce3-80f3-d5b085179af9"
"6337","Clase teórica","کلاس تئوری","حمل و نقل","۶.","0c1b39b3-8cb5-48a2-8f0c-99646f763a39"
"6338","respuesta correcta","پاسخ درست","حمل و نقل","","021e38b9-e31e-4726-8897-4f839dd3e2fc"
"6339","respuesta incorrecta","پاسخ نادرست","حمل و نقل","","8fa6a4e0-a4e6-4dde-9523-967b7001c5d4"
"6340","norma de circulación","قانون راهنمایی‌ورانندگی","حمل و نقل","","526a514a-c973-41c6-80f1-8ba8d1e69b31"
"6341","reglamento","آیین‌نامه","حمل و نقل","","116efd85-61b7-4fb8-b9cf-d85919a29e69"
"6342","obligación","الزام","حمل و نقل","","a5e262c0-3f2e-48d1-b850-1fd277acf191"
"6343","prohibición","ممنوعیت","حمل و نقل","","804b93c1-4845-40a3-bb97-ad7ba479a753"
"6344","precaución","احتیاط","حمل و نقل","","66285d3c-ba5b-4ee9-a2ce-2c90039c60a0"
"6345","Peligro","خطر","حمل و نقل","۸.","ecc85caf-964d-4927-b9cf-d6b484cfefb4"
"6346","riesgo","ریسک","حمل و نقل","","98d821d2-6f2c-42ab-9c4e-4b84328610de"
"6347","accidente de tráfico","تصادف رانندگی","حمل و نقل","","a5751c97-33c2-4e15-8a8c-d7f5eeae9ea2"
"6348","Vehículo averiado","خودروی خراب","حمل و نقل","۸.","aab4fef7-877d-4d63-b3a9-a429f0986f32"
"6349","chaleco de alta visibilidad","جلیقه‌ی دید بالا","حمل و نقل","چراغ هشدار V-16 (برای خودروی متوقف)","e946fa57-0bb7-4adc-9904-041196a84cc9"
"6350","Tasa de alcoholemia","میزان الکل خون","حمل و نقل","۶۷.
۷۴.","ff4a58d7-7df2-4bd4-a30f-da056d6cd4fd"
"6351","alcoholemia","الکل خون","حمل و نقل","","264628f8-41ce-4146-8e65-76ac8dd3071d"
"6352","drogas","مواد مخدر","حمل و نقل","","942a8c67-e1b2-4f3a-aa51-ea40331ae9ac"
"6353","fatiga","خستگی","حمل و نقل","","56565ddb-2543-4122-80f0-56af698a1258"
"6354","sueño","خواب‌آلودگی","حمل و نقل","","798ecca4-d3bb-4526-9537-ea039ec48bf8"
"6355","distracción","حواس‌پرتی","حمل و نقل","","26f6cbc5-663e-4c8f-a8e6-b37543583558"
"6356","teléfono móvil","موبایل","حمل و نقل","","d7b040bb-2c53-4531-bad2-3501653ec284"
"6357","Silla infantil","صندلی کودک","حمل و نقل","۷۱.","6a83c331-c823-4045-a67a-bd3145a2dc71"
"6358","niño","کودک","حمل و نقل","","58acb565-6183-40b5-9a02-764e626771d6"
"6359","menor","خردسال، صغیر","حمل و نقل","","5b52c030-554e-4971-98b5-15c64d4f03f5"
"6360","Casco homologado","کلاه ایمنی تأییدشده","حمل و نقل","۷۲.","0f0385b6-1a8f-4f4a-94d0-785750dcd524"
"6361","visión","دید","حمل و نقل","","73a4e1dd-2b23-46a1-af76-0aec4da759e2"
"6362","campo de visión","میدان دید","حمل و نقل","","6a3c3714-f9af-454b-bde0-b1e682ffd8e4"
"6363","ángulo muerto","نقطه‌ی کور","حمل و نقل","","f1eadace-1239-4315-87e4-dd16815a9aef"
"6364","espejo lateral","آینه‌ی بغل","حمل و نقل","","656711a1-7a8b-4b61-9ff4-6f0279ca3d92"
"6365","retrovisor interior","آینه‌ی داخل ماشین","حمل و نقل","","431b8834-286b-4179-b4e8-ede2b4237f84"
"6366","intermitente derecho","راهنمای راست","حمل و نقل","","a66cf465-7f26-4d1d-b2f9-87e9d73f782e"
"6367","intermitente izquierdo","راهنمای چپ","حمل و نقل","","c0d3be04-3006-40cc-95de-cc7ecda038a3"
"6368","girar a la derecha","به راست پیچیدن","حمل و نقل","","aae6a165-25b2-4f54-8f3f-8460bb1cf477"
"6369","Girar a la izquierda","به چپ پیچیدن","حمل و نقل","۱۲.","4ac21a0a-2cb4-4f26-9423-b99bc337e4e3"
"6370","giro","پیچ، گردش","حمل و نقل","","e8b24589-a721-409c-9e8f-fe18e632575e"
"6371","maniobra de estacionamiento","مانور پارک کردن","حمل و نقل","","5ccc7300-aafe-489e-8d34-2e58963f50ec"
"6372","Acelerar","گاز دادن، شتاب گرفتن ، گاز دادن","حمل و نقل","۵۲.","1d05b8f6-c3af-4877-b349-e1cdc2ac8a2e"
"6373","guardar distancia","فاصله را حفظ کردن","حمل و نقل","","c33ae43f-36f9-41e1-8747-45ceed2f40cc"
"6374","respetar la señal","رعایت کردن علامت","حمل و نقل","","8d1b2f8d-db86-40db-937a-4bf45a8e284f"
"6375","obedecer las señales","اطاعت از علائم","حمل و نقل","","d2f29514-4d72-4a3e-98ea-7b5af7938a7d"
"6376","extremar la precaución","نهایت احتیاط را به خرج دادن","حمل و نقل","","63450505-9199-4ee1-a6ec-787f1cd409ff"
"6377","precaución especial","احتیاط ویژه","حمل و نقل","","8fc2e9aa-3176-4732-90db-69079f9fe60d"
"6378","ya está","همین، تمام شد","حمل و نقل","","9c1c7da3-6cdc-4a52-85b5-58b429f85d4b"
"6379","posición","وضعیت ، موقعیت","حمل و نقل","۲.","7bcfd6c3-789c-4cba-a872-e62d91fbcf18"
"6380","corto alcance","برد کوتاه","حمل و نقل","۳.","fc28f43d-c9c9-4a6b-8906-086bdece9fb0"
"6381","luz cruce","نور پایین","حمل و نقل","چراغ
۴.","4d568c23-f572-4c36-bfda-ca95a8727d0c"
"6382","largo alcance","برد بلند","حمل و نقل","۵.","b2a66ac9-1503-4deb-a76b-c1dc2b442fe4"
"6383","luz carretera","نور بالا","حمل و نقل","چراغ
۶.","150e8000-d6d5-4389-bef2-0f103fd664c1"
"6384","largas","نور بالا","حمل و نقل","محاوره‌ای
۷.","08fc5992-ec61-4fba-be3b-40978f5dbb34"
"6385","Poblado","منطقه‌ی مسکونی","حمل و نقل","۸.
۴۱.
۴۰.
۴۰.
۳۱.","5856a16d-34a6-41f6-b6eb-f6e726b79923"
"6386","urbana","شهری","حمل و نقل","۱۰.","2efd4449-7c43-4948-93ac-cefffc1b4efb"
"6387","convencional","معمولی ، متداول","حمل و نقل","۱۱.","15224116-2e58-4062-8143-00f20ce493e6"
"6388","interurbana","برون‌شهری","حمل و نقل","۱۲.","8c9169da-0265-4e3e-a7dc-2415624ae302"
"6389","iluminadas","روشن‌شده","حمل و نقل","جمع، مؤنث
۱۳.","d37de7dc-b336-4a09-a2b1-a894844d62dc"
"6390","obligatoria","اجباری (مؤنث)","حمل و نقل","۱۶.","745127f1-c232-4bc5-9d98-327aca5d9f14"
"6391","opcional","اختیاری","حمل و نقل","۱۷.","c7464057-b9ae-4f69-a9db-90f1aaa2a0ba"
"6392","trasera","عقبی","حمل و نقل","۱۸.","aa6b9e77-8e98-453b-af8a-b0802b5f42a4"
"6393","ligera","سبک (مؤنث)","حمل و نقل","۱۹.","3f639166-525b-4cb1-8629-8e9f1cd27ba2"
"6394","niebla espesa","مه غلیظ","حمل و نقل","۲۰.","b27a7792-bb88-4105-b643-acc740f93454"
"6395","densa","غلیظ (مؤنث)","حمل و نقل","۲۱.","3dd8e571-d7ac-4b13-b392-bb296d93998b"
"6396","intensa","شدید (مؤنث)","حمل و نقل","۲۲.","66af52b2-0513-4a2a-982d-796f5250ffc6"
"6397","nube de polvo","ابر گردوغبار","حمل و نقل","۲۳.","8497d5ef-6089-4520-8925-4a8de3e51c0c"
"6398","advertencia acústica","هشدار صوتی","حمل و نقل","","511ef9f7-8373-428c-b548-190683cb979b"
"6399","Test de conducir","آزمون رانندگی","حمل و نقل","۱۰.","923c6e6c-d844-4d2c-8b88-169848e3ac3a"
"6400","Doble mando","کنترل دوگانه","حمل و نقل","در ماشین آموزشی
۱۲.","9efd84de-f1e4-410e-9dae-eaaf2aa9cc0c"
"6401","Pedal de embrague","پدال کلاچ","حمل و نقل","۱۴.","7f194009-297e-4e20-9928-4851e74b11f3"
"6402","Pedal de freno","پدال ترمز","حمل و نقل","۱۵.","d6e0875b-0d9d-4cd6-95eb-e114f485df2e"
"6403","Pedal de acelerador","پدال گاز","حمل و نقل","۱۶.","69c3baf3-ac3b-443c-848e-667742dfc28d"
"6404","Luces de cruce","نور پایین","حمل و نقل","چراغ
۲۲.","15e93246-3c02-4f47-afc1-e9f89b86129c"
"6405","Luces de carretera","نور بالا","حمل و نقل","چراغ
۲۳.","86f25d5c-9d27-4b5f-951c-792414fd0bf1"
"6406","Luces de posición","چراغ پارک","حمل و نقل","۲۴.","b6cdd034-813c-4c74-8aa8-127110c551da"
"6407","Espejo retrovisor exterior","آینه‌ی بغل","حمل و نقل","۲۷.","7c6333e6-f4d1-4fde-a331-edb187a89bf4"
"6408","Punto ciego","نقطه‌ی کور","حمل و نقل","۲۸.","055fd528-6456-4b77-be54-895a5e685a7f"
"6409","Calado","خاموش شدن ناگهانی موتور","حمل و نقل","۳۱.","09d45082-0f58-4e5c-8c58-0367b6ac60fa"
"6410","Arrancar en pendiente","راه افتادن در سربالایی","حمل و نقل","۳۲.","56c5f76a-1f1b-4fef-819d-318e89b694f3"
"6411","Aparcar en batería","پارک عمود بر جدول","حمل و نقل","۳۳.","a63baf5f-94ac-45b6-ac27-72aea0634df9"
"6412","Aparcar en línea","پارک موازی با جدول","حمل و نقل","۳۴.","f6ce274b-15f9-48a4-b1b6-1199838226aa"
"6413","Giro a la derecha","گردش به راست","حمل و نقل","۵۰.","4a434a15-22c9-4abd-8a7e-ea790618ee11"
"6414","Giro a la izquierda","گردش به چپ","حمل و نقل","۵۱.","7c5c7beb-4082-4967-b38e-3506790c8948"
"6415","Falta leve","خطای جزئی","حمل و نقل","۶۲.","445753b6-b48b-4dba-85dc-c7802dc88a2f"
"6416","Falta deficiente","خطای قابل‌قبول","حمل و نقل","در آزمون، با نقص کوچک
۶۳.","7842f789-bc63-4862-bf1c-3f151bd7e5a3"
"6417","Falta eliminatoria","خطای حذف‌کننده","حمل و نقل","مردودکننده
۶۴.","85f7be03-7a8e-4e82-933b-b2de79ef08eb"
"6418","Apto","قبول ، واجد شرایط","حمل و نقل","۶۵.","64d5be71-618b-4b5b-b649-07008d29ce36"
"6419","No apto","مردود ، فاقد شرایط","حمل و نقل","۶۶.","832ac6a7-d560-4c20-b2a3-0fafcb0b23bf"
"6420","Triángulos de preseñalización","مثلث‌های هشدار اولیه","حمل و نقل","۶۹.","1653b2e7-7420-4832-8b2a-4ca405ea559b"
"6421","Dispositivo V-16 چراغ هشدار V-16 Presión de los neumáticos","فشار باد لاستیک","حمل و نقل","۷۰.
۷۱.","22e19b64-cbce-4b8d-9902-4d3e0432cc4b"
"6422","Nivel de aceite","سطح روغن","حمل و نقل","۷۲.","79621a4c-d73e-4203-ae6d-0e2c1b6aea9f"
"6423","Limpia parabrisas","برف‌پاک‌کن","حمل و نقل","۷۴.","8eeaf034-9c24-468b-b8c6-870502f9ca9a"
"6424","Reglaje de espejos","تنظیم آینه‌ها","حمل و نقل","۷۵.","b08b534c-8abc-4c05-914f-e31f4f2da04d"
"6425","Acomodar el asiento","تنظیم کردن صندلی","حمل و نقل","","63cb4e4f-ff6a-41aa-91c5-96b0d49c8733"
"6426","Elemento reflectante","عنصر بازتاب‌دهنده‌ی نور","حمل و نقل","۳.","9d25317a-47e5-42f7-9186-efd036ece5af"
"6427","Usuarios vulnerables","کاربران آسیب‌پذیر جاده","حمل و نقل","عابران، دوچرخه‌سواران و...
۴.
۴.
۴.","37cc7903-fca2-48ad-926f-810abebc2452"
"6428","Rebasamiento","سبقت گرفتن ، سبقت گرفتن (اسم)","حمل و نقل","مترادف
۶.
۲۰.","e31b76e4-7510-4fb9-a0c4-598c76090950"
"6429","Vehículo inmovilizado","خودروی متوقف‌شده","حمل و نقل","۷.
۱۴.","3fb11e89-824d-4948-a650-3752feeb9c62"
"6430","Vehículo accidentado","خودروی تصادف‌کرده","حمل و نقل","۹.","d7e1bd8b-2b63-4d94-9e21-1fa4daf1e3c0"
"6431","Servicio de auxilio en carretera","خدمات امداد جاده‌ای","حمل و نقل","۱۰.","6ef895d4-3a27-4ce8-953f-a7c66f313680"
"6432","Separación mínima","حداقل فاصله","حمل و نقل","۱۱.","93eed59d-1f47-4e51-9075-f61fe815954c"
"6433","Reducción de velocidad","کاهش سرعت","حمل و نقل","۱۳.","8aa03237-9828-41b5-a144-53af52d5098b"
"6434","Ciclo","دوچرخه","حمل و نقل","اصطلاح رسمی
۱۵.
رسمی
۲۴.","1a0eb7cc-31e3-42aa-90e5-32083efa19f3"
"6435","Vehículo de movilidad personal","وسیله‌ی نقلیه‌ی شخصی","حمل و نقل","مثل اسکوتر برقی
۱۷.
اسکوتر برقی و...
۱۷.
اسکوتر برقی و...
۱۷.
۲۶.","d66d34a1-0515-4df7-8df8-94a86371c962"
"6436","Tracción animal","وسیله‌ی حیوان‌کش","حمل و نقل","گاری و...
۱۸.
۱۸.
۱۸.
۲۸.","d6594edf-a4fd-4c03-9a0e-ff8a1b6c2ef9"
"6437","Vehículos especiales","خودروهای ویژه","حمل و نقل","۱۹.
۲۹.","5ca98071-6b0c-46d7-8ed5-9134e121b5ce"
"6438","Tractor agrícola","تراکتور کشاورزی","حمل و نقل","۲۰.","0f2a2326-03f7-4b04-a03c-607d167bd1a7"
"6439","Maniobras básicas","مانورهای پایه","حمل و نقل","۲۳.","8c64c935-fa09-4d00-9492-842a848fb1a9"
"6440","Regla RSM قانون «آینه-سیگنال-مانور» (Retrovisor-Señal-Maniobra) Retrovisor","آینه‌ی عقب","حمل و نقل","۲۵.
۲۶.","0f37072b-be3b-4abc-84fa-d6cce7656056"
"6441","Señales con el brazo","علامت‌دادن با دست","حمل و نقل","۲۹.","f776d362-59a3-4531-b8e4-685ba52c3504"
"6442","Prevalencia de señales","اولویت‌بندی علائم راهنمایی","حمل و نقل","۳۱.","3c12f67a-99a8-4dbf-9bf0-ba36c5dad6db"
"6443","Visibilidad","دید ، میدان دید","حمل و نقل","۳۲.
۴۶.","87558d92-5953-4082-b871-1b6366eaa01c"
"6444","Vía principal","جاده‌ی اصلی","حمل و نقل","۳۳.
۳۲.
۳۲.","43710159-76e3-47b6-9e6d-c80a67daf021"
"6445","Camino privado","راه خصوصی","حمل و نقل","۳۴.
۳۳.
۳۳.","5e78fe26-f6a9-439b-8e4c-7d29c28fb432"
"6446","Vía privada","مسیر خصوصی","حمل و نقل","۳۵.
۳۴.
۳۴.","e7bf0ce1-a6d7-4866-ba21-a4335d473e67"
"6447","Zona urbana","منطقه‌ی شهری","حمل و نقل","۴۰.
۳۹.
۳۹.","f31f1b83-fcf1-43d1-984c-45d32581c55d"
"6448","Adelantar por la derecha","سبقت گرفتن از سمت راست","حمل و نقل","۴۸.
۱۱.","1c627fd8-1c54-400a-b7df-68596130fb6a"
"6449","Vehículo detenido","خودروی متوقف","حمل و نقل","۴۹.
۱۵.","2ef42c1a-a57e-4bf2-b38f-9cfaf3b7be4a"
"6450","Situación de emergencia","وضعیت اضطراری","حمل و نقل","۵۰.
۱۶.","92dec8fe-15b3-46bd-9120-12d8e0163259"
"6451","Mucho tráfico","ترافیک سنگین","حمل و نقل","۵۱.","5dd9524b-8267-4fd0-a11f-c1680883679b"
"6452","Retención","توقف ، کندی ترافیک","حمل و نقل","۵۳.
۵۲.
۵۲.","7db2fd3e-eb8a-46d4-be0a-adcf4102b05d"
"6453","Carril principal","خط اصلی","حمل و نقل","۵۴.
۵۳.
۵۳.","b4189a20-5525-47ac-b332-6c9a12fd4518"
"6454","Vías interurbanas","راه‌های برون‌شهری","حمل و نقل","۵۶.
۳۰.","c1e17138-1733-451b-92f4-74320704434f"
"6455","Obstáculo","مانع","حمل و نقل","۵۷.
۳۲.","20af32e1-c7a2-451e-9a5f-2e1229ecf73a"
"6456","Carril de emergencia","خط اضطراری","حمل و نقل","۵۸.","0334ae47-f501-416e-bf1b-2c0fa468adaa"
"6457","Servicios de emergencia","خدمات اضطراری","حمل و نقل","۵۹.
۳۵.","c0b79029-cebb-4d2d-9c68-1db3025ca4cc"
"6458","Advertir el adelantamiento","اعلام قصد سبقت","حمل و نقل","۶۰.","b5549e62-72be-49fe-92e7-eeac7bdc77e1"
"6459","Ráfagas de luz","چشمک زدن چراغ","حمل و نقل","برای هشدار
۶۱.
۶۱.
۶۱.
۳۶.","29a9abed-d5ed-48c8-9903-c42f8307af68"
"6460","Pito","بوق","حمل و نقل","محاوره‌ای
۶۳.
محاوره‌ای
۳۸.","3884d7b4-1728-425b-88d7-fd278f04e809"
"6461","Señales acústicas","علائم صوتی","حمل و نقل","۶۴.
۶۳.
۶۳.
۳۹.","b98aad98-fd69-4cb5-9af6-ca77927041ca"
"6462","Carril central","خط وسط","حمل و نقل","۶۵.
۶۴.
۶۴.
۳۴.","3466dff9-b8c9-4141-a90e-3ffef68af84d"
"6463","Carril izquierdo","خط چپ","حمل و نقل","۶۶.
۶۵.
۶۵.
۴۲.","1c0bb90e-118a-465e-97ac-24ebb8fb713f"
"6464","Carril inmediato","نزدیک‌ترین خط","حمل و نقل","۶۷.","18192b08-2638-47e8-82ed-f6f2f0dac39d"
"6465","Vía de tres carriles","جاده‌ی سه‌خطه","حمل و نقل","۶۸.
۶۷.
۶۷.
۴۳.","6acc4dd3-48b4-4a0a-b5c0-4ad5d7da8f7d"
"6466","Carril de la muerte","خط مرگ","حمل و نقل","خط وسط در جاده‌ی دوطرفه
۶۹.","ffb1dfe5-8339-4a64-9132-2fb06709bda4"
"6467","Rebasar","سبقت گرفتن","حمل و نقل","مترادف
۷۲.
مترادف
۱۹.","24319147-d8d1-4443-9fb8-37b52ab65189"
"6468","Carril derecho","خط راست","حمل و نقل","۷۴.
۶۶.
۶۶.
۴۱.","658e833c-0234-49e2-8f15-ef25a56e44af"
"6469","Metro y medio","یک‌متر‌ونیم","حمل و نقل","فاصله‌ی استاندارد سبقت از دوچرخه‌سوار
۷۶.","b82f9b1b-20fb-4d5f-9f2b-23a51f73ee9a"
"6470","Fuera de poblado","خارج از منطقه‌ی مسکونی","حمل و نقل","۷۸.","354002c1-e277-448a-a086-540452511839"
"6471","Seguridad","ایمنی","حمل و نقل","۸۳.","bf6eece4-dfbd-4e5e-a826-7ed11171e44d"
"6472","Regla RSM","قانون «آینه-سیگنال-مانور»","حمل و نقل","۲۵.
۴۷.","3af04dd8-dfb4-4dbe-8d5f-b297beeb6e96"
"6473","Vehículos prioritarios","خودروهای دارای حق تقدم","حمل و نقل","آمبولانس و...
۶۰.","10be8270-05a8-4ec1-8353-8e6b98d5edf1"
"6474","Dispositivo de retención infantil","سیستم نگه‌دارنده‌ی کودک","حمل و نقل","۷۰.","d190bda0-554a-48a2-be06-71540ac56821"
"6475","Casco obligatorio","کلاه ایمنی اجباری","حمل و نقل","۷۲.","4e800fd8-638d-44d7-8ca8-09a35f9081e8"
"6476","Guantes obligatorios","دستکش اجباری","حمل و نقل","۷۴.","8635b0e9-4f66-41f4-ae21-9fead34232f7"
"6477","Acera bici","پیاده‌روی ویژه‌ی دوچرخه","حمل و نقل","۷۶.","071ffdde-38b0-42f1-a0b7-f93f1edd4a58"
"6478","Tráfico motorizado","ترافیک موتوری","حمل و نقل","۷۷.","4d638037-d708-4a05-9f9a-2d90fd966178"
"6479","Distancia frontal","فاصله‌ی جلویی","حمل و نقل","۷۸.","63024d6c-523b-4ad2-820f-8802ee3a6138"
"6480","Acampada","اردوزنی ، چادرزنی","حمل و نقل","۸۳.","5006685d-ec96-48a1-9863-5aa75d582446"
"6481","Autocaravana","کاروان مسافرتی","حمل و نقل","۸۴.","87ad20f6-aba5-41a5-b1e1-49f57c21530f"
"6482","Ordenanza municipal","مصوبه‌ی شهرداری","حمل و نقل","۸۵.","efcb634f-89f8-40ad-b204-e03772659465"
"6483","Reglamento General de Circulación","آیین‌نامه‌ی عمومی راهنمایی‌ورانندگی","حمل و نقل","۸۶.","44807b98-f623-458b-b4c6-04b05635071a"
"6484","Camino escolar seguro","مسیر ایمن مدرسه","حمل و نقل","۸۷.","841e2fe7-7b03-45a2-96da-bb8de1a7be6d"
"6485","Calmado de tráfico","آرام‌سازی ترافیک","حمل و نقل","۸۸.","7320d2ee-172b-4e0f-b1fa-d6d588284cca"
"6486","Autobús interurbano","اتوبوس برون‌شهری","حمل و نقل","۸۹.","e72261c9-83a9-49cc-8a1e-b7e94d8a08a5"
"6487","Detector de radar","آشکارساز رادار","حمل و نقل","۹۰.","7f2f575a-e9e7-4325-8676-2b90acbf94dc"
"6488","Avisador de radar","هشداردهنده‌ی رادار","حمل و نقل","۹۱.","e05275b0-2ffd-41f8-b009-fd5f5848c6aa"
"6489","Inhibidor de radar","مسدودکننده‌ی رادار","حمل و نقل","۹۲.","abbaf210-f074-4622-8a71-500afe29e54d"
"6490","Luz amarilla intermitente","چراغ زرد چشمک‌زن","حمل و نقل","۹۳.","41b42911-81f0-455a-bd44-a6784055f4e2"
"6491","Persona con movilidad reducida","فرد دارای معلولیت حرکتی","حمل و نقل","","5ef89d54-6f5e-474f-846a-feacdc5157cf"
"6492","Normal","عادی ، طبیعی","عمومی","۲.","baf36a70-0468-432b-942d-74077211be81"
"6493","Olvidarse","فراموش کردن","عمومی","۳.","48bb97cf-11f0-43d3-b7bb-84d49d780fb7"
"6494","Diferenciar","تفاوت قائل شدن ، تشخیص دادن","عمومی","۴.","9e74cb4f-2181-441c-8c73-a1a962009fca"
"6495","Excepciones","استثناها","عمومی","۵.","93393835-ac4b-445a-8e97-68f8c0bc1b02"
"6496","Movimiento","حرکت","عمومی","۶.","c839f456-59b0-43d3-9ef9-ad827686f945"
"6497","Cerciorarse","مطمئن شدن","عمومی","۷.","0437aa7b-7fa5-4621-b81c-f98a43903e82"
"6498","Ocupantes","سرنشینان","عمومی","۹.","f90c6825-3ba7-436f-85f9-06c8285b19b9"
"6499","Plataforma","سکو ، پلتفرم","عمومی","۱۰.","e708e05a-c1bb-40b3-b061-784d6812fee0"
"6500","Muro","دیوار","عمومی","۱۱.","a91a40af-b762-438a-b6eb-9db17b922715"
"6501","Perturbar","مختل کردن","عمومی","۱۲.","4da95a71-5be6-415f-a41c-2659fbc5bbc0"
"6502","Ejemplo","مثال","عمومی","۱۳.","dea9f85c-0c18-4a9a-8580-78224db876bc"
"6503","Dudas","تردیدها ، سؤال‌ها","عمومی","۱۴.","8e786011-3d45-494e-8dfd-6179aff438c4"
"6504","Palma de la mano","کف دست","عمومی","۱۵.","5fc70485-011e-40c9-be34-b6dabaf48476"
"6505","Hueco","فضای خالی","عمومی","۱۶.","fde433ec-72da-434d-b241-b83d051d903b"
"6506","Salir","خارج شدن","عمومی","۱۹.","e7bda686-d8aa-4c01-b4a0-21908889c0e3"
"6507","Cruzar","عبور کردن","عمومی","۲۰.","e17c128b-1f1f-4b3b-b2de-832dfffcf61b"
"6508","Modificaciones","تغییرات","عمومی","۲۱.","345be54f-819c-43a9-ab61-7dcffc261117"
"6509","Minutos decisivos","دقایق تعیین‌کننده","عمومی","۲۲.","b35dcca9-5cda-48c2-b5e5-ac55324a45dc"
"6510","Borde derecho","لبه‌ی سمت راست","عمومی","۲۴.","73fabc0a-0208-4fd6-9ef8-78146723ee24"
"6511","Facilitar","آسان کردن","عمومی","۲۵.","ac794507-4770-4e0e-a39c-9bd098e63b55"
"6512","Estricto","سخت‌گیر","عمومی","۲۶.","3d9ccd6b-91d2-4889-9600-f788606e3c55"
"6513","Privilegio","امتیاز ویژه","عمومی","۲۷.","58ad6be4-b179-4bf7-b626-c4901b92c288"
"6514","Proporcional","متناسب","عمومی","۲۸.","4f68453b-0eb8-4043-ba0f-c921b3de8268"
"6515","Anchura","عرض ، پهنا","عمومی","۲۹.","c55d2695-856f-4eab-89b4-3b55166c55aa"
"6516","Certificado médico","گواهی پزشکی","عمومی","۳۰.","3e721f33-a140-42eb-aef4-6bb0d75689bf"
"6517","Autoridad municipal","مقام شهرداری","عمومی","۳۱.","53e848f8-c1bd-4bf2-a9cb-27608e45fc20"
"6518","En paralelo","به‌صورت موازی","عمومی","۳۲.","d9222246-2c1a-403d-adc6-8b9e058b34bd"
"6519","Dificultad","دشواری","عمومی","۳۴.","f3b258dc-9ff3-4dbc-95b5-06099c2e827b"
"6520","Vía estrecha","مسیر باریک","حمل و نقل","۳۵.
۶۰.","2080cffa-0e60-49cc-aba6-f35d02d26ca8"
"6521","Túnel","تونل","حمل و نقل","۳۶.
۶۱.","f7393d45-417e-4f6d-83cd-e498cbd6a717"
"6522","Sencillo","ساده","عمومی","۳۷.","92c3cef6-f14c-4530-969a-61914a46ea81"
"6523","Dotación","تجهیزات ، امکانات","عمومی","۳۸.","6e9bd69d-6e2b-45fc-8669-2a97a4d47577"
"6524","Vía pública","راه عمومی","عمومی","۴۲.","93eaac3b-3fe9-4427-be0c-d64473cc754e"
"6525","Competente","صلاحیت‌دار","عمومی","۴۳.","b3821c1e-37f1-4283-ba10-465196839150"
"6526","Construcción","ساخت‌وساز","عمومی","۴۴.","d87eb8f8-9594-4a53-9c82-039ae40814ad"
"6527","Motor eléctrico","موتور برقی","عمومی","۴۵.","2d93fd87-f790-4553-a2f0-09d3a845544b"
"6528","Moderación","اعتدال ، میانه‌روی","عمومی","۴۶.","b2d1fb3c-59dd-4b88-9122-80b4984f02c8"
"6529","Acompañado","همراهی‌شده","عمومی","۴۷.","faefe5c7-52f9-4441-b5bf-a77052a362a5"
"6530","Espacio reservado","فضای رزروشده","عمومی","۴۸.","e1ab8bf8-b9e5-4da4-9d36-62a3810f3eea"
"6531","Inmueble","ملک ، ساختمان","عمومی","۴۹.","d8e7ec5a-9d86-4c9b-8688-540de6cfb48d"
"6532","Banco","بانک؛ نیمکت","عمومی","۵۰.","37786067-6696-4011-a2a9-67b781444e13"
"6533","Infracciones","تخلفات","عمومی","۵۱.","d14e1bb3-478f-4106-b264-477b4aacf870"
"6534","Habitáculo","فضای داخلی","عمومی","ماشین
۵۲.","e79aa19e-2545-4607-98d0-b80ce01b5402"
"6535","Fluidos","مایعات","عمومی","۵۳.","1d68b64d-a3b4-44fc-a9bc-ffdca5418716"
"6536","Marco estatal","چارچوب دولتی","عمومی","۵۵.","4ba66fd6-1e79-48ea-9543-bf0bc84dc86c"
"6537","Pasajeros de pie","مسافران ایستاده","عمومی","۵۶.","f3ea47b6-5226-4f4f-b8b7-afeda9d81912"
"6538","Alarma","آلارم ، هشدار","عمومی","۵۷.","f63980bf-6b79-4f99-a3d7-8b6ed3051597"
"6539","Circuito","مسیر دایره‌ای ، پیست","عمومی","۵۸.","0bd442be-9724-4a73-afa5-ad9b730a9131"
"6540","Texto legal","متن قانونی","عمومی","","8c35b1ed-40eb-4747-ab17-873b9d682658"
"6541","Tráfico","ترافیک","حمل و نقل","۱۸.","06327530-3f94-49ba-9904-15d02f5f92a1"
"6542","Desplazamiento lateral","جابه‌جایی جانبی","حمل و نقل","۵۱.","06d7a771-b6f5-4ec8-9286-f169672f74f7"
"6543","Vehículo de grandes dimensiones","خودروی بزرگ","حمل و نقل","ابعاد زیاد
۵۵.","791db101-3a80-439b-adf6-a829166ce3bc"
"6544","Facilitar el adelantamiento","آسان کردن سبقت","حمل و نقل","۵۶.","ed91f802-3147-4625-aba3-fefa8400b1da"
"6545","Curso de recuperación de puntos","دوره‌ی بازگردانی امتیاز","حمل و نقل","۶۷.","c6379eba-6174-47d1-905d-96993a0100ea"
"6546","Retirada de puntos","کسر امتیاز","حمل و نقل","۷۰.","a17daf3d-61e2-4d1f-b122-a1786cba1773"
"6547","Auriculares","هدفون","حمل و نقل","۷۳.","8fc041ff-9116-4764-a104-1ba6e4b4b7cc"
"6548","Conductor novel","راننده‌ی تازه‌کار","حمل و نقل","۷۵.","381a3f4e-eba4-4566-a6c4-ee5209eeab8e"
"6549","Prueba de alcoholemia","آزمایش الکل خون","حمل و نقل","۷۶.","02fd3be2-68bb-4480-9efa-b3154b2f9145"
"6550","Control de velocidad","کنترل سرعت","حمل و نقل","۷۷.","b62ffda7-e0e1-4fae-a460-9362d8dfc63c"
"6551","Radar","رادار","حمل و نقل","۷۸.","f5f1ff26-ecbc-4e84-b57a-78aa84167256"
"6552","Vehículo agrícola","خودروی کشاورزی","حمل و نقل","۷۹.","32ffb205-126f-463c-81b1-97e1e112ccae"
"6553","Centímetros cúbicos","سانتی‌متر مکعب","حمل و نقل","حجم موتور
۸۱.","a7f36eeb-b4c1-414b-823e-528db54422cc"
"6554","Potencia","قدرت ، توان","حمل و نقل","موتور
۸۲.","92ef73db-9ea2-41ba-b415-12908ec8c270"
"6555","Permiso A1 گواهینامه‌ی A1 Permiso A2 گواهینامه‌ی A2 Permiso A گواهینامه‌ی A Permiso B گواهینامه‌ی B Masa máxima autorizada","حداکثر وزن مجاز","حمل و نقل","۸۳.
۸۴.
۸۵.
۸۶.
۸۷.","a25abedf-b936-4fe5-a878-167cc4eaaa8f"
"6556","Vehículo híbrido","خودروی هیبریدی","حمل و نقل","۸۸.","90f727b9-4382-40b4-a928-94230217adf2"
"6557","Renovación del permiso","تمدید گواهینامه","حمل و نقل","۸۹.","d2734760-3750-4be3-bbe3-957aa60b9013"
"6558","Prueba psicotécnica","آزمون روان‌سنجی","حمل و نقل","۹۱.","31ac89f8-a382-4c86-ad6d-bbd8a1f407a5"
"6559","Duplicado del permiso","المثنای گواهینامه","حمل و نقل","۹۳.","048e1b8e-3457-40af-8eef-08dde4130c40"
"6560","Inspección Técnica de Vehículos","بازرسی فنی خودرو","حمل و نقل","۹۵.","00206eed-4aeb-4b74-8f9c-07ad4d7f23f1"
"6561","Número de bastidor","شماره‌ی شاسی","حمل و نقل","۹۶.","5223c3e3-9928-42d2-9fbc-7c0a277aa5fa"
"6562","Número de chasis","شماره‌ی شاسی","حمل و نقل","مترادف
۹۷.","4cdd4cb4-04a8-4274-a276-6212e2d0f24e"
"6563","Primera matriculación","اولین پلاک‌گذاری","حمل و نقل","۹۸.","911ad05a-047d-472c-821e-a1c3e2464967"
"6564","Matriculación","پلاک‌گذاری","حمل و نقل","۹۹.","84cd86c7-50cd-4d5f-bd8a-e0597667f7b8"
"6565","Furgoneta","ون ، وانت سرپوشیده","حمل و نقل","۱۰۲.","d564b8a9-1326-4a08-abe1-4be7b005b1ac"
"6566","Resultado favorable","نتیجه‌ی مثبت","حمل و نقل","۱۰۳.","eda64f18-595f-4e0e-99c4-6614edcf1357"
"6567","Resultado desfavorable","نتیجه‌ی منفی","حمل و نقل","۱۰۴.","991e35ca-61df-4c43-9243-7fe04d0707d8"
"6568","Defecto grave","نقص شدید","حمل و نقل","۱۰۵.","e6130448-8a39-4534-9cde-8f0a299335d3"
"6569","Ficha técnica","برگه‌ی مشخصات فنی","حمل و نقل","۱۰۶.","ca7a3b78-91c8-470f-9032-207ba2a03eec"
"6570","Pegatina de la ITV","برچسب معاینه‌ی فنی","حمل و نقل","۱۰۷.","abf2083d-8b34-4521-8186-6c36c77f9ed7"
"6571","Profundidad del dibujo del neumático","عمق آج لاستیک","حمل و نقل","۱۰۸.","eefc5671-a78b-456a-8788-dfd05e7ef074"
"6572","actualmente","در حال حاضر ، اکنون","عمومی","","b3713e73-b5c3-4d90-b74e-0c674d3910a9"
"6573","actuales","فعلی ، کنونی","عمومی","","9333aff9-62a8-4336-8f5c-fe827b42338a"
"6574","sucede","اتفاق می‌افتد ، رخ می‌دهد","عمومی","","6d573cf8-4681-4fd6-94e6-0abfb9824cb5"
"6575","sita","واقع در ، مستقر","عمومی","","c24d6b68-f6c3-4836-895b-4c38f09f5a24"
"6576","desaparecer","ناپدید شدن ، غیب شدن","عمومی","","01ff37a5-109f-4f05-b7c6-2dfee9f0f6b3"
"6577","reto","چالش","عمومی","","2a3b329c-6c1a-407f-aa6b-336d31eda5d0"
"6578","situación","وضعیت ، موقعیت","عمومی","","e6595ab6-28e1-4f1c-9110-f2595b9aaaa5"
"6579","impuesto","مالیات ، تحمیل شده","عمومی","","9d1475e1-cc78-458d-a396-ab7b2fabfdcc"
"6580","forma","شکل ، فرم ، راه ، روش","عمومی","","678074dd-ceec-4e0b-a14a-334536a28000"
"6581","ceremonia","مراسم ، جشن","عمومی","","1daf68d1-55f1-4269-a6b8-cc25a9ff1f18"
"6582","alcanzar","رسیدن به ، دست یافتن به","عمومی","","21472b98-a0e5-4f06-938e-c798f455aab3"
"6583","bucear","غواصی کردن","عمومی","","d5387bea-73e6-4bee-ab4c-6d5dfc68af6d"
"6584","ejercito","تمرین می‌کنم ، به کار می‌بندم","عمومی","","717fd178-3bd1-460f-a830-285c9ffff7a5"
"6585","frase","جمله ، عبارت","عمومی","","436ffcde-3c38-4334-ae4a-476debf0bf49"
"6586","repaso","مرور ، بازبینی","عمومی","","13c1d0d3-a827-4385-9e1c-84283088b548"
"6587","efímero","گذرا ، زودگذر","عمومی","","1130ce00-7340-400f-81b8-442c230bb35e"
"6588","me he","من به خودم ... کرده‌ام","عمومی","","625346ae-a33f-4e2e-80b7-3cbf156974d9"
"6589","me ha","او به من ... کرده است","عمومی","","2ff991cb-492e-4683-aa93-866cbf27c724"
"6590","fantasma","روح ، شبح","عمومی","","8a9360fe-be00-4c43-bcd9-8e49689c69b8"
"6591","aprueba","تصویب می‌کند ، قبول می‌شود","عمومی","","1a7af1b7-f7d0-4ad5-b851-367da469f923"
"6592","recuerda","به یاد می‌آورد ، به یاد بیاور","عمومی","","63aa65d9-4b93-43d0-92a4-8b286e13fb9d"
"6593","premios","جوایز ، پاداش‌ها","عمومی","","73b09800-28ce-4d3e-954e-9d5cbd31f078"
"6594","chismosa","خاله‌زنک ، اهل غیبت","عمومی","","b2780bdc-6d6b-4d37-98aa-495b0926dd5b"
"6595","distraída","حواس‌پرت ، گیج","عمومی","","588b30b2-84fe-4a37-821c-1a5fb7f1f7bc"
"6596","apuntes","یادداشت‌ها ، جزوه","عمومی","","ab22e1d2-3f44-4eb5-a3b8-ecbfb3d4af93"
"6597","lección","درس ، عبرت","عمومی","","756b5ff4-e33a-42f2-a2a3-add70083a813"
"6598","reunión","جلسه ، گردهمایی","عمومی","","9de3112c-856e-4dc0-82fe-e11f8c4c758b"
"6599","ingredientes","مواد لازم ، ترکیبات","عمومی","","c3319c22-f2d7-4f3d-aa80-59efbc66be4a"
"6600","pizarra","تخته سیاه ، تخته وایت‌برد","عمومی","","776d3b80-03e6-48a1-92d6-588794504817"
"6601","apuntar","یادداشت کردن ، نشانه گرفتن ، اشاره کردن","عمومی","","24ad8596-7157-4ec6-a609-dfc2459f8197"
"6602","cúrcuma","زردچوبه","عمومی","","2ca531e5-6c17-441b-a809-8c5c6b8c22db"
"6603","canela","دارچین","عمومی","","b6a02664-97f1-4a4c-a878-0d74f82ec795"
"6604","cardamomo","هل","عمومی","","022446b1-4bae-44e0-942b-402e597b9d04"
"6605","atiéndelo","به او پاسخ بده ، به او رسیدگی کن","عمومی","","7c55d295-307b-4371-945b-c8886f283b20"
"6606","inventar","اختراع کردن ، از خود درآوردن","عمومی","","91d4394e-fc38-4887-a11b-8dd63162bfeb"
"6607","improvisar","بدیهه‌سرایی کردن ، سرِ پا سرهم کردن","عمومی","","ae02a0dd-a95b-42f6-803b-f7049db79435"
"6608","inmersión","غوطه‌وری ، فرو رفتن در آب","عمومی","","f2bcb9ea-acf0-40f1-9041-4190099c470c"
"6609","cintenido (contenido)","محتوا ، مضمون","عمومی","","289f3435-bcf2-42c1-aac6-e3adf286f57d"
"6610","intentda (intentada)","تلاش شده ، قصد شده","عمومی","","7b819469-39fe-4c15-ab99-e2c7886cda6d"
"6611","confio (confío)","اعتماد دارم ، امیدوارم","عمومی","","eb3fca42-3355-438c-bde8-6bf77842f9f9"
"6612","extendidos","گسترش‌یافته ، پهن‌شده","عمومی","","13af5f0d-dd92-40eb-b4b9-be5e3a3d2350"
"6613","saltes","بپری ، رد کنی","عمومی","","cf21d7d9-2fe3-40d8-a3f0-20f8b847f814"
"6614","inquieta","ناآرام ، مضطرب","عمومی","","17016913-4db2-4625-a822-7c70dabc1c09"
"6615","respirara","نفس می‌کشید","عمومی","","6ff6129d-fd3b-4a29-b52c-c7f89028bdb6"
"6616","chistes","جوک‌ها ، لطیفه‌ها","عمومی","","95b11de9-fd12-44b2-8f66-5dafcef1407a"
"6617","armar","سرهم کردن ، مسلح کردن ، به راه انداختن","عمومی","","49286fda-c159-4474-a8de-38cc284c009a"
"6618","borrar","پاک کردن ، حذف کردن","عمومی","","806d24ed-9c82-4738-b788-230e72ffa9e2"
"6619","misa","مراسم میسا ، مراسم مذهبی","عمومی","","e827aea0-01ed-4ad8-a193-835042e32f5f"
"6620","corrijo","تصحیح می‌کنم","عمومی","","94c6b85a-29a4-4566-a227-ec70f9bd0621"
"6621","corriges","تصحیح می‌کنی","عمومی","","08c9fe04-185b-4eeb-896b-793d8e790a39"
"6622","eliminar","حذف کردن ، از بین بردن","عمومی","","40dcfb61-30f8-4d7d-9365-b11261e9af52"
"6623","tarea","تکلیف ، وظیفه ، کار","عمومی","","812d8a63-7cf3-4d69-9867-0a89c117fe83"
"6624","entregar","تحویل دادن ، ارائه دادن","عمومی","","cd87be56-4ae7-4f4e-a5a7-958f5abe7940"
"6625","confianza","اعتماد ، اطمینان","عمومی","","21c642ba-4e0b-4483-b139-def886f47229"
"6626","por si acaso","محض احتیاط ، برای روز مبادا","عمومی","","ef82f19f-d96d-4b12-a730-f1dc057396d0"
"6627","admite","می‌پذیرد ، اعتراف می‌کند ، راه می‌دهد","عمومی","","ef16e987-b039-4047-bf19-b6b4aa113737"
"6628","riendo","در حال خندیدن","عمومی","","006e21be-258d-4fb6-9db2-f2d66d12d73c"
"6629","avanza","پیشروی می‌کند ، جلو می‌رود","عمومی","","a53e6d84-433f-4b37-88cd-b1f0f6673931"
"6630","sentido","حس ، معنی ، مفهوم ، جهت ، مسیر","عمومی","","a8b0fbce-b293-4868-b6b2-5544f3b3fd04"
